1721546807829,0.0
1721546811829,0.0
1721546815829,0.0
1721546819829,0.0
1721546823829,0.0
1721546827829,0.0
1721546831829,0.0
1721546835829,0.0
1721546839829,0.0
1721546843829,0.0
1721546847829,0.0
1721546851829,0.0
1721546855829,0.0
1721546859829,0.0
1721546863829,0.0
1721546867829,0.0
1721546871829,0.0
1721546875829,0.0
1721546879829,0.0
1721546883829,0.0
1721546887829,0.0
1721546891829,0.0
1721546895829,0.0
1721546899829,0.0
1721546903829,0.0
1721546907829,0.0
1721546911829,0.0
1721546915829,0.0
1721546919829,0.0
1721546923829,0.0
1721546927829,0.0
1721546931829,0.0
1721546935829,0.0
1721546939829,0.0
1721546943829,0.0
1721546947829,0.0
1721546951829,0.0
1721546955829,0.0
1721546959829,0.0
1721546963829,0.0
1721546967829,0.0
1721546971829,0.0
1721546975829,0.0
1721546979829,0.0
1721546983829,0.0
1721546987829,0.0
1721546991829,0.0
1721546995829,0.0
1721546999829,0.0
1721547003829,0.0
1721547007829,0.0
1721547011829,0.0
1721547015829,0.0
1721547019829,0.0
1721547023829,0.0
1721547027829,0.0
1721547031829,0.0
1721547035829,0.0
1721547039829,0.0
1721547043829,0.0
1721547047829,0.0
1721547051829,0.0
1721547055829,0.0
1721547059829,0.0
1721547063829,0.0
1721547067829,0.0
1721547071829,0.0
1721547075829,0.0
1721547079829,0.0
1721547083829,0.0
1721547087829,0.0
1721547091829,0.0
1721547095829,0.0
1721547099829,0.0
1721547103829,0.0
1721547107829,0.0
1721547111829,0.0
1721547115829,0.0
1721547119829,0.0
1721547123829,0.0
1721547127829,0.0
1721547131829,0.0
1721547135829,0.0
1721547139829,0.0
1721547143829,0.0
1721547147829,0.0
1721547151829,0.0
1721547155829,0.0
1721547159829,0.0
1721547163829,0.0
1721547167829,0.0
1721547171829,0.0
1721547175829,0.0
1721547179829,0.0
1721547183829,0.0
1721547187829,0.0
1721547191829,0.0
1721547195829,0.0
1721547199829,0.0
1721547203829,0.0
1721547207829,0.0
1721547211829,0.0
1721547215829,0.0
1721547219829,0.0
1721547223829,0.0
1721547227829,0.0
1721547231829,0.0
1721547235829,0.0
1721547239829,0.0
1721547243829,0.0
1721547247829,0.0
1721547251829,0.0
1721547255829,0.0
1721547259829,0.0
1721547263829,0.0
1721547267829,0.0
1721547271829,0.0
1721547275829,0.0
1721547279829,0.0
1721547283829,0.0
1721547287829,0.0
1721547291829,0.0
1721547295829,0.0
1721547299829,0.0
1721547303829,0.0
1721547307829,0.0
1721547311829,0.0
1721547315829,0.0
1721547319829,0.0
1721547323829,0.0
1721547327829,0.0
1721547331829,0.0
1721547335829,0.0
1721547339829,0.0
1721547343829,0.0
1721547347829,0.0
1721547351829,0.0
1721547355829,0.0
1721547359829,0.0
1721547363829,0.0
1721547367829,0.0
1721547371829,0.0
1721547375829,0.0
1721547379829,0.0
1721547383829,0.0
1721547387829,0.0
1721547391829,0.0
1721547395829,0.0
1721547399829,0.0
1721547403829,0.0
1721547407829,0.0
1721547411829,0.0
1721547415829,0.0
1721547419829,0.0
1721547423829,0.0
1721547427829,0.0
1721547431829,0.0
1721547435829,0.0
1721547439829,0.0
1721547443829,0.0
1721547447829,0.0
1721547451829,0.0
1721547455829,0.0
1721547459829,0.0
1721547463829,0.0
1721547467829,0.0
1721547471829,0.0
1721547475829,0.0
1721547479829,0.0
1721547483829,0.0
1721547487829,0.0
1721547491829,0.0
1721547495829,0.0
1721547499829,0.0
1721547503829,0.0
1721547507829,0.0
1721547511829,0.0
1721547515829,0.0
1721547519829,0.0
1721547523829,0.0
1721547527829,0.0
1721547531829,0.0
1721547535829,0.0
1721547539829,0.0
1721547543829,0.0
1721547547829,0.0
1721547551829,0.0
1721547555829,0.0
1721547559829,0.0
1721547563829,0.0
1721547567829,0.0
1721547571829,0.0
1721547575829,0.0
1721547579829,0.0
1721547583829,0.0
1721547587829,0.0
1721547591829,0.0
1721547595829,0.0
1721547599829,0.0
1721547603829,0.0
1721547607829,0.0
1721547611829,0.0
1721547615829,0.0
1721547619829,0.0
1721547623829,0.0
1721547627829,0.0
1721547631829,0.0
1721547635829,0.0
1721547639829,0.0
1721547643829,0.0
1721547647829,0.0
1721547651829,0.0
1721547655829,0.0
1721547659829,0.0
1721547663829,0.0
1721547667829,0.0
1721547671829,0.0
1721547675829,0.0
1721547679829,0.0
1721547683829,0.0
1721547687829,0.0
1721547691829,0.0
1721547695829,0.0
1721547699829,0.0
1721547703829,0.0
1721547707829,0.0
1721547711829,0.0
1721547715829,0.0
1721547719829,0.0
1721547723829,0.0
1721547727829,0.0
1721547731829,0.0
1721547735829,0.0
1721547739829,0.0
1721547743829,0.0
1721547747829,0.0
1721547751829,0.0
1721547755829,0.0
1721547759829,0.0
1721547763829,0.0
1721547767829,0.0
1721547771829,0.0
1721547775829,0.0
1721547779829,0.0
1721547783829,0.0
1721547787829,0.0
1721547791829,0.0
1721547795829,0.0
1721547799829,0.0
1721547803829,0.0
1721547807829,0.0
1721547811829,0.0
1721547815829,0.0
1721547819829,0.0
1721547823829,0.0
1721547827829,0.0
1721547831829,0.0
1721547835829,0.0
1721547839829,0.0
1721547843829,0.0
1721547847829,0.0
1721547851829,0.0
1721547855829,0.0
1721547859829,0.0
1721547863829,0.0
1721547867829,0.0
1721547871829,0.0
1721547875829,0.0
1721547879829,0.0
1721547883829,0.0
1721547887829,0.0
1721547891829,0.0
1721547895829,0.0
1721547899829,0.0
1721547903829,0.0
1721547907829,0.0
1721547911829,0.0
1721547915829,0.0
1721547919829,0.0
1721547923829,0.0
1721547927829,0.0
1721547931829,0.0
1721547935829,0.0
1721547939829,0.0
1721547943829,0.0
1721547947829,0.0
1721547951829,0.0
1721547955829,0.0
1721547959829,0.0
1721547963829,0.0
1721547967829,0.0
1721547971829,0.0
1721547975829,0.0
1721547979829,0.0
1721547983829,0.0
1721547987829,0.0
1721547991829,0.0
1721547995829,0.0
1721547999829,0.0
1721548003829,0.0
1721548007829,0.0
1721548011829,0.0
1721548015829,0.0
1721548019829,0.0
1721548023829,0.0
1721548027829,0.0
1721548031829,0.0
1721548035829,0.0
1721548039829,0.0
1721548043829,0.0
1721548047829,0.0
1721548051829,0.0
1721548055829,0.0
1721548059829,0.0
1721548063829,0.0
1721548067829,0.0
1721548071829,0.0
1721548075829,0.0
1721548079829,0.0
1721548083829,0.0
1721548087829,0.0
1721548091829,0.0
1721548095829,0.0
1721548099829,0.0
1721548103829,0.0
1721548107829,0.0
1721548111829,0.0
1721548115829,0.0
1721548119829,0.0
1721548123829,0.0
1721548127829,0.0
1721548131829,0.0
1721548135829,0.0
1721548139829,0.0
1721548143829,0.0
1721548147829,0.0
1721548151829,0.0
1721548155829,0.0
1721548159829,0.0
1721548163829,0.0
1721548167829,0.0
1721548171829,0.0
1721548175829,0.0
1721548179829,0.0
1721548183829,0.0
1721548187829,0.0
1721548191829,0.0
1721548195829,0.0
1721548199829,0.0
1721548203829,0.0
1721548207829,0.0
1721548211829,0.0
1721548215829,0.0
1721548219829,0.0
1721548223829,0.0
1721548227829,0.0
1721548231829,0.0
1721548235829,0.0
1721548239829,0.0
1721548243829,0.0
1721548247829,0.0
1721548251829,0.0
1721548255829,0.0
1721548259829,0.0
1721548263829,0.0
1721548267829,0.0
1721548271829,0.0
1721548275829,0.0
1721548279829,0.0
1721548283829,0.0
1721548287829,0.0
1721548291829,0.0
1721548295829,0.0
1721548299829,0.0
1721548303829,0.0
1721548307829,0.0
1721548311829,0.0
1721548315829,0.0
1721548319829,0.0
1721548323829,0.0
1721548327829,0.0
1721548331829,0.0
1721548335829,0.0
1721548339829,0.0
1721548343829,0.0
1721548347829,0.0
1721548351829,0.0
1721548355829,0.0
1721548359829,0.0
1721548363829,0.0
1721548367829,0.0
1721548371829,0.0
1721548375829,0.0
1721548379829,0.0
1721548383829,0.0
1721548387829,0.0
1721548391829,0.0
1721548395829,0.0
1721548399829,0.0
1721548403829,0.0
1721548407829,0.0
1721548411829,0.0
1721548415829,0.0
1721548419829,0.0
1721548423829,0.0
1721548427829,0.0
1721548431829,0.0
1721548435829,0.0
1721548439829,0.0
1721548443829,0.0
1721548447829,0.0
1721548451829,0.0
1721548455829,0.0
1721548459829,0.0
1721548463829,0.0
1721548467829,0.0
1721548471829,0.0
1721548475829,0.0
1721548479829,0.0
1721548483829,0.0
1721548487829,0.0
1721548491829,0.0
1721548495829,0.0
1721548499829,0.0
1721548503829,0.0
1721548507829,0.0
1721548511829,0.0
1721548515829,0.0
1721548519829,0.0
1721548523829,0.0
1721548527829,0.0
1721548531829,0.0
1721548535829,0.0
1721548539829,0.0
1721548543829,0.0
1721548547829,0.0
1721548551829,0.0
1721548555829,0.0
1721548559829,0.0
1721548563829,0.0
1721548567829,0.0
1721548571829,0.0
1721548575829,0.0
1721548579829,0.0
1721548583829,0.0
1721548587829,0.0
1721548591829,0.0
1721548595829,0.0
1721548599829,0.0
1721548603829,0.0
1721548607829,0.0
1721548611829,0.0
1721548615829,0.0
1721548619829,0.0
1721548623829,0.0
1721548627829,0.0
1721548631829,0.0
1721548635829,0.0
1721548639829,0.0
1721548643829,0.0
1721548647829,0.0
1721548651829,0.0
1721548655829,0.0
1721548659829,0.0
1721548663829,0.0
1721548667829,0.0
1721548671829,0.0
1721548675829,0.0
1721548679829,0.0
1721548683829,0.0
1721548687829,0.0
1721548691829,0.0
1721548695829,0.0
1721548699829,0.0
1721548703829,0.0
1721548707829,0.0
1721548711829,0.0
1721548715829,0.0
1721548719829,0.0
1721548723829,0.0
1721548727829,0.0
1721548731829,0.0
1721548735829,0.0
1721548739829,0.0
1721548743829,0.0
1721548747829,0.0
1721548751829,0.0
1721548755829,0.0
1721548759829,0.0
1721548763829,0.0
1721548767829,0.0
1721548771829,0.0
1721548775829,0.0
1721548779829,0.0
1721548783829,0.0
1721548787829,0.0
1721548791829,0.0
1721548795829,0.0
1721548799829,0.0
1721548803829,0.0
1721548807829,0.0
1721548811829,0.0
1721548815829,0.0
1721548819829,0.0
1721548823829,0.0
1721548827829,0.0
1721548831829,0.0
1721548835829,0.0
1721548839829,0.0
1721548843829,0.0
1721548847829,0.0
1721548851829,0.0
1721548855829,0.0
1721548859829,0.0
1721548863829,0.0
1721548867829,0.0
1721548871829,0.0
1721548875829,0.0
1721548879829,0.0
1721548883829,0.0
1721548887829,0.0
1721548891829,0.0
1721548895829,0.0
1721548899829,0.0
1721548903829,0.0
1721548907829,0.0
1721548911829,0.0
1721548915829,0.0
1721548919829,0.0
1721548923829,0.0
1721548927829,0.0
1721548931829,0.0
1721548935829,0.0
1721548939829,0.0
1721548943829,0.0
1721548947829,0.0
1721548951829,0.0
1721548955829,0.0
1721548959829,0.0
1721548963829,0.0
1721548967829,0.0
1721548971829,0.0
1721548975829,0.0
1721548979829,0.0
1721548983829,0.0
1721548987829,0.0
1721548991829,0.0
1721548995829,0.0
1721548999829,0.0
1721549003829,0.0
1721549007829,0.0
1721549011829,0.0
1721549015829,0.0
1721549019829,0.0
1721549023829,0.0
1721549027829,0.0
1721549031829,0.0
1721549035829,0.0
1721549039829,0.0
1721549043829,0.0
1721549047829,0.0
1721549051829,0.0
1721549055829,0.0
1721549059829,0.0
1721549063829,0.0
1721549067829,0.0
1721549071829,0.0
1721549075829,0.0
1721549079829,0.0
1721549083829,0.0
1721549087829,0.0
1721549091829,0.0
1721549095829,0.0
1721549099829,0.0
1721549103829,0.0
1721549107829,0.0
1721549111829,0.0
1721549115829,0.0
1721549119829,0.0
1721549123829,0.0
1721549127829,0.0
1721549131829,0.0
1721549135829,0.0
1721549139829,0.0
1721549143829,0.0
1721549147829,0.0
1721549151829,0.0
1721549155829,0.0
1721549159829,0.0
1721549163829,0.0
1721549167829,0.0
1721549171829,0.0
1721549175829,0.0
1721549179829,0.0
1721549183829,0.0
1721549187829,0.0
1721549191829,0.0
1721549195829,0.0
1721549199829,0.0
1721549203829,0.0
1721549207829,0.0
1721549211829,0.0
1721549215829,0.0
1721549219829,0.0
1721549223829,0.0
1721549227829,0.0
1721549231829,0.0
1721549235829,0.0
1721549239829,0.0
1721549243829,0.0
1721549247829,0.0
1721549251829,0.0
1721549255829,0.0
1721549259829,0.0
1721549263829,0.0
1721549267829,0.0
1721549271829,0.0
1721549275829,0.0
1721549279829,0.0
1721549283829,0.0
1721549287829,0.0
1721549291829,0.0
1721549295829,0.0
1721549299829,0.0
1721549303829,0.0
1721549307829,0.0
1721549311829,0.0
1721549315829,0.0
1721549319829,0.0
1721549323829,0.0
1721549327829,0.0
1721549331829,0.0
1721549335829,0.0
1721549339829,0.0
1721549343829,0.0
1721549347829,0.0
1721549351829,0.0
1721549355829,0.0
1721549359829,0.0
1721549363829,0.0
1721549367829,0.0
1721549371829,0.0
1721549375829,0.0
1721549379829,0.0
1721549383829,0.0
1721549387829,0.0
1721549391829,0.0
1721549395829,0.0
1721549399829,0.0
1721549403829,0.0
1721549407829,0.0
1721549411829,0.0
1721549415829,0.0
1721549419829,0.0
1721549423829,0.0
1721549427829,0.0
1721549431829,0.0
1721549435829,0.0
1721549439829,0.0
1721549443829,0.0
1721549447829,0.0
1721549451829,0.0
1721549455829,0.0
1721549459829,0.0
1721549463829,0.0
1721549467829,0.0
1721549471829,0.0
1721549475829,0.0
1721549479829,0.0
1721549483829,0.0
1721549487829,0.0
1721549491829,0.0
1721549495829,0.0
1721549499829,0.0
1721549503829,0.0
1721549507829,0.0
1721549511829,0.0
1721549515829,0.0
1721549519829,0.0
1721549523829,0.0
1721549527829,0.0
1721549531829,0.0
1721549535829,0.0
1721549539829,0.0
1721549543829,0.0
1721549547829,0.0
1721549551829,0.0
1721549555829,0.0
1721549559829,0.0
1721549563829,0.0
1721549567829,0.0
1721549571829,0.0
1721549575829,0.0
1721549579829,0.0
1721549583829,0.0
1721549587829,0.0
1721549591829,0.0
1721549595829,0.0
1721549599829,0.0
1721549603829,0.0
1721549607829,0.0
1721549611829,0.0
1721549615829,0.0
1721549619829,0.0
1721549623829,0.0
1721549627829,0.0
1721549631829,0.0
1721549635829,0.0
1721549639829,0.0
1721549643829,0.0
1721549647829,0.0
1721549651829,0.0
1721549655829,0.0
1721549659829,0.0
1721549663829,0.0
1721549667829,0.0
1721549671829,0.0
1721549675829,0.0
1721549679829,0.0
1721549683829,0.0
1721549687829,0.0
1721549691829,0.0
1721549695829,0.0
1721549699829,0.0
1721549703829,0.0
1721549707829,0.0
1721549711829,0.0
1721549715829,0.0
1721549719829,0.0
1721549723829,0.0
1721549728829,0.0
1721549732829,0.0
1721549736829,0.0
1721549740829,0.0
1721549744829,0.0
1721549748829,0.0
1721549752829,0.0
1721549756829,0.0
1721549760829,0.0
1721549764829,0.0
1721549768829,0.0
1721549772829,0.0
1721549776829,0.0
1721549780829,0.0
1721549784829,0.0
1721549788829,0.0
1721549792829,0.0
1721549796829,0.0
1721549800829,0.0
1721549804829,0.0
1721549808829,0.0
1721549812829,0.0
1721549816829,0.0
1721549820829,0.0
1721549824829,0.0
1721549828829,0.0
1721549832829,0.0
1721549836829,0.0
1721549840829,0.0
1721549844829,0.0
1721549848829,0.0
1721549852829,0.0
1721549856829,0.0
1721549860829,0.0
1721549864829,0.0
1721549868829,0.0
1721549872829,0.0
1721549876829,0.0
1721549880829,0.0
1721549884829,0.0
1721549888829,0.0
1721549892829,0.0
1721549896829,0.0
1721549900829,0.0
1721549904829,0.0
1721549908829,0.0
1721549912829,0.0
1721549916829,0.0
1721549920829,0.0
1721549924829,0.0
1721549928829,0.0
1721549932829,0.0
1721549936829,0.0
1721549940829,0.0
1721549944829,0.0
1721549948829,0.0
1721549952829,0.0
1721549956829,0.0
1721549960829,0.0
1721549964829,0.0
1721549968829,0.0
1721549972829,0.0
1721549976829,0.0
1721549980829,0.0
1721549984829,0.0
1721549988829,0.0
1721549992829,0.0
1721549996829,0.0
1721550000829,0.0
1721550004829,0.0
1721550008829,0.0
1721550012829,0.0
1721550016829,0.0
1721550020829,0.0
1721550024829,0.0
1721550028829,0.0
1721550032829,0.0
1721550036829,0.0
1721550040829,0.0
1721550044829,0.0
1721550048829,0.0
1721550052829,0.0
1721550056829,0.0
1721550060829,0.0
1721550064829,0.0
1721550068829,0.0
1721550072829,0.0
1721550076829,0.0
1721550080829,0.0
1721550084829,0.0
1721550088829,0.0
1721550092829,0.0
1721550096829,0.0
1721550100829,0.0
1721550104829,0.0
1721550108829,0.0
1721550112829,0.0
1721550116829,0.0
1721550120829,0.0
1721550124829,0.0
1721550128829,0.0
1721550132829,0.0
1721550136829,0.0
1721550140829,0.0
1721550144829,0.0
1721550148829,0.0
1721550152829,0.0
1721550156829,0.0
1721550160829,0.0
1721550164829,0.0
1721550168829,0.0
1721550172829,0.0
1721550176829,0.0
1721550180829,0.0
1721550184829,0.0
1721550188829,0.0
1721550192829,0.0
1721550196829,0.0
1721550200829,0.0
1721550204829,0.0
1721550208829,0.0
1721550212829,0.0
1721550216829,0.0
1721550220829,0.0
1721550224829,0.0
1721550228829,0.0
1721550232829,0.0
1721550236829,0.0
1721550240829,0.0
1721550244829,0.0
1721550248829,0.0
1721550252829,0.0
1721550256829,0.0
1721550260829,0.0
1721550264829,0.0
1721550268829,0.0
1721550272829,0.0
1721550276829,0.0
1721550280829,0.0
1721550284829,0.0
1721550288829,0.0
1721550292829,0.0
1721550296829,0.0
1721550300829,0.0
1721550304829,0.0
1721550308829,0.0
1721550312829,0.0
1721550316829,0.0
1721550320829,0.0
1721550324829,0.0
1721550328829,0.0
1721550332829,0.0
1721550336829,0.0
1721550340829,0.0
1721550344829,0.0
1721550348829,0.0
1721550352829,0.0
1721550356829,0.0
1721550360829,0.0
1721550364829,0.0
1721550368829,0.0
1721550372829,0.0
1721550376829,0.0
1721550380829,0.0
1721550384829,0.0
1721550388829,0.0
1721550392829,0.0
1721550396829,0.0
1721550400829,0.0
1721550404829,0.0
1721550408829,0.0
1721550412829,0.0
1721550416829,0.0
1721550420829,0.0
1721550424829,0.0
1721550428829,0.0
1721550432829,0.0
1721550436829,0.0
1721550440829,0.0
1721550444829,0.0
1721550448829,0.0
1721550452829,0.0
1721550456829,0.0
1721550460829,0.0
1721550464829,0.0
1721550468829,0.0
1721550472829,0.0
1721550476829,0.0
1721550480829,0.0
1721550484829,0.0
1721550488829,0.0
1721550492829,0.0
1721550496829,0.0
1721550500829,0.0
1721550504829,0.0
1721550508829,0.0
1721550512829,0.0
1721550516829,0.0
1721550520829,0.0
1721550524829,0.0
1721550528829,0.0
1721550532829,0.0
1721550536829,0.0
1721550540829,0.0
1721550544829,0.0
1721550548829,0.0
1721550552829,0.0
1721550556829,0.0
1721550560829,0.0
1721550564829,0.0
1721550568829,0.0
1721550572829,0.0
1721550576829,0.0
1721550580829,0.0
1721550584829,0.0
1721550588829,0.0
1721550592829,0.0
1721550596829,0.0
1721550600829,0.0
1721550604829,0.0
1721550608829,0.0
1721550612829,0.0
1721550616829,0.0
1721550620829,0.0
1721550624829,0.0
1721550628829,0.0
1721550632829,0.0
1721550636829,0.0
1721550640829,0.0
1721550644829,0.0
1721550648829,0.0
1721550652829,0.0
1721550656829,0.0
1721550660829,0.0
1721550664829,0.0
1721550668829,0.0
1721550672829,0.0
1721550676829,0.0
1721550680829,0.0
1721550684829,0.0
1721550688829,0.0
1721550692829,0.0
1721550696829,0.0
1721550700829,0.0
1721550704829,0.0
1721550708829,0.0
1721550712829,0.0
1721550716829,0.0
1721550720829,0.0
1721550724829,0.0
1721550728829,0.0
1721550732829,0.0
1721550736829,0.0
1721550740829,0.0
1721550744829,0.0
1721550748829,0.0
1721550752829,0.0
1721550756829,0.0
1721550760829,0.0
1721550764829,0.0
1721550768829,0.0
1721550772829,0.0
1721550776829,0.0
1721550780829,0.0
1721550784829,0.0
1721550788829,0.0
1721550792829,0.0
1721550796829,0.0
1721550800829,0.0
1721550804829,0.0
1721550808829,0.0
1721550812829,0.0
1721550816829,0.0
1721550820829,0.0
1721550824829,0.0
1721550828829,0.0
1721550832829,0.0
1721550836829,0.0
1721550840829,0.0
1721550844829,0.0
1721550848829,0.0
1721550852829,0.0
1721550856829,0.0
1721550860829,0.0
1721550864829,0.0
1721550868829,0.0
1721550872829,0.0
1721550876829,0.0
1721550880829,0.0
1721550884829,0.0
1721550888829,0.0
1721550892829,0.0
1721550896829,0.0
1721550900829,0.0
1721550904829,0.0
1721550908829,0.0
1721550912829,0.0
1721550916829,0.0
1721550920829,0.0
1721550924829,0.0
1721550928829,0.0
1721550932829,0.0
1721550936829,0.0
1721550940829,0.0
1721550944829,0.0
1721550948829,0.0
1721550952829,0.0
1721550956829,0.0
1721550960829,0.0
1721550964829,0.0
1721550968829,0.0
1721550972829,0.0
1721550976829,0.0
1721550980829,0.0
1721550984829,0.0
1721550988829,0.0
1721550992829,0.0
1721550996829,0.0
1721551000829,0.0
1721551004829,0.0
1721551008829,0.0
1721551012829,0.0
1721551016829,0.0
1721551020829,0.0
1721551024829,0.0
1721551028829,0.0
1721551032829,0.0
1721551036829,0.0
1721551040829,0.0
1721551044829,0.0
1721551048829,0.0
1721551052829,0.0
1721551056829,0.0
1721551060829,0.0
1721551064829,0.0
1721551068829,0.0
1721551072829,0.0
1721551076829,0.0
1721551080829,0.0
1721551084829,0.0
1721551088829,0.0
1721551092829,0.0
1721551096829,0.0
1721551100829,0.0
1721551104829,0.0
1721551108829,0.0
1721551112829,0.0
1721551116829,0.0
1721551120829,0.0
1721551124829,0.0
1721551128829,0.0
1721551132829,0.0
1721551136829,0.0
1721551140829,0.0
1721551144829,0.0
1721551148829,0.0
1721551152829,0.0
1721551156829,0.0
1721551160829,0.0
1721551164829,0.0
1721551168829,0.0
1721551172829,0.0
1721551176829,0.0
1721551180829,0.0
1721551184829,0.0
1721551188829,0.0
1721551192829,0.0
1721551196829,0.0
1721551200829,0.0
1721551204829,0.0
1721551208829,0.0
1721551212829,0.0
1721551216829,0.0
1721551220829,0.0
1721551224829,0.0
1721551228829,0.0
1721551232829,0.0
1721551236829,0.0
1721551240829,0.0
1721551244829,0.0
1721551248829,0.0
1721551252829,0.0
1721551256829,0.0
1721551260829,0.0
1721551264829,0.0
1721551268829,0.0
1721551272829,0.0
1721551276829,0.0
1721551280829,0.0
1721551284829,0.0
1721551288829,0.0
1721551292829,0.0
1721551296829,0.0
1721551300829,0.0
1721551304829,0.0
1721551308829,0.0
1721551312829,0.0
1721551316829,0.0
1721551320829,0.0
1721551324829,0.0
1721551328829,0.0
1721551332829,0.0
1721551336829,0.0
1721551340829,0.0
1721551344829,0.0
1721551348829,0.0
1721551352829,0.0
1721551356829,0.0
1721551360829,0.0
1721551364829,0.0
1721551368829,0.0
1721551372829,0.0
1721551376829,0.0
1721551380829,0.0
1721551384829,0.0
1721551388829,0.0
1721551392829,0.0
1721551396829,0.0
1721551400829,0.0
1721551404829,0.0
1721551408829,0.0
1721551412829,0.0
1721551416829,0.0
1721551420829,0.0
1721551424829,0.0
1721551428829,0.0
1721551432829,0.0
1721551436829,0.0
1721551440829,0.0
1721551444829,0.0
1721551448829,0.0
1721551452829,0.0
1721551456829,0.0
1721551460829,0.0
1721551464829,0.0
1721551468829,0.0
1721551472829,0.0
1721551476829,0.0
1721551480829,0.0
1721551484829,0.0
1721551488829,0.0
1721551492829,0.0
1721551496829,0.0
1721551500829,0.0
1721551504829,0.0
1721551508829,0.0
1721551512829,0.0
1721551516829,0.0
1721551520829,0.0
1721551524829,0.0
1721551528829,0.0
1721551532829,0.0
1721551536829,0.0
1721551540829,0.0
1721551544829,0.0
1721551548829,0.0
1721551552829,0.0
1721551556829,0.0
1721551560829,0.0
1721551564829,0.0
1721551568829,0.0
1721551572829,0.0
1721551576829,0.0
1721551580829,0.0
1721551584829,0.0
1721551588829,0.0
1721551592829,0.0
1721551596829,0.0
1721551600829,0.0
1721551604829,0.0
1721551608829,0.0
1721551612829,0.0
1721551616829,0.0
1721551620829,0.0
1721551624829,0.0
1721551628829,0.0
1721551632829,0.0
1721551636829,0.0
1721551640829,0.0
1721551644829,0.0
1721551648829,0.0
1721551652829,0.0
1721551656829,0.0
1721551660829,0.0
1721551664829,0.0
1721551668829,0.0
1721551672829,0.0
1721551676829,0.0
1721551680829,0.0
1721551684829,0.0
1721551688829,0.0
1721551692829,0.0
1721551696829,0.0
1721551700829,0.0
1721551704829,0.0
1721551708829,0.0
1721551712829,0.0
1721551716829,0.0
1721551720829,0.0
1721551724829,0.0
1721551728829,0.0
1721551732829,0.0
1721551736829,0.0
1721551740829,0.0
1721551744829,0.0
1721551748829,0.0
1721551752829,0.0
1721551756829,0.0
1721551760829,0.0
1721551764829,0.0
1721551768829,0.0
1721551772829,0.0
1721551776829,0.0
1721551780829,0.0
1721551784829,0.0
1721551788829,0.0
1721551792829,0.0
1721551796829,0.0
1721551800829,0.0
1721551804829,0.0
1721551808829,0.0
1721551812829,0.0
1721551816829,0.0
1721551820829,0.0
1721551824829,0.0
1721551828829,0.0
1721551832829,0.0
1721551836829,0.0
1721551840829,0.0
1721551844829,0.0
1721551848829,0.0
1721551852829,0.0
1721551856829,0.0
1721551860829,0.0
1721551864829,0.0
1721551868829,0.0
1721551872829,0.0
1721551876829,0.0
1721551880829,0.0
1721551884829,0.0
1721551888829,0.0
1721551892829,0.0
1721551896829,0.0
1721551900829,0.0
1721551904829,0.0
1721551908829,0.0
1721551912829,0.0
1721551916829,0.0
1721551920829,0.0
1721551924829,0.0
1721551928829,0.0
1721551932829,0.0
1721551936829,0.0
1721551940829,0.0
1721551944829,0.0
1721551948829,0.0
1721551952829,0.0
1721551956829,0.0
1721551960829,0.0
1721551964829,0.0
1721551968829,0.0
1721551972829,0.0
1721551976829,0.0
1721551980829,0.0
1721551984829,0.0
1721551988829,0.0
1721551992829,0.0
1721551996829,0.0
1721552000829,0.0
1721552004829,0.0
1721552008829,0.0
1721552012829,0.0
1721552016829,0.0
1721552020829,0.0
1721552024829,0.0
1721552028829,0.0
1721552032829,0.0
1721552036829,0.0
1721552040829,0.0
1721552044829,0.0
1721552048829,0.0
1721552052829,0.0
1721552056829,0.0
1721552060829,0.0
1721552064829,0.0
1721552068829,0.0
1721552072829,0.0
1721552076829,0.0
1721552080829,0.0
1721552084829,0.0
1721552088829,0.0
1721552092829,0.0
1721552096829,0.0
1721552100829,0.0
1721552104829,0.0
1721552108829,0.0
1721552112829,0.0
1721552116829,0.0
1721552120829,0.0
1721552124829,0.0
1721552128829,0.0
1721552132829,0.0
1721552136829,0.0
1721552140829,0.0
1721552144829,0.0
1721552148829,0.0
1721552152829,0.0
1721552156829,0.0
1721552160829,0.0
1721552164829,0.0
1721552168829,0.0
1721552172829,0.0
1721552176829,0.0
1721552180829,0.0
1721552184829,0.0
1721552188829,0.0
1721552192829,0.0
1721552196829,0.0
1721552200829,0.0
1721552204829,0.0
1721552208829,0.0
1721552212829,0.0
1721552216829,0.0
1721552220829,0.0
1721552224829,0.0
1721552228829,0.0
1721552232829,0.0
1721552236829,0.0
1721552240829,0.0
1721552244829,0.0
1721552248829,0.0
1721552252829,0.0
1721552256829,0.0
1721552260829,0.0
1721552264829,0.0
1721552268829,0.0
1721552272829,0.0
1721552276829,0.0
1721552280829,0.0
1721552284829,0.0
1721552288829,0.0
1721552292829,0.0
1721552296829,0.0
1721552300829,0.0
1721552304829,0.0
1721552308829,0.0
1721552312829,0.0
1721552316829,0.0
1721552320829,0.0
1721552324829,0.0
1721552328829,0.0
1721552332829,0.0
1721552336829,0.0
1721552340829,0.0
1721552344829,0.0
1721552348829,0.0
1721552352829,0.0
1721552356829,0.0
1721552360829,0.0
1721552364829,0.0
1721552368829,0.0
1721552372829,0.0
1721552376829,0.0
1721552380829,0.0
1721552384829,0.0
1721552388829,0.0
1721552392829,0.0
1721552396829,0.0
1721552400829,0.0
1721552404829,0.0
1721552408829,0.0
1721552412829,0.0
1721552416829,0.0
1721552420829,0.0
1721552424829,0.0
1721552428829,0.0
1721552432829,0.0
1721552436829,0.0
1721552440829,0.0
1721552444829,0.0
1721552448829,0.0
1721552452829,0.0
1721552456829,0.0
1721552460829,0.0
1721552464829,0.0
1721552468829,0.0
1721552472829,0.0
1721552476829,0.0
1721552480829,0.0
1721552484829,0.0
1721552488829,0.0
1721552492829,0.0
1721552496829,0.0
1721552500829,0.0
1721552504829,0.0
1721552508829,0.0
1721552512829,0.0
1721552516829,0.0
1721552520829,0.0
1721552524829,0.0
1721552528829,0.0
1721552532829,0.0
1721552536829,0.0
1721552540829,0.0
1721552544829,0.0
1721552548829,0.0
1721552552829,0.0
1721552556829,0.0
1721552560829,0.0
1721552564829,0.0
1721552568829,0.0
1721552572829,0.0
1721552576829,0.0
1721552580829,0.0
1721552584829,0.0
1721552588829,0.0
1721552592829,0.0
1721552596829,0.0
1721552600829,0.0
1721552604829,0.0
1721552608829,0.0
1721552612829,0.0
1721552616829,0.0
1721552620829,0.0
1721552624829,0.0
1721552628829,0.0
1721552632829,0.0
1721552636829,0.0
1721552640829,0.0
1721552644829,0.0
1721552648829,0.0
1721552652829,0.0
1721552656829,0.0
1721552660829,0.0
1721552664829,0.0
1721552668829,0.0
1721552672829,0.0
1721552676829,0.0
1721552680829,0.0
1721552684829,0.0
1721552688829,0.0
1721552692829,0.0
1721552696829,0.0
1721552700829,0.0
1721552704829,0.0
1721552708829,0.0
1721552712829,0.0
1721552716829,0.0
1721552720829,0.0
1721552724829,0.0
1721552728829,0.0
1721552732829,0.0
1721552736829,0.0
1721552740829,0.0
1721552744829,0.0
1721552748829,0.0
1721552752829,0.0
1721552756829,0.0
1721552760829,0.0
1721552764829,0.0
1721552768829,0.0
1721552772829,0.0
1721552776829,0.0
1721552780829,0.0
1721552784829,0.0
1721552788829,0.0
1721552792829,0.0
1721552796829,0.0
1721552800829,0.0
1721552804829,0.0
1721552808829,0.0
1721552812829,0.0
1721552816829,0.0
1721552820829,0.0
1721552824829,0.0
1721552828829,0.0
1721552832829,0.0
1721552836829,0.0
1721552840829,0.0
1721552844829,0.0
1721552848829,0.0
1721552852829,0.0
1721552856829,0.0
1721552860829,0.0
1721552864829,0.0
1721552868829,0.0
1721552872829,0.0
1721552876829,0.0
1721552880829,0.0
1721552884829,0.0
1721552888829,0.0
1721552892829,0.0
1721552896829,0.0
1721552900829,0.0
1721552904829,0.0
1721552908829,0.0
1721552912829,0.0
1721552916829,0.0
1721552920829,0.0
1721552924829,0.0
1721552928829,0.0
1721552932829,0.0
1721552936829,0.0
1721552940829,0.0
1721552944829,0.0
1721552948829,0.0
1721552952829,0.0
1721552956829,0.0
1721552960829,0.0
1721552964829,0.0
1721552968829,0.0
1721552972829,0.0
1721552976829,0.0
1721552980829,0.0
1721552984829,0.0
1721552988829,0.0
1721552992829,0.0
1721552996829,0.0
1721553000829,0.0
1721553004829,0.0
1721553008829,0.0
1721553012829,0.0
1721553016829,0.0
1721553020829,0.0
1721553024829,0.0
1721553028829,0.0
1721553032829,0.0
1721553036829,0.0
1721553040829,0.0
1721553044829,0.0
1721553048829,0.0
1721553052829,0.0
1721553056829,0.0
1721553060829,0.0
1721553064829,0.0
1721553068829,0.0
1721553072829,0.0
1721553076829,0.0
1721553080829,0.0
1721553084829,0.0
1721553088829,0.0
1721553092829,0.0
1721553096829,0.0
1721553100829,0.0
1721553104829,0.0
1721553108829,0.0
1721553112829,0.0
1721553116829,0.0
1721553120829,0.0
1721553124829,0.0
1721553128829,0.0
1721553132829,0.0
1721553136829,0.0
1721553140829,0.0
1721553144829,0.0
1721553148829,0.0
1721553152829,0.0
1721553156829,0.0
1721553160829,0.0
1721553164829,0.0
1721553168829,0.0
1721553172829,0.0
1721553176829,0.0
1721553180829,0.0
1721553184829,0.0
1721553188829,0.0
1721553192829,0.0
1721553196829,0.0
1721553200829,0.0
1721553204829,0.0
1721553208829,0.0
1721553212829,0.0
1721553216829,0.0
1721553220829,0.0
1721553224829,0.0
1721553228829,0.0
1721553232829,0.0
1721553236829,0.0
1721553240829,0.0
1721553244829,0.0
1721553248829,0.0
1721553252829,0.0
1721553256829,0.0
1721553260829,0.0
1721553264829,0.0
1721553268829,0.0
1721553272829,0.0
1721553276829,0.0
1721553280829,0.0
1721553284829,0.0
1721553288829,0.0
1721553292829,0.0
1721553296829,0.0
1721553300829,0.0
1721553304829,0.0
1721553308829,0.0
1721553312829,0.0
1721553316829,0.0
1721553320829,0.0
1721553324829,0.0
1721553328829,0.0
1721553332829,0.0
1721553336829,0.0
1721553340829,0.0
1721553344829,0.0
1721553348829,0.0
1721553352829,0.0
1721553356829,0.0
1721553360829,0.0
1721553364829,0.0
1721553368829,0.0
1721553372829,0.0
1721553376829,0.0
1721553380829,0.0
1721553384829,0.0
1721553388829,0.0
1721553392829,0.0
1721553396829,0.0
1721553400829,0.0
1721553404829,0.0
1721553408829,0.0
1721553412829,0.0
1721553416829,0.0
1721553420829,0.0
1721553424829,0.0
1721553428829,0.0
1721553432829,0.0
1721553436829,0.0
1721553440829,0.0
1721553444829,0.0
1721553448829,0.0
1721553452829,0.0
1721553456829,0.0
1721553460829,0.0
1721553464829,0.0
1721553468829,0.0
1721553472829,0.0
1721553476829,0.0
1721553480829,0.0
1721553484829,0.0
1721553488829,0.0
1721553492829,0.0
1721553496829,0.0
1721553500829,0.0
1721553504829,0.0
1721553508829,0.0
1721553512829,0.0
1721553516829,0.0
1721553520829,0.0
1721553524829,0.0
1721553528829,0.0
1721553532829,0.0
1721553536829,0.0
1721553540829,0.0
1721553544829,0.0
1721553548829,0.0
1721553552829,0.0
1721553556829,0.0
1721553560829,0.0
1721553564829,0.0
1721553568829,0.0
1721553572829,0.0
1721553576829,0.0
1721553580829,0.0
1721553584829,0.0
1721553588829,0.0
1721553592829,0.0
1721553596829,0.0
1721553600829,0.0
1721553604829,0.0
1721553608829,0.0
1721553612829,0.0
1721553616829,0.0
1721553620829,0.0
1721553624829,0.0
1721553628829,0.0
1721553632829,0.0
1721553636829,0.0
1721553640829,0.0
1721553644829,0.0
1721553648829,0.0
1721553652829,0.0
1721553656829,0.0
1721553660829,0.0
1721553664829,0.0
1721553668829,0.0
1721553672829,0.0
1721553676829,0.0
1721553680829,0.0
1721553684829,0.0
1721553688829,0.0
1721553692829,0.0
1721553696829,0.0
1721553700829,0.0
1721553704829,0.0
1721553708829,0.0
1721553712829,0.0
1721553716829,0.0
1721553720829,0.0
1721553724829,0.0
1721553728829,0.0
1721553732829,0.0
1721553736829,0.0
1721553740829,0.0
1721553744829,0.0
1721553748829,0.0
1721553752829,0.0
1721553756829,0.0
1721553760829,0.0
1721553764829,0.0
1721553768829,0.0
1721553772829,0.0
1721553776829,0.0
1721553780829,0.0
1721553784829,0.0
1721553788829,0.0
1721553792829,0.0
1721553796829,0.0
1721553800829,0.0
1721553804829,0.0
1721553808829,0.0
1721553812829,0.0
1721553816829,0.0
1721553820829,0.0
1721553824829,0.0
1721553828829,0.0
1721553832829,0.0
1721553836829,0.0
1721553840829,0.0
1721553844829,0.0
1721553848829,0.0
1721553852829,0.0
1721553856829,0.0
1721553860829,0.0
1721553864829,0.0
1721553868829,0.0
1721553872829,0.0
1721553876829,0.0
1721553880829,0.0
1721553884829,0.0
1721553888829,0.0
1721553892829,0.0
1721553896829,0.0
1721553900829,0.0
1721553904829,0.0
1721553908829,0.0
1721553912829,0.0
1721553916829,0.0
1721553920829,0.0
1721553924829,0.0
1721553928829,0.0
1721553932829,0.0
1721553936829,0.0
1721553940829,0.0
1721553944829,0.0
1721553948829,0.0
1721553952829,0.0
1721553956829,0.0
1721553960829,0.0
1721553964829,0.0
1721553968829,0.0
1721553972829,0.0
1721553976829,0.0
1721553980829,0.0
1721553984829,0.0
1721553988829,0.0
1721553992829,0.0
1721553996829,0.0
1721554000829,0.0
1721554004829,0.0
1721554009829,0.0
1721554013829,0.0
1721554017829,0.0
1721554021829,0.0
1721554025829,0.0
1721554029829,0.0
1721554033829,0.0
1721554037829,0.0
1721554041829,0.0
1721554045829,0.0
1721554049829,0.0
1721554053829,0.0
1721554057829,0.0
1721554061829,0.0
1721554065829,0.0
1721554069829,0.0
1721554073829,0.0
1721554077829,0.0
1721554081829,0.0
1721554085829,0.0
1721554089829,0.0
1721554093829,0.0
1721554097829,0.0
1721554101829,0.0
1721554105829,0.0
1721554109829,0.0
1721554113829,0.0
1721554117829,0.0
1721554121829,0.0
1721554125829,0.0
1721554129829,0.0
1721554133829,0.0
1721554137829,0.0
1721554141829,0.0
1721554145829,0.0
1721554149829,0.0
1721554153829,0.0
1721554157829,0.0
1721554161829,0.0
1721554165829,0.0
1721554169829,0.0
1721554173829,0.0
1721554177829,0.0
1721554181829,0.0
1721554185829,0.0
1721554189829,0.0
1721554193829,0.0
1721554197829,0.0
1721554201829,0.0
1721554205829,0.0
1721554209829,0.0
1721554213829,0.0
1721554217829,0.0
1721554221829,0.0
1721554225829,0.0
1721554229829,0.0
1721554233829,0.0
1721554237829,0.0
1721554241829,0.0
1721554245829,0.0
1721554249829,0.0
1721554253829,0.0
1721554257829,0.0
1721554261829,0.0
1721554265829,0.0
1721554269829,0.0
1721554273829,0.0
1721554277829,0.0
1721554281829,0.0
1721554285829,0.0
1721554289829,0.0
1721554293829,0.0
1721554297829,0.0
1721554301829,0.0
1721554305829,0.0
1721554309829,0.0
1721554313829,0.0
1721554317829,0.0
1721554321829,0.0
1721554325829,0.0
1721554329829,0.0
1721554333829,0.0
1721554337829,0.0
1721554341829,0.0
1721554345829,0.0
1721554349829,0.0
1721554353829,0.0
1721554357829,0.0
1721554361829,0.0
1721554365829,0.0
1721554369829,0.0
1721554373829,0.0
1721554377829,0.0
1721554381829,0.0
1721554385829,0.0
1721554389829,0.0
1721554393829,0.0
1721554397829,0.0
1721554401829,0.0
1721554405829,0.0
1721554409829,0.0
1721554413829,0.0
1721554417829,0.0
1721554421829,0.0
1721554425829,0.0
1721554429829,0.0
1721554433829,0.0
1721554437829,0.0
1721554441829,0.0
1721554445829,0.0
1721554449829,0.0
1721554453829,0.0
1721554457829,0.0
1721554461829,0.0
1721554465829,0.0
1721554469829,0.0
1721554473829,0.0
1721554477829,0.0
1721554481829,0.0
1721554485829,0.0
1721554489829,0.0
1721554493829,0.0
1721554497829,0.0
1721554501829,0.0
1721554505829,0.0
1721554509829,0.0
1721554513829,0.0
1721554517829,0.0
1721554521829,0.0
1721554525829,0.0
1721554529829,0.0
1721554533829,0.0
1721554537829,0.0
1721554541829,0.0
1721554545829,0.0
1721554549829,0.0
1721554553829,0.0
1721554557829,0.0
1721554561829,0.0
1721554565829,0.0
1721554569829,0.0
1721554573829,0.0
1721554577829,0.0
1721554581829,0.0
1721554585829,0.0
1721554589829,0.0
1721554593829,0.0
1721554597829,0.0
1721554601829,0.0
1721554605829,0.0
1721554609829,0.0
1721554613829,0.0
1721554617829,0.0
1721554621829,0.0
1721554625829,0.0
1721554629829,0.0
1721554633829,0.0
1721554637829,0.0
1721554641829,0.0
1721554645829,0.0
1721554649829,0.0
1721554653829,0.0
1721554657829,0.0
1721554661829,0.0
1721554665829,0.0
1721554669829,0.0
1721554673829,0.0
1721554677829,0.0
1721554681829,0.0
1721554685829,0.0
1721554689829,0.0
1721554693829,0.0
1721554697829,0.0
1721554701829,0.0
1721554705829,0.0
1721554709829,0.0
1721554713829,0.0
1721554717829,0.0
1721554721829,0.0
1721554725829,0.0
1721554729829,0.0
1721554733829,0.0
1721554737829,0.0
1721554741829,0.0
1721554745829,0.0
1721554749829,0.0
1721554753829,0.0
1721554757829,0.0
1721554761829,0.0
1721554765829,0.0
1721554769829,0.0
1721554773829,0.0
1721554777829,0.0
1721554781829,0.0
1721554785829,0.0
1721554789829,0.0
1721554793829,0.0
1721554797829,0.0
1721554801829,0.0
1721554805829,0.0
1721554809829,0.0
1721554813829,0.0
1721554817829,0.0
1721554821829,0.0
1721554825829,0.0
1721554829829,0.0
1721554833829,0.0
1721554837829,0.0
1721554841829,0.0
1721554845829,0.0
1721554849829,0.0
1721554853829,0.0
1721554857829,0.0
1721554861829,0.0
1721554865829,0.0
1721554869829,0.0
1721554873829,0.0
1721554877829,0.0
1721554881829,0.0
1721554885829,0.0
1721554889829,0.0
1721554893829,0.0
1721554897829,0.0
1721554901829,0.0
1721554905829,0.0
1721554909829,0.0
1721554913829,0.0
1721554917829,0.0
1721554921829,0.0
1721554925829,0.0
1721554929829,0.0
1721554933829,0.0
1721554937829,0.0
1721554941829,0.0
1721554945829,0.0
1721554949829,0.0
1721554953829,0.0
1721554957829,0.0
1721554961829,0.0
1721554965829,0.0
1721554969829,0.0
1721554973829,0.0
1721554977829,0.0
1721554981829,0.0
1721554985829,0.0
1721554989829,0.0
1721554993829,0.0
1721554997829,0.0
1721555001829,0.0
1721555005829,0.0
1721555009829,0.0
1721555013829,0.0
1721555017829,0.0
1721555021829,0.0
1721555025829,0.0
1721555029829,0.0
1721555033829,0.0
1721555037829,0.0
1721555041829,0.0
1721555045829,0.0
1721555049829,0.0
1721555053829,0.0
1721555057829,0.0
1721555061829,0.0
1721555065829,0.0
1721555069829,0.0
1721555073829,0.0
1721555077829,0.0
1721555081829,0.0
1721555085829,0.0
1721555089829,0.0
1721555093829,0.0
1721555097829,0.0
1721555101829,0.0
1721555105829,0.0
1721555109829,0.0
1721555113829,0.0
1721555117829,0.0
1721555121829,0.0
1721555125829,0.0
1721555129829,0.0
1721555133829,0.0
1721555137829,0.0
1721555141829,0.0
1721555145829,0.0
1721555149829,0.0
1721555153829,0.0
1721555157829,0.0
1721555161829,0.0
1721555165829,0.0
1721555169829,0.0
1721555173829,0.0
1721555177829,0.0
1721555181829,0.0
1721555185829,0.0
1721555189829,0.0
1721555193829,0.0
1721555197829,0.0
1721555201829,0.0
1721555205829,0.0
1721555209829,0.0
1721555213829,0.0
1721555217829,0.0
1721555221829,0.0
1721555225829,0.0
1721555229829,0.0
1721555233829,0.0
1721555237829,0.0
1721555241829,0.0
1721555245829,0.0
1721555249829,0.0
1721555253829,0.0
1721555257829,0.0
1721555261829,0.0
1721555265829,0.0
1721555269829,0.0
1721555273829,0.0
1721555277829,0.0
1721555281829,0.0
1721555285829,0.0
1721555289829,0.0
1721555293829,0.0
1721555297829,0.0
1721555301829,0.0
1721555305829,0.0
1721555309829,0.0
1721555313829,0.0
1721555317829,0.0
1721555321829,0.0
1721555325829,0.0
1721555329829,0.0
1721555333829,0.0
1721555337829,0.0
1721555341829,0.0
1721555345829,0.0
1721555349829,0.0
1721555353829,0.0
1721555357829,0.0
1721555361829,0.0
1721555365829,0.0
1721555369829,0.0
1721555373829,0.0
1721555377829,0.0
1721555381829,0.0
1721555385829,0.0
1721555389829,0.0
1721555393829,0.0
1721555397829,0.0
1721555401829,0.0
1721555405829,0.0
1721555409829,0.0
1721555413829,0.0
1721555417829,0.0
1721555421829,0.0
1721555425829,0.0
1721555429829,0.0
1721555433829,0.0
1721555437829,0.0
1721555441829,0.0
1721555445829,0.0
1721555449829,0.0
1721555453829,0.0
1721555457829,0.0
1721555461829,0.0
1721555465829,0.0
1721555469829,0.0
1721555473829,0.0
1721555477829,0.0
1721555481829,0.0
1721555485829,0.0
1721555489829,0.0
1721555493829,0.0
1721555497829,0.0
1721555501829,0.0
1721555505829,0.0
1721555509829,0.0
1721555513829,0.0
1721555517829,0.0
1721555521829,0.0
1721555525829,0.0
1721555529829,0.0
1721555533829,0.0
1721555537829,0.0
1721555541829,0.0
1721555545829,0.0
1721555549829,0.0
1721555553829,0.0
1721555557829,0.0
1721555561829,0.0
1721555565829,0.0
1721555569829,0.0
1721555573829,0.0
1721555577829,0.0
1721555581829,0.0
1721555585829,0.0
1721555589829,0.0
1721555593829,0.0
1721555597829,0.0
1721555601829,0.0
1721555605829,0.0
1721555609829,0.0
1721555613829,0.0
1721555617829,0.0
1721555621829,0.0
1721555625829,0.0
1721555629829,0.0
1721555633829,0.0
1721555637829,0.0
1721555641829,0.0
1721555645829,0.0
1721555649829,0.0
1721555653829,0.0
1721555657829,0.0
1721555661829,0.0
1721555665829,0.0
1721555669829,0.0
1721555673829,0.0
1721555677829,0.0
1721555681829,0.0
1721555685829,0.0
1721555689829,0.0
1721555693829,0.0
1721555697829,0.0
1721555701829,0.0
1721555705829,0.0
1721555709829,0.0
1721555713829,0.0
1721555717829,0.0
1721555721829,0.0
1721555725829,0.0
1721555729829,0.0
1721555733829,0.0
1721555737829,0.0
1721555741829,0.0
1721555745829,0.0
1721555749829,0.0
1721555753829,0.0
1721555757829,0.0
1721555761829,0.0
1721555765829,0.0
1721555769829,0.0
1721555773829,0.0
1721555777829,0.0
1721555781829,0.0
1721555785829,0.0
1721555789829,0.0
1721555793829,0.0
1721555797829,0.0
1721555801829,0.0
1721555805829,0.0
1721555809829,0.0
1721555813829,0.0
1721555817829,0.0
1721555821829,0.0
1721555825829,0.0
1721555829829,0.0
1721555833829,0.0
1721555837829,0.0
1721555841829,0.0
1721555845829,0.0
1721555849829,0.0
1721555853829,0.0
1721555857829,0.0
1721555861829,0.0
1721555865829,0.0
1721555869829,0.0
1721555873829,0.0
1721555877829,0.0
1721555881829,0.0
1721555885829,0.0
1721555889829,0.0
1721555893829,0.0
1721555897829,0.0
1721555901829,0.0
1721555905829,0.0
1721555909829,0.0
1721555913829,0.0
1721555917829,0.0
1721555921829,0.0
1721555925829,0.0
1721555929829,0.0
1721555933829,0.0
1721555937829,0.0
1721555941829,0.0
1721555945829,0.0
1721555949829,0.0
1721555953829,0.0
1721555957829,0.0
1721555961829,0.0
1721555965829,0.0
1721555969829,0.0
1721555973829,0.0
1721555977829,0.0
1721555981829,0.0
1721555985829,0.0
1721555989829,0.0
1721555993829,0.0
1721555997829,0.0
1721556001829,0.0
1721556005829,0.0
1721556009829,0.0
1721556013829,0.0
1721556017829,0.0
1721556021829,0.0
1721556025829,0.0
1721556029829,0.0
1721556033829,0.0
1721556037829,0.0
1721556041829,0.0
1721556045829,0.0
1721556049829,0.0
1721556053829,0.0
1721556057829,0.0
1721556061829,0.0
1721556065829,0.0
1721556069829,0.0
1721556073829,0.0
1721556077829,0.0
1721556081829,0.0
1721556085829,0.0
1721556089829,0.0
1721556093829,0.0
1721556097829,0.0
1721556101829,0.0
1721556105829,0.0
1721556109829,0.0
1721556113829,0.0
1721556117829,0.0
1721556121829,0.0
1721556125829,0.0
1721556129829,0.0
1721556133829,0.0
1721556137829,0.0
1721556141829,0.0
1721556145829,0.0
1721556149829,0.0
1721556153829,0.0
1721556157829,0.0
1721556161829,0.0
1721556165829,0.0
1721556169829,0.0
1721556173829,0.0
1721556177829,0.0
1721556181829,0.0
1721556185829,0.0
1721556189829,0.0
1721556193829,0.0
1721556197829,0.0
1721556201829,0.0
1721556205829,0.0
1721556209829,0.0
1721556213829,0.0
1721556217829,0.0
1721556221829,0.0
1721556225829,0.0
1721556229829,0.0
1721556233829,0.0
1721556237829,0.0
1721556241829,0.0
1721556245829,0.0
1721556249829,0.0
1721556253829,0.0
1721556257829,0.0
1721556261829,0.0
1721556265829,0.0
1721556269829,0.0
1721556273829,0.0
1721556277829,0.0
1721556281829,0.0
1721556285829,0.0
1721556289829,0.0
1721556293829,0.0
1721556297829,0.0
1721556301829,0.0
1721556305829,0.0
1721556309829,0.0
1721556313829,0.0
1721556317829,0.0
1721556321829,0.0
1721556325829,0.0
1721556329829,0.0
1721556333829,0.0
1721556337829,0.0
1721556341829,0.0
1721556345829,0.0
1721556349829,0.0
1721556353829,0.0
1721556357829,0.0
1721556361829,0.0
1721556365829,0.0
1721556369829,0.0
1721556373829,0.0
1721556377829,0.0
1721556381829,0.0
1721556385829,0.0
1721556389829,0.0
1721556393829,0.0
1721556397829,0.0
1721556401829,0.0
1721556405829,0.0
1721556409829,0.0
1721556413829,0.0
1721556417829,0.0
1721556421829,0.0
1721556425829,0.0
1721556429829,0.0
1721556433829,0.0
1721556437829,0.0
1721556441829,0.0
1721556445829,0.0
1721556449829,0.0
1721556453829,0.0
1721556457829,0.0
1721556461829,0.0
1721556465829,0.0
1721556469829,0.0
1721556473829,0.0
1721556477829,0.0
1721556481829,0.0
1721556485829,0.0
1721556489829,0.0
1721556493829,0.0
1721556497829,0.0
1721556501829,0.0
1721556505829,0.0
1721556509829,0.0
1721556513829,0.0
1721556517829,0.0
1721556521829,0.0
1721556525829,0.0
1721556529829,0.0
1721556533829,0.0
1721556537829,0.0
1721556541829,0.0
1721556545829,0.0
1721556549829,0.0
1721556553829,0.0
1721556557829,0.0
1721556561829,0.0
1721556565829,0.0
1721556569829,0.0
1721556573829,0.0
1721556577829,0.0
1721556581829,0.0
1721556585829,0.0
1721556589829,0.0
1721556593829,0.0
1721556597829,0.0
1721556601829,0.0
1721556605829,0.0
1721556609829,0.0
1721556613829,0.0
1721556617829,0.0
1721556621829,0.0
1721556625829,0.0
1721556629829,0.0
1721556633829,0.0
1721556637829,0.0
1721556641829,0.0
1721556645829,0.0
1721556649829,0.0
1721556653829,0.0
1721556657829,0.0
1721556661829,0.0
1721556665829,0.0
1721556669829,0.0
1721556673829,0.0
1721556677829,0.0
1721556681829,0.0
1721556685829,0.0
1721556689829,0.0
1721556693829,0.0
1721556697829,0.0
1721556701829,0.0
1721556705829,0.0
1721556709829,0.0
1721556713829,0.0
1721556717829,0.0
1721556721829,0.0
1721556725829,0.0
1721556729829,0.0
1721556733829,0.0
1721556737829,0.0
1721556741829,0.0
1721556745829,0.0
1721556749829,0.0
1721556753829,0.0
1721556757829,0.0
1721556761829,0.0
1721556765829,0.0
1721556769829,0.0
1721556773829,0.0
1721556777829,0.0
1721556781829,0.0
1721556785829,0.0
1721556789829,0.0
1721556793829,0.0
1721556797829,0.0
1721556801829,0.0
1721556805829,0.0
1721556809829,0.0
1721556813829,0.0
1721556817829,0.0
1721556821829,0.0
1721556825829,0.0
1721556829829,0.0
1721556833829,0.0
1721556837829,0.0
1721556841829,0.0
1721556845829,0.0
1721556849829,0.0
1721556853829,0.0
1721556857829,0.0
1721556861829,0.0
1721556865829,0.0
1721556869829,0.0
1721556873829,0.0
1721556877829,0.0
1721556881829,0.0
1721556885829,0.0
1721556889829,0.0
1721556893829,0.0
1721556897829,0.0
1721556901829,0.0
1721556905829,0.0
1721556909829,0.0
1721556913829,0.0
1721556917829,0.0
1721556921829,0.0
1721556925829,0.0
1721556929829,0.0
1721556933829,0.0
1721556937829,0.0
1721556941829,0.0
1721556945829,0.0
1721556949829,0.0
1721556953829,0.0
1721556957829,0.0
1721556961829,0.0
1721556965829,0.0
1721556969829,0.0
1721556973829,0.0
1721556977829,0.0
1721556981829,0.0
1721556986829,0.0
1721556990829,0.0
1721556994829,0.0
1721556998829,0.0
1721557002829,0.0
1721557006829,0.0
1721557010829,0.0
1721557014829,0.0
1721557018829,0.0
1721557022829,0.0
1721557026829,0.0
1721557030829,0.0
1721557034829,0.0
1721557038829,0.0
1721557042829,0.0
1721557046829,0.0
1721557050829,0.0
1721557054829,0.0
1721557058829,0.0
1721557062829,0.0
1721557066829,0.0
1721557070829,0.0
1721557074829,0.0
1721557078829,0.0
1721557082829,0.0
1721557086829,0.0
1721557090829,0.0
1721557094829,0.0
1721557098829,0.0
1721557102829,0.0
1721557106829,0.0
1721557110829,0.0
1721557114829,0.0
1721557118829,0.0
1721557122829,0.0
1721557126829,0.0
1721557130829,0.0
1721557134829,0.0
1721557138829,0.0
1721557142829,0.0
1721557146829,0.0
1721557150829,0.0
1721557154829,0.0
1721557158829,0.0
1721557162829,0.0
1721557166829,0.0
1721557170829,0.0
1721557174829,0.0
1721557178829,0.0
1721557182829,0.0
1721557186829,0.0
1721557190829,0.0
1721557194829,0.0
1721557198829,0.0
1721557202829,0.0
1721557206829,0.0
1721557210829,0.0
1721557214829,0.0
1721557218829,0.0
1721557222829,0.0
1721557226829,0.0
1721557230829,0.0
1721557234829,0.0
1721557238829,0.0
1721557242829,0.0
1721557246829,0.0
1721557250829,0.0
1721557254829,0.0
1721557258829,0.0
1721557262829,0.0
1721557266829,0.0
1721557270829,0.0
1721557274829,0.0
1721557278829,0.0
1721557282829,0.0
1721557286829,0.0
1721557290829,0.0
1721557294829,0.0
1721557298829,0.0
1721557302829,0.0
1721557306829,0.0
1721557310829,0.0
1721557314829,0.0
1721557318829,0.0
1721557322829,0.0
1721557326829,0.0
1721557330829,0.0
1721557334829,0.0
1721557338829,0.0
1721557342829,0.0
1721557346829,0.0
1721557350829,0.0
1721557354829,0.0
1721557358829,0.0
1721557362829,0.0
1721557366829,0.0
1721557370829,0.0
1721557374829,0.0
1721557378829,0.0
1721557382829,0.0
1721557386829,0.0
1721557390829,0.0
1721557394829,0.0
1721557398829,0.0
1721557402829,0.0
1721557406829,0.0
1721557410829,0.0
1721557414829,0.0
1721557418829,0.0
1721557422829,0.0
1721557426829,0.0
1721557430829,0.0
1721557434829,0.0
1721557438829,0.0
1721557442829,0.0
1721557446829,0.0
1721557450829,0.0
1721557454829,0.0
1721557458829,0.0
1721557462829,0.0
1721557466829,0.0
1721557470829,0.0
1721557474829,0.0
1721557478829,0.0
1721557482829,0.0
1721557486829,0.0
1721557490829,0.0
1721557494829,0.0
1721557498829,0.0
1721557502829,0.0
1721557506829,0.0
1721557510829,0.0
1721557514829,0.0
1721557518829,0.0
1721557522829,0.0
1721557526829,0.0
1721557530829,0.0
1721557534829,0.0
1721557538829,0.0
1721557542829,0.0
1721557546829,0.0
1721557550829,0.0
1721557554829,0.0
1721557558829,0.0
1721557562829,0.0
1721557566829,0.0
1721557570829,0.0
1721557574829,0.0
1721557578829,0.0
1721557582829,0.0
1721557586829,0.0
1721557590829,0.0
1721557594829,0.0
1721557598829,0.0
1721557602829,0.0
1721557606829,0.0
1721557610829,0.0
1721557614829,0.0
1721557618829,0.0
1721557622829,0.0
1721557626829,0.0
1721557630829,0.0
1721557634829,0.0
1721557638829,0.0
1721557642829,0.0
1721557646829,0.0
1721557650829,0.0
1721557654829,0.0
1721557658829,0.0
1721557662829,0.0
1721557666829,0.0
1721557670829,0.0
1721557674829,0.0
1721557678829,0.0
1721557682829,0.0
1721557686829,0.0
1721557690829,0.0
1721557694829,0.0
1721557698829,0.0
1721557702829,0.0
1721557706829,0.0
1721557710829,0.0
1721557714829,0.0
1721557718829,0.0
1721557722829,0.0
1721557726829,0.0
1721557730829,0.0
1721557734829,0.0
1721557738829,0.0
1721557742829,0.0
1721557746829,0.0
1721557750829,0.0
1721557754829,0.0
1721557758829,0.0
1721557762829,0.0
1721557766829,0.0
1721557770829,0.0
1721557774829,0.0
1721557778829,0.0
1721557782829,0.0
1721557786829,0.0
1721557790829,0.0
1721557794829,0.0
1721557798829,0.0
1721557802829,0.0
1721557806829,0.0
1721557810829,0.0
1721557814829,0.0
1721557818829,0.0
1721557822829,0.0
1721557826829,0.0
1721557830829,0.0
1721557834829,0.0
1721557838829,0.0
1721557842829,0.0
1721557846829,0.0
1721557850829,0.0
1721557854829,0.0
1721557858829,0.0
1721557862829,0.0
1721557866829,0.0
1721557870829,0.0
1721557874829,0.0
1721557878829,0.0
1721557882829,0.0
1721557886829,0.0
1721557890829,0.0
1721557894829,0.0
1721557898829,0.0
1721557902829,0.0
1721557906829,0.0
1721557910829,0.0
1721557914829,0.0
1721557918829,0.0
1721557922829,0.0
1721557926829,0.0
1721557930829,0.0
1721557934829,0.0
1721557938829,0.0
1721557942829,0.0
1721557946829,0.0
1721557950829,0.0
1721557954829,0.0
1721557958829,0.0
1721557962829,0.0
1721557966829,0.0
1721557970829,0.0
1721557974829,0.0
1721557978829,0.0
1721557982829,0.0
1721557986829,0.0
1721557990829,0.0
1721557994829,0.0
1721557998829,0.0
1721558002829,0.0
1721558006829,0.0
1721558010829,0.0
1721558014829,0.0
1721558018829,0.0
1721558022829,0.0
1721558026829,0.0
1721558030829,0.0
1721558034829,0.0
1721558038829,0.0
1721558042829,0.0
1721558046829,0.0
1721558050829,0.0
1721558054829,0.0
1721558058829,0.0
1721558062829,0.0
1721558066829,0.0
1721558070829,0.0
1721558074829,0.0
1721558078829,0.0
1721558082829,0.0
1721558086829,0.0
1721558090829,0.0
1721558094829,0.0
1721558098829,0.0
1721558102829,0.0
1721558106829,0.0
1721558110829,0.0
1721558114829,0.0
1721558118829,0.0
1721558122829,0.0
1721558126829,0.0
1721558130829,0.0
1721558134829,0.0
1721558138829,0.0
1721558142829,0.0
1721558146829,0.0
1721558150829,0.0
1721558154829,0.0
1721558158829,0.0
1721558162829,0.0
1721558166829,0.0
1721558170829,0.0
1721558174829,0.0
1721558178829,0.0
1721558182829,0.0
1721558186829,0.0
1721558190829,0.0
1721558194829,0.0
1721558198829,0.0
1721558202829,0.0
1721558206829,0.0
1721558210829,0.0
1721558214829,0.0
1721558218829,0.0
1721558222829,0.0
1721558226829,0.0
1721558230829,0.0
1721558234829,0.0
1721558238829,0.0
1721558242829,0.0
1721558246829,0.0
1721558250829,0.0
1721558254829,0.0
1721558258829,0.0
1721558262829,0.0
1721558266829,0.0
1721558270829,0.0
1721558274829,0.0
1721558278829,0.0
1721558282829,0.0
1721558286829,0.0
1721558290829,0.0
1721558294829,0.0
1721558298829,0.0
1721558302829,0.0
1721558306829,0.0
1721558310829,0.0
1721558314829,0.0
1721558318829,0.0
1721558322829,0.0
1721558326829,0.0
1721558330829,0.0
1721558334829,0.0
1721558338829,0.0
1721558342829,0.0
1721558346829,0.0
1721558350829,0.0
1721558354829,0.0
1721558358829,0.0
1721558362829,0.0
1721558366829,0.0
1721558370829,0.0
1721558374829,0.0
1721558378829,0.0
1721558382829,0.0
1721558386829,0.0
1721558390829,0.0
1721558394829,0.0
1721558398829,0.0
1721558402829,0.0
1721558406829,0.0
1721558410829,0.0
1721558414829,0.0
1721558418829,0.0
1721558422829,0.0
1721558426829,0.0
1721558430829,0.0
1721558434829,0.0
1721558438829,0.0
1721558442829,0.0
1721558446829,0.0
1721558450829,0.0
1721558454829,0.0
1721558458829,0.0
1721558462829,0.0
1721558466829,0.0
1721558470829,0.0
1721558474829,0.0
1721558478829,0.0
1721558482829,0.0
1721558486829,0.0
1721558490829,0.0
1721558494829,0.0
1721558498829,0.0
1721558502829,0.0
1721558506829,0.0
1721558510829,0.0
1721558514829,0.0
1721558518829,0.0
1721558522829,0.0
1721558526829,0.0
1721558530829,0.0
1721558534829,0.0
1721558538829,0.0
1721558542829,0.0
1721558546829,0.0
1721558550829,0.0
1721558554829,0.0
1721558558829,0.0
1721558562829,0.0
1721558566829,0.0
1721558570829,0.0
1721558574829,0.0
1721558578829,0.0
1721558582829,0.0
1721558586829,0.0
1721558590829,0.0
1721558594829,0.0
1721558598829,0.0
1721558602829,0.0
1721558606829,0.0
1721558610829,0.0
1721558614829,0.0
1721558618829,0.0
1721558622829,0.0
1721558626829,0.0
1721558630829,0.0
1721558634829,0.0
1721558638829,0.0
1721558642829,0.0
1721558646829,0.0
1721558650829,0.0
1721558654829,0.002008857671982725
1721558658829,0.0
1721558662829,0.2658388319257139
1721558666829,0.08972897601522836
1721558670829,0.5999788246988405
1721558674829,0.5752029134110535
1721558678829,0.49551822575573873
1721558682829,0.5263207100594739
1721558686829,0.40980696508447584
1721558690829,0.4077981074124931
1721558694829,0.3944057229326083
1721558698829,0.4138246804284413
1721558702829,0.3984234382765737
1721558706829,0.40110191517255067
1721558710829,0.4165031573244182
1721558714829,0.4064588689645046
1721558718829,0.4111462035324643
1721558722829,0.4165031573244182
1721558726829,0.4191816342203952
1721558730829,0.595961109354875
1721558734829,0.612701589954731
1721558738829,0.6013180631468289
1721558742829,0.5946218709068865
1721558746829,0.6013180631468289
1721558750829,0.6013180631468289
1721558754829,0.44127906861220517
1721558758829,0.42186011111637217
1721558762829,0.4124854419804528
1721558766829,0.4064588689645046
1721558770829,0.40980696508447584
1721558774829,0.4064588689645046
1721558778829,0.4064588689645046
1721558782829,0.4111462035324643
1721558786829,0.4111462035324643
1721558790829,0.6039965400428059
1721558794829,0.6013180631468289
1721558798829,0.6039965400428059
1721558802829,0.5946218709068865
1721558806829,0.6046661592668001
1721558810829,0.6073446361627771
1721558814829,0.6060053977147886
1721558818829,0.6073446361627771
1721558822829,0.6073446361627771
1721558826829,0.6013180631468289
1721558830829,0.615380066850708
1721558834829,0.6073446361627771
1721558838829,0.6086838746107656
1721558842829,0.6060053977147886
1721558846829,0.6013180631468289
1721558850829,0.6046661592668001
1721558854829,0.6086838746107656
1721558858829,0.6039965400428059
1721558862829,0.6073446361627771
1721558866829,0.002008857671982725
1721558870829,0.018749338271838764
1721558874829,0.255124924341806
1721558878829,0.9341188174719669
1721558882829,2.4039330141393274
1721558886829,2.1615308550534116
1721558890829,0.5082409910116293
1721558894829,0.0
1721558898829,3.67687915895238
1721558902829,7.335678598856916
1721558906829,7.345053267992835
1721558910829,7.342374791096859
1721558914829,7.35041022178479
1721558918829,7.351749460232778
1721558922829,7.357776033248726
1721558926829,7.370498798504617
1721558930829,7.381212706088524
1721558934829,6.702218812958364
1721558938829,6.752440254757932
1721558942829,6.765163020013822
1721558946829,6.765163020013822
1721558950829,6.749761777861955
1721558954829,6.765163020013822
1721558958829,6.765163020013822
1721558962829,6.766502258461811
1721558966829,6.767841496909799
1721558970829,6.77587692759773
1721558974829,6.793956646645575
1721558978829,6.799983219661523
1721558982829,6.796635123541551
1721558986829,6.809357888797442
1721558990829,7.3771949907445595
1721558994829,7.381212706088524
1721558998829,7.379873467640536
1721559002829,7.3838911829845015
1721559006829,7.38523042143249
1721559010829,7.37585575229657
1721559014829,7.374516513848582
1721559018829,7.371838036952605
1721559022829,7.370498798504617
1721559026829,7.365811463936657
1721559030829,7.364472225488669
1721559034829,7.359115271696715
1721559038829,7.367150702384645
1721559042829,7.365811463936657
1721559046829,7.368489940832634
1721559050829,7.37585575229657
1721559054829,7.374516513848582
1721559058829,7.379873467640536
1721559062829,7.382551944536513
1721559066829,7.3979531866883805
1721559070829,7.389917756000449
1721559074829,7.4053189981523175
1721559078829,7.406658236600306
1721559082829,7.4053189981523175
1721559086829,7.388578517552461
1721559090829,7.400631663584358
1721559094829,7.395274709792403
1721559098829,7.400631663584358
1721559102829,7.400631663584358
1721559106829,7.393935471344415
1721559110829,7.403310140480334
1721559114829,7.409336713496283
1721559118829,7.4120151903922595
1721559122829,7.423398717200162
1721559126829,7.427416432544128
1721559130829,7.417372144184213
1721559134829,7.417372144184213
1721559138829,7.414693667288237
1721559142829,7.410675951944271
1721559146829,7.407997475048294
1721559150829,7.4053189981523175
1721559154829,7.4053189981523175
1721559158829,7.403310140480334
1721559162829,7.400631663584358
1721559166829,7.399292425136369
1721559170829,7.406658236600306
1721559174829,7.414693667288237
1721559178829,7.436791101680047
1721559182829,7.439469578576023
1721559186829,7.439469578576023
1721559190829,7.453531582279902
1721559194829,7.45621005917588
1721559198829,7.463575870639816
1721559202829,7.487012543479615
1721559206829,7.507770739423436
1721559210829,7.523171981575303
1721559214829,7.533216269935218
1721559218829,7.542590939071137
1721559222829,7.542590939071137
1721559226829,7.543930177519125
1721559230829,7.547947892863091
1721559234829,7.548617512087085
1721559238829,7.548617512087085
1721559242829,7.549956750535073
1721559246829,7.543930177519125
1721559250829,7.533216269935218
1721559254829,7.512458073991396
1721559258829,7.525850458471281
1721559262829,7.509109977871424
1721559266829,7.494378354943551
1721559270829,7.467593585983781
1721559274829,7.444156913143983
1721559278829,7.448174628487949
1721559282829,7.464915109087805
1721559286829,7.467593585983781
1721559290829,7.448174628487949
1721559294829,7.428755670992116
1721559298829,7.4260771940961385
1721559302829,7.414693667288237
1721559306829,7.427416432544128
1721559310829,7.432773386336081
1721559314829,7.432773386336081
1721559318829,7.45621005917588
1721559322829,7.467593585983781
1721559326829,7.478977112791684
1721559330829,7.478977112791684
1721559334829,7.476968255119701
1721559338829,7.488351781927603
1721559342829,7.488351781927603
1721559346829,7.478977112791684
1721559350829,7.462236632191828
1721559354829,7.450853105383926
1721559358829,7.439469578576023
1721559362829,7.435451863232058
1721559366829,7.420050621080191
1721559370829,7.423398717200162
1721559374829,7.436791101680047
1721559378829,7.444156913143983
1721559382829,7.458888536071856
1721559386829,7.464915109087805
1721559390829,7.474289778223724
1721559394829,7.4970568318395285
1721559398829,7.515136550887373
1721559402829,7.535894746831194
1721559406829,7.545269415967113
1721559410829,7.5606706581189815
1721559414829,7.556652942775016
1721559418829,7.564688373462947
1721559422829,7.573393423374871
1721559426829,7.587455427078751
1721559430829,7.5954908577666815
1721559434829,7.587455427078751
1721559438829,7.582768092510792
1721559442829,7.584776950182774
1721559446829,7.576071900270849
1721559450829,7.584776950182774
1721559454829,7.583437711734786
1721559458829,7.594151619318693
1721559462829,7.591473142422716
1721559466829,7.5887946655267395
1721559470829,7.591473142422716
1721559474829,7.580089615614814
1721559478829,7.583437711734786
1721559482829,7.592812380870705
1721559486829,7.6028566692306185
1721559490829,7.587455427078751
1721559494829,7.5954908577666815
1721559498829,7.6028566692306185
1721559502829,7.614909815262515
1721559506829,7.620936388278463
1721559510829,7.61089209991855
1721559514829,7.613570576814526
1721559518829,7.6095528614705605
1721559522829,7.60151743078263
1721559526829,7.584776950182774
1721559530829,7.582768092510792
1721559534829,7.594151619318693
1721559538829,7.591473142422716
1721559542829,7.584776950182774
1721559546829,7.587455427078751
1721559550829,7.583437711734786
1721559554829,7.587455427078751
1721559558829,7.596830096214671
1721559562829,7.594151619318693
1721559566829,7.60151743078263
1721559570829,7.6095528614705605
1721559574829,7.612231338366538
1721559578829,7.612231338366538
1721559582829,7.591473142422716
1721559586829,7.56200989656697
1721559590829,7.557992181223004
1721559594829,7.570714946478895
1721559598829,7.576071900270849
1721559602829,7.573393423374871
1721559606829,7.5954908577666815
1721559610829,7.596830096214671
1721559614829,7.594151619318693
1721559618829,7.564688373462947
1721559622829,7.549956750535073
1721559626829,7.545269415967113
1721559630829,7.541251700623148
1721559634829,7.545269415967113
1721559638829,7.543930177519125
1721559642829,7.545269415967113
1721559646829,7.545269415967113
1721559650829,7.551295988983062
1721559654829,7.547947892863091
1721559658829,7.535894746831194
1721559662829,7.533216269935218
1721559666829,7.521832743127315
1721559670829,7.529868173815246
1721559674829,7.5318770314872285
1721559678829,7.53991246217516
1721559682829,7.542590939071137
1721559686829,7.533216269935218
1721559690829,7.5318770314872285
1721559694829,7.53053779303924
1721559698829,7.541251700623148
1721559702829,7.533216269935218
1721559706829,7.541251700623148
1721559710829,7.541251700623148
1721559714829,7.548617512087085
1721559718829,7.545269415967113
1721559722829,7.547947892863091
1721559726829,7.527189696919269
1721559730829,7.509109977871424
1721559734829,7.4970568318395285
1721559738829,7.477637874343696
1721559742829,7.467593585983781
1721559746829,7.470272062879759
1721559750829,7.488351781927603
1721559754829,7.471611301327747
1721559758829,7.476968255119701
1721559762829,7.4689328244317705
1721559766829,7.462236632191828
1721559770829,7.4689328244317705
1721559774829,7.452192343831914
1721559778829,7.450853105383926
1721559782829,7.441478436248007
1721559786829,7.438130340128035
1721559790829,7.4896910203755915
1721559794829,7.521832743127315
1721559798829,7.513797312439384
1721559802829,7.499735308735505
1721559806829,7.5037530240794705
1721559810829,7.477637874343696
1721559814829,7.4689328244317705
1721559818829,7.4689328244317705
1721559822829,7.452192343831914
1721559826829,7.438130340128035
1721559830829,7.436791101680047
1721559834829,7.42473795564815
1721559838829,7.409336713496283
1721559842829,7.410675951944271
1721559846829,7.392596232896427
1721559850829,7.361793748592691
1721559854829,7.339696314200881
1721559858829,7.314250783689101
1721559862829,7.289474872401313
1721559866829,7.268716676457492
1721559870829,7.260011626545567
1721559874829,7.260011626545567
1721559878829,7.231217999913815
1721559882829,7.205772469402033
1721559886829,7.170952269754332
1721559890829,7.1434978815705685
1721559894829,7.089258724427035
1721559898829,7.040376521075456
1721559902829,6.977432314019997
1721559906829,6.915157726188532
1721559910829,6.935915922132354
1721559914829,6.966718406436089
1721559918829,6.996181652291836
1721559922829,7.030332232715542
1721559926829,7.059795478571289
1721559930829,7.095954916666978
1721559934829,7.138810547002609
1721559938829,7.174300365874304
1721559942829,7.16425607751439
1721559946829,7.146176358466546
1721559950829,7.134792831658643
1721559954829,7.14215864312258
1721559958829,7.137471308554621
1721559962829,7.134792831658643
1721559966829,7.146176358466546
1721559970829,7.137471308554621
1721559974829,7.125418162522724
1721559978829,7.098633393562954
1721559982829,7.059795478571289
1721559986829,7.050420809435369
1721559990829,7.067161290035226
1721559994829,7.068500528483214
1721559998829,7.041715759523444
1721560002829,7.015600609787668
1721560006829,6.948638687388245
1721560010829,6.909800772396578
1721560014829,6.937255160580342
1721560018829,6.976093075572009
1721560022829,6.977432314019997
1721560026829,6.977432314019997
1721560030829,6.994172794619853
1721560034829,7.041715759523444
1721560038829,7.059795478571289
1721560042829,7.1013118704589315
1721560047829,7.124078924074736
1721560051829,7.103320728130914
1721560055829,7.049751190211375
1721560059829,6.9178362030845095
1721560063829,6.916496964636521
1721560067829,6.998860129187813
1721560071829,7.027653755819565
1721560075829,6.9526564027322095
1721560079829,6.926541252996435
1721560083829,6.942612114372296
1721560087829,6.935915922132354
1721560091829,7.019618325131634
1721560095829,7.104659966578903
1721560099829,7.162916839066402
1721560103829,7.178318081218269
1721560107829,7.169613031306344
1721560111829,7.209790184745999
1721560115829,7.236574953705769
1721560119829,7.254654672753613
1721560123829,7.241931907497722
1721560127829,7.232557238361803
1721560131829,7.138810547002609
1721560135829,7.0517600478833575
1721560139829,6.878998288092843
1721560143829,6.57700001807144
1721560147829,6.540840579975751
1721560151829,6.499324188088108
1721560155829,6.582356971863394
1721560159829,6.610480979271153
1721560163829,6.746413681741983
1721560167829,6.9955120330678415
1721560171829,7.124078924074736
1721560175829,7.161577600618413
1721560179829,7.217155996209935
1721560183829,7.2780913455934115
1721560187829,7.274073630249446
1721560191829,7.282778680161371
1721560195829,7.314250783689101
1721560199829,7.361793748592691
1721560203829,7.386569659880479
1721560207829,7.393935471344415
1721560211829,7.428755670992116
1721560215829,7.452192343831914
1721560219829,7.459558155295851
1721560223829,7.458888536071856
1721560227829,7.459558155295851
1721560231829,7.460897393743839
1721560235829,7.462236632191828
1721560239829,7.4689328244317705
1721560243829,7.476968255119701
1721560247829,7.4896910203755915
1721560251829,7.4896910203755915
1721560255829,7.4896910203755915
1721560259829,7.488351781927603
1721560263829,7.487012543479615
1721560267829,7.498396070287517
1721560271829,7.50509226252746
1721560275829,7.50509226252746
1721560279829,7.5178150277833495
1721560283829,7.516475789335361
1721560287829,7.5178150277833495
1721560291829,7.521832743127315
1721560295829,7.523171981575303
1721560299829,7.527189696919269
1721560303829,7.527189696919269
1721560307829,7.523171981575303
1721560311829,7.524511220023292
1721560315829,7.5178150277833495
1721560319829,7.521832743127315
1721560323829,7.527189696919269
1721560327829,7.529868173815246
1721560331829,7.53053779303924
1721560335829,7.533216269935218
1721560339829,7.5318770314872285
1721560343829,7.533216269935218
1721560347829,7.542590939071137
1721560351829,7.547947892863091
1721560355829,7.549956750535073
1721560359829,7.55263522743105
1721560363829,7.555313704327028
1721560367829,7.548617512087085
1721560371829,7.545269415967113
1721560375829,7.542590939071137
1721560379829,7.534555508383206
1721560383829,7.541251700623148
1721560387829,7.542590939071137
1721560391829,7.543930177519125
1721560395829,7.547947892863091
1721560399829,7.556652942775016
1721560403829,7.557992181223004
1721560407829,7.557992181223004
1721560411829,7.566697231134929
1721560415829,7.566697231134929
1721560419829,7.566697231134929
1721560423829,7.566027611910935
1721560427829,7.5747326618228605
1721560431829,7.568036469582918
1721560435829,7.568036469582918
1721560439829,7.576071900270849
1721560443829,7.578750377166826
1721560447829,7.566697231134929
1721560451829,7.569375708030907
1721560455829,7.573393423374871
1721560459829,7.568036469582918
1721560463829,7.566027611910935
1721560467829,7.556652942775016
1721560471829,7.551295988983062
1721560475829,7.556652942775016
1721560479829,7.564688373462947
1721560483829,7.557992181223004
1721560487829,7.566027611910935
1721560491829,7.568036469582918
1721560495829,7.573393423374871
1721560499829,7.569375708030907
1721560503829,7.559331419670992
1721560507829,7.545269415967113
1721560511829,7.5606706581189815
1721560515829,7.557992181223004
1721560519829,7.559331419670992
1721560523829,7.551295988983062
1721560527829,7.542590939071137
1721560531829,7.542590939071137
1721560535829,7.545269415967113
1721560539829,7.541251700623148
1721560543829,7.545269415967113
1721560547829,7.551295988983062
1721560551829,7.548617512087085
1721560555829,7.547947892863091
1721560559829,7.547947892863091
1721560563829,7.547947892863091
1721560567829,7.547947892863091
1721560571829,7.551295988983062
1721560575829,7.547947892863091
1721560579829,7.548617512087085
1721560583829,7.542590939071137
1721560587829,7.545269415967113
1721560591829,7.55263522743105
1721560595829,7.549956750535073
1721560599829,7.557992181223004
1721560603829,7.559331419670992
1721560607829,7.559331419670992
1721560611829,7.557992181223004
1721560615829,7.557992181223004
1721560619829,7.55263522743105
1721560623829,7.549956750535073
1721560627829,7.548617512087085
1721560631829,7.556652942775016
1721560635829,7.56200989656697
1721560639829,7.557992181223004
1721560643829,7.549956750535073
1721560647829,7.55263522743105
1721560651829,7.55263522743105
1721560655829,7.555313704327028
1721560659829,7.555313704327028
1721560663829,7.557992181223004
1721560667829,7.551295988983062
1721560671829,7.55263522743105
1721560675829,7.548617512087085
1721560679829,7.556652942775016
1721560683829,7.555313704327028
1721560687829,7.545269415967113
1721560691829,7.547947892863091
1721560695829,7.548617512087085
1721560699829,7.542590939071137
1721560703829,7.549956750535073
1721560707829,7.538573223727171
1721560711829,7.543930177519125
1721560715829,7.541251700623148
1721560719829,7.548617512087085
1721560723829,7.549956750535073
1721560727829,7.549956750535073
1721560731829,7.556652942775016
1721560735829,7.55263522743105
1721560739829,7.551295988983062
1721560743829,7.551295988983062
1721560747829,7.555313704327028
1721560751829,7.549956750535073
1721560755829,7.549956750535073
1721560759829,7.535894746831194
1721560763829,7.545269415967113
1721560767829,7.541251700623148
1721560771829,7.53991246217516
1721560775829,7.53053779303924
1721560779829,7.53991246217516
1721560783829,7.543930177519125
1721560787829,7.551295988983062
1721560791829,7.545269415967113
1721560795829,7.53991246217516
1721560799829,7.545269415967113
1721560803829,7.533216269935218
1721560807829,7.542590939071137
1721560811829,7.535894746831194
1721560815829,7.542590939071137
1721560819829,7.545269415967113
1721560823829,7.533216269935218
1721560827829,7.533216269935218
1721560831829,7.542590939071137
1721560835829,7.545269415967113
1721560839829,7.542590939071137
1721560843829,7.534555508383206
1721560847829,7.535894746831194
1721560851829,7.541251700623148
1721560855829,7.538573223727171
1721560859829,7.542590939071137
1721560863829,7.534555508383206
1721560867829,7.53053779303924
1721560871829,7.525850458471281
1721560875829,7.525850458471281
1721560879829,7.521832743127315
1721560883829,7.5318770314872285
1721560887829,7.5318770314872285
1721560891829,7.53991246217516
1721560895829,7.542590939071137
1721560899829,7.543930177519125
1721560903829,7.542590939071137
1721560907829,7.538573223727171
1721560911829,7.535894746831194
1721560915829,7.53991246217516
1721560919829,7.542590939071137
1721560923829,7.535894746831194
1721560927829,7.543930177519125
1721560931829,7.541251700623148
1721560935829,7.5318770314872285
1721560939829,7.515136550887373
1721560943829,7.509109977871424
1721560947829,7.499735308735505
1721560951829,7.513797312439384
1721560955829,7.521832743127315
1721560959829,7.506431500975448
1721560963829,7.4970568318395285
1721560967829,7.432773386336081
1721560971829,7.388578517552461
1721560975829,7.406658236600306
1721560979829,7.441478436248007
1721560983829,7.495717593391539
1721560987829,7.604195907678607
1721560991829,7.630311057414382
1721560995829,7.61892753060648
1721560999829,7.592812380870705
1721561003829,7.523171981575303
1721561007829,7.477637874343696
1721561011829,7.515136550887373
1721561015829,7.45621005917588
1721561019829,7.4120151903922595
1721561023829,7.42473795564815
1721561027829,7.613570576814526
1721561031829,7.679193260765962
1721561035829,7.557992181223004
1721561039829,7.49103025882358
1721561043829,7.476968255119701
1721561047829,7.5178150277833495
1721561051829,7.5606706581189815
1721561055829,7.583437711734786
1721561059829,7.596830096214671
1721561063829,7.570714946478895
1721561067829,7.49103025882358
1721561071829,7.421389859528179
1721561075829,7.487012543479615
1721561079829,7.148854835362522
1721561083829,7.124078924074736
1721561087829,7.274073630249446
1721561091829,7.155551027602465
1721561095829,7.10265110890692
1721561099829,7.374516513848582
1721561103829,7.3202773567050485
1721561107829,7.2780913455934115
1721561111829,7.399292425136369
1721561115829,7.50509226252746
1721561119829,7.349070983336801
1721561123829,7.103320728130914
1721561127829,6.901095722484653
1721561131829,6.969396883332066
1721561135829,6.685478332358508
1721561139829,6.641283463574887
1721561143829,6.426335692672736
1721561147829,6.301116897785813
1721561151829,7.001538606083789
1721561155829,7.357776033248726
1721561159829,7.239253430601745
1721561163829,7.040376521075456
1721561167829,7.027653755819565
1721561171829,7.374516513848582
1721561175829,7.626293342070417
1721561179829,7.1086776819228685
1721561183829,6.5435190568717285
1721561187829,6.618516409959083
1721561191829,6.927880491444423
1721561195829,7.370498798504617
1721561199829,7.737450133253461
1721561203829,7.898828366236073
1721561207829,7.50509226252746
1721561211829,7.294831826193267
1721561215829,7.050420809435369
1721561219829,6.7343605357100875
1721561223829,6.8542223768050565
1721561227829,6.3808015854411275
1721561231829,6.170541149106936
1721561235829,5.754707611006512
1721561239829,5.463423248569017
1721561243829,5.878587167445446
1721561247829,6.898417245588677
1721561251829,7.208450946298011
1721561255829,7.215816757761947
1721561259829,6.276340986498026
1721561263829,6.483922945936241
1721561267829,7.7722703329011615
1721561271829,7.2144775193139585
1721561275829,6.209379064098602
1721561279829,5.620783766207664
1721561283829,5.2719121505066635
1721561287829,5.384408180137696
1721561291829,6.355356054929347
1721561295829,6.628560698318997
1721561299829,5.761403803246454
1721561303829,5.509626975024619
1721561307829,6.0774640769717365
1721561311829,6.108266561275471
1721561315829,5.9783604318205885
1721561319829,6.502002664984086
1721561323829,6.596418975567273
1721561327829,6.583696210311383
1721561331829,7.302197637657204
1721561335829,8.014672491987078
1721561339829,7.733432417909496
1721561343829,7.474289778223724
1721561347829,6.473878657576328
1721561351829,5.835061917885821
1721561355829,6.048000831115989
1721561359829,6.356025674153341
1721561363829,6.446424269392564
1721561367829,6.703558051406352
1721561371829,7.112695397266834
1721561375829,7.7086565066217085
1721561379829,7.92829161209182
1721561383829,7.916908085283918
1721561387829,7.907533416147999
1721561391829,7.879409408740241
1721561395829,7.8573119743484305
1721561399829,7.566027611910935
1721561403829,7.5178150277833495
1721561407829,7.648390776462227
1721561411829,7.672497068526019
1721561415829,7.463575870639816
1721561419829,7.084571389859075
1721561423829,7.346392506440824
1721561427829,7.736110894805472
1721561431829,7.807090532548862
1721561435829,7.825170251596707
1721561439829,7.819813297804752
1721561443829,7.804412055652885
1721561447829,7.7515121369573405
1721561451829,7.804412055652885
1721561455829,7.840571493748574
1721561459829,7.870034739604321
1721561463829,7.896149889340096
1721561467829,7.9209258006278835
1721561471829,7.9209258006278835
1721561475829,7.637007249654324
1721561479829,7.675175545421997
1721561483829,7.819813297804752
1721561487829,7.635668011206336
1721561491829,6.737039012606064
1721561495829,5.492886494424764
1721561499829,6.108266561275471
1721561503829,6.694183382270433
1721561507829,6.393524350697018
1721561511829,6.653336609606784
1721561515829,6.415621785088828
1721561519829,6.153800668507079
1721561523829,6.283037178737969
1721561527829,6.699540336062387
1721561531829,7.32831278739298
1721561535829,7.732093179461507
1721561539829,7.72941470256553
1721561543829,7.7582083291972825
1721561547829,7.5747326618228605
1721561551829,7.351749460232778
1721561555829,7.388578517552461
1721561559829,6.47120018068035
1721561563829,5.764082280142431
1721561567829,5.924121274677055
1721561571829,6.77587692759773
1721561575829,7.392596232896427
1721561579829,7.640355345774296
1721561583829,7.36313298704068
1721561587829,5.950906043636825
1721561591829,4.929067107821612
1721561595829,4.9685746420372725
1721561599829,4.902951958085836
1721561603829,5.470789060032954
1721561607829,6.017867966036249
1721561611829,5.496904209768728
1721561615829,5.19088822440336
1721561619829,5.401148660737553
1721561623829,5.642881200599473
1721561627829,6.354016816481358
1721561631829,7.349070983336801
1721561635829,7.48165558968766
1721561639829,7.367150702384645
1721561643829,7.03635880573149
1721561647829,7.304876114553181
1721561651829,7.594151619318693
1721561655829,7.591473142422716
1721561659829,7.521832743127315
1721561663829,7.032341090387525
1721561667829,6.170541149106936
1721561671829,6.133042472563258
1721561675829,6.8260983693972985
1721561679829,7.297510303089244
1721561683829,7.359115271696715
1721561687829,6.871632476628907
1721561691829,5.885283359685389
1721561695829,5.505609259680654
1721561699829,6.530796291615838
1721561703829,7.280769822489388
1721561707829,7.439469578576023
1721561711829,7.525850458471281
1721561715829,7.4053189981523175
1721561719829,7.2921533492972905
1721561723829,7.35375831790476
1721561727829,7.467593585983781
1721561731829,7.42473795564815
1721561735829,7.535894746831194
1721561739829,7.628971818966394
1721561743829,7.653747730254181
1721561747829,7.582768092510792
1721561751829,7.388578517552461
1721561755829,7.227869903793843
1721561759829,7.196397800266114
1721561763829,6.778555404493707
1721561767829,6.546197533767705
1721561771829,6.712263101318277
1721561775829,7.0236360404755995
1721561779829,7.477637874343696
1721561783829,7.50509226252746
1721561787829,7.392596232896427
1721561791829,7.520493504679327
1721561795829,7.6095528614705605
1721561799829,7.463575870639816
1721561803829,7.187692750354189
1721561807829,7.274073630249446
1721561811829,7.365811463936657
1721561815829,7.512458073991396
1721561819829,7.665131257062083
1721561823829,7.6738363069740085
1721561827829,7.3129115452411115
1721561831829,6.997520890739824
1721561835829,7.326973548944991
1721561839829,7.432773386336081
1721561843829,6.601775929359228
1721561847829,5.863185925293579
1721561851829,5.925460513125043
1721561855829,6.162505718419005
1721561859829,6.262278982794147
1721561863829,6.468521703784373
1721561867829,6.711593482094283
1721561871829,6.9459602104922675
1721561875829,6.782573119837672
1721561879829,6.646640417366841
1721561883829,7.006895559875743
1721561887829,7.388578517552461
1721561891829,7.622275626726451
1721561895829,7.502413785631482
1721561899829,7.280769822489388
1721561903829,7.179657319666258
1721561907829,7.409336713496283
1721561911829,7.612231338366538
1721561915829,7.19907627716209
1721561919829,6.390176254577047
1721561923829,5.725244365150766
1721561927829,5.6462292967194445
1721561931829,6.193977821946734
1721561935829,6.730342820366122
1721561939829,7.112695397266834
1721561943829,7.356436794800738
1721561947829,7.543930177519125
1721561951829,7.635668011206336
1721561955829,7.655086968702169
1721561959829,7.649730014910215
1721561963829,7.647051538014239
1721561967829,7.644373061118261
1721561971829,7.628971818966394
1721561975829,7.613570576814526
1721561979829,7.613570576814526
1721561983829,7.591473142422716
1721561987829,7.586116188630762
1721561991829,7.600847811558636
1721561995829,7.6028566692306185
1721561999829,7.6028566692306185
1721562003829,7.600847811558636
1721562007829,7.600847811558636
1721562011829,7.608213623022572
1721562015829,7.613570576814526
1721562019829,7.6095528614705605
1721562023829,7.6028566692306185
1721562027829,7.627632580518405
1721562031829,7.626293342070417
1721562035829,7.614909815262515
1721562039829,7.60151743078263
1721562043829,7.60151743078263
1721562047829,7.600847811558636
1721562051829,7.6028566692306185
1721562055829,7.605535146126596
1721562059829,7.608213623022572
1721562063829,7.604195907678607
1721562067829,7.617588292158492
1721562071829,7.61089209991855
1721562075829,7.613570576814526
1721562079829,7.61089209991855
1721562083829,7.6028566692306185
1721562087829,7.6028566692306185
1721562091829,7.591473142422716
1721562095829,7.5954908577666815
1721562099829,7.582768092510792
1721562103829,7.569375708030907
1721562107829,7.566027611910935
1721562111829,7.566027611910935
1721562115829,7.559331419670992
1721562119829,7.564688373462947
1721562123829,7.555313704327028
1721562127829,7.564688373462947
1721562131829,7.569375708030907
1721562135829,7.56200989656697
1721562139829,7.56200989656697
1721562143829,7.56200989656697
1721562147829,7.551295988983062
1721562151829,7.543930177519125
1721562155829,7.5318770314872285
1721562159829,7.520493504679327
1721562163829,7.5178150277833495
1721562167829,7.521832743127315
1721562171829,7.53053779303924
1721562175829,7.541251700623148
1721562179829,7.542590939071137
1721562183829,7.5318770314872285
1721562187829,7.543930177519125
1721562191829,7.549956750535073
1721562195829,7.5606706581189815
1721562199829,7.557992181223004
1721562203829,7.548617512087085
1721562207829,7.549956750535073
1721562211829,7.551295988983062
1721562215829,7.545269415967113
1721562219829,7.549956750535073
1721562223829,7.547947892863091
1721562227829,7.549956750535073
1721562231829,7.5606706581189815
1721562235829,7.5606706581189815
1721562239829,7.573393423374871
1721562243829,7.576071900270849
1721562247829,7.577411138718837
1721562251829,7.5887946655267395
1721562255829,7.5887946655267395
1721562259829,7.583437711734786
1721562263829,7.596830096214671
1721562267829,7.5954908577666815
1721562271829,7.600847811558636
1721562275829,7.61089209991855
1721562279829,7.604195907678607
1721562283829,7.612231338366538
1721562287829,7.61089209991855
1721562291829,7.61892753060648
1721562295829,7.604195907678607
1721562299829,7.613570576814526
1721562303829,7.613570576814526
1721562307829,7.61892753060648
1721562311829,7.612231338366538
1721562315829,7.626293342070417
1721562319829,7.635668011206336
1721562323829,7.635668011206336
1721562327829,7.641694584222284
1721562331829,7.647051538014239
1721562335829,7.648390776462227
1721562339829,7.649730014910215
1721562343829,7.641694584222284
1721562347829,7.635668011206336
1721562351829,7.635668011206336
1721562355829,7.631650295862371
1721562359829,7.635668011206336
1721562363829,7.626293342070417
1721562367829,7.630311057414382
1721562371829,7.628971818966394
1721562375829,7.630311057414382
1721562379829,7.628971818966394
1721562383829,7.627632580518405
1721562387829,7.622275626726451
1721562391829,7.61089209991855
1721562395829,7.605535146126596
1721562399829,7.605535146126596
1721562403829,7.600847811558636
1721562407829,7.620936388278463
1721562411829,7.617588292158492
1721562415829,7.612231338366538
1721562419829,7.608213623022572
1721562423829,7.6095528614705605
1721562427829,7.594151619318693
1721562431829,7.577411138718837
1721562435829,7.592812380870705
1721562439829,7.592812380870705
1721562443829,7.586116188630762
1721562447829,7.555313704327028
1721562451829,7.5178150277833495
1721562455829,7.534555508383206
1721562459829,7.605535146126596
1721562463829,7.604195907678607
1721562467829,7.60151743078263
1721562471829,7.577411138718837
1721562475829,7.569375708030907
1721562479829,7.5606706581189815
1721562483829,7.476968255119701
1721562487829,7.4829948281356495
1721562491829,7.591473142422716
1721562495829,7.622275626726451
1721562499829,7.644373061118261
1721562503829,7.655086968702169
1721562507829,7.637676868878319
1721562511829,7.427416432544128
1721562515829,7.192380084922148
1721562519829,6.814714842589396
1721562523829,6.431023027240696
1721562527829,6.159827241523028
1721562531829,5.91072889019717
1721562535829,5.481502967616861
1721562539829,5.089106102356236
1721562543829,5.030849229868736
1721562547829,5.00607331858095
1721562551829,4.912996246445751
1721562555829,4.847373562494314
1721562559829,4.860096327750205
1721562563829,4.868131758438136
1721562567829,4.830633081894458
1721562571829,4.85139127783828
1721562575829,4.87817604679805
1721562579829,4.888889954381957
1721562583829,4.833311558790435
1721562587829,4.860096327750205
1721562591829,4.918353200237704
1721562595829,4.8955861466219
1721562599829,4.77237620940696
1721562603829,4.6578713221039445
1721562607829,4.6290776954721915
1721562611829,4.581534730568601
1721562615829,4.533991765665009
1721562619829,4.552071484712854
1721562623829,2.7487869144963617
1721562627829,2.7903033063840046
1721562631829,4.560776534624779
1721562635829,4.5467145309209
1721562639829,4.5661334884167335
1721562643829,4.613676453320324
1721562647829,4.688673806407679
1721562651829,4.759653444151069
1721562655829,4.766349636391011
1721562659829,4.731529436743311
1721562663829,4.771036970958971
1721562667829,4.833311558790435
1721562671829,4.840007751030378
1721562675829,4.823936889654516
1721562679829,4.801169836038712
1721562683829,4.77237620940696
1721562687829,4.779072401646902
1721562691829,4.7917951669027925
1721562695829,4.830633081894458
1721562699829,4.877506427574056
1721562703829,4.779072401646902
1721562707829,4.732868675191299
1721562711829,4.719476290711414
1721562715829,4.760992682599057
1721562719829,4.948486065317445
1721562723829,5.445343529521172
1721562727829,6.195317060394723
1721562731829,7.03635880573149
1721562735829,7.538573223727171
1721562739829,7.911551131491964
1721562743829,8.043466118618829
1721562747829,8.076947079818542
1721562751829,8.066233172234634
1721562755829,7.804412055652885
1721562759829,7.600847811558636
1721562763829,7.875391693396275
1721562767829,8.005967442075152
1721562771829,8.001949726731187
1721562775829,7.894810650892108
1721562779829,7.525850458471281
1721562783829,7.1515333122585
1721562787829,6.972075360228043
1721562791829,7.208450946298011
1721562795829,7.705308410501737
1721562799829,7.7796361443650985
1721562803829,7.7441463254934035
1721562807829,7.812447486340816
1721562811829,7.9557460002755835
1721562815829,8.018690207331042
1721562819829,7.812447486340816
1721562823829,7.280769822489388
1721562827829,7.205772469402033
1721562831829,7.367150702384645
1721562835829,7.226530665345854
1721562839829,6.960691833420141
1721562843829,7.10265110890692
1721562847829,7.338357075752893
1721562851829,7.093276439771
1721562855829,6.937255160580342
1721562859829,7.001538606083789
1721562863829,7.119391589506776
1721562867829,7.22251295000189
1721562871829,7.333669741184933
1721562875829,7.16425607751439
1721562879829,6.7343605357100875
1721562883829,5.948227566740847
1721562887829,5.590650901127923
1721562891829,6.121658945755356
1721562895829,6.59909745246325
1721562899829,6.337276335881502
1721562903829,5.529045932520453
1721562907829,5.275929865850629
1721562911829,5.228386900947038
1721562915829,5.125265540451925
1721562919829,5.0603124757244835
1721562923829,5.119908586659971
1721562927829,5.316107019290284
1721562931829,5.99911862776441
1721562935829,7.015600609787668
1721562939829,7.699951456709783
1721562943829,7.855972735900441
1721562947829,7.845928447540528
1721562951829,7.831866443836649
1721562955829,7.804412055652885
1721562959829,7.770931094453173
1721562963829,7.711334983517686
1721562967829,7.649730014910215
1721562971829,7.672497068526019
1721562975829,7.690576787573864
1721562979829,7.707986887397714
1721562983829,7.7086565066217085
1721562987829,7.697272979813807
1721562991829,7.685889453005904
1721562995829,7.684550214557916
1721562999829,7.676514783869985
1721563003829,7.675175545421997
1721563007829,7.671827449302025
1721563011829,7.65843506482214
1721563015829,7.655086968702169
1721563019829,7.637007249654324
1721563023829,7.622275626726451
1721563027829,7.605535146126596
1721563031829,7.5954908577666815
1721563035829,7.591473142422716
1721563039829,7.608213623022572
1721563043829,7.612231338366538
1721563047829,7.60151743078263
1721563051829,7.583437711734786
1721563055829,7.570714946478895
1721563059829,7.576071900270849
1721563063829,7.570714946478895
1721563068829,7.570714946478895
1721563072829,7.570714946478895
1721563076829,7.555313704327028
1721563080829,7.557992181223004
1721563084829,7.578750377166826
1721563088829,7.596830096214671
1721563092829,7.599508573110647
1721563096829,7.5887946655267395
1721563098389,7.03125
1721563100829,7.570714946478895
1721563104829,7.5747326618228605
1721563106202,7.03125
1721563108829,7.5747326618228605
1721563112829,7.564688373462947
1721563116829,7.570714946478895
1721563120829,7.573393423374871
1721563124829,7.578750377166826
1721563128829,7.580089615614814
1721563132829,7.587455427078751
1721563136829,7.586116188630762
1721563140829,7.596830096214671
1721563144829,7.599508573110647
1721563149829,7.605535146126596
1721563153829,7.612231338366538
1721563157829,7.6095528614705605
1721563161829,7.628971818966394
1721563165829,7.639016107326308
1721563169829,7.637676868878319
1721563173829,7.647051538014239
1721563177829,7.628971818966394
1721563181829,7.62361486517444
1721563185829,7.630311057414382
1721563189829,7.628971818966394
1721563192829,7.61892753060648
1721563192836,7.622275626726451
1721563193870,7.61089209991855
1721563194898,7.6095528614705605
1721563195913,7.6028566692306185
1721563196886,7.605535146126596
1721563197879,7.599508573110647
1721563198883,7.5954908577666815
1721563199870,7.596830096214671
1721563200861,7.596830096214671
1721563201866,7.594151619318693
1721563202872,7.599508573110647
1721563203862,7.599508573110647
1721563204867,7.599508573110647
1721563205872,7.604195907678607
1721563206870,7.600847811558636
1721563207872,7.587455427078751
1721563208880,7.592812380870705
1721563209883,7.587455427078751
1721563210881,7.587455427078751
1721563211882,7.592812380870705
1721563212873,7.569375708030907
1721563213886,7.568036469582918
1721563214887,7.566697231134929
1721563215874,7.559331419670992
1721563216874,7.551295988983062
1721563217884,7.55263522743105
1721563218879,7.55263522743105
1721563219879,7.543930177519125
1721563220883,7.541251700623148
1721563221876,7.548617512087085
1721563222881,7.538573223727171
1721563223884,7.543930177519125
1721563224918,7.547947892863091
1721563225867,7.548617512087085
1721563226877,7.549956750535073
1721563227863,7.548617512087085
1721563228872,7.543930177519125
1721563229875,7.535894746831194
1721563230869,7.53991246217516
1721563231869,7.527189696919269
1721563232880,7.525850458471281
1721563233870,7.523171981575303
1721563234874,7.516475789335361
1721563235875,7.521832743127315
1721563236869,7.516475789335361
1721563237886,7.516475789335361
1721563238897,7.515136550887373
1721563239876,7.515136550887373
1721563240883,7.524511220023292
1721563241882,7.515136550887373
1721563242888,7.511788454767402
1721563243879,7.512458073991396
1721563244886,7.507770739423436
1721563245874,7.507770739423436
1721563246879,7.4970568318395285
1721563247883,7.49103025882358
1721563248890,7.48165558968766
1721563249878,7.477637874343696
1721563250873,7.474289778223724
1721563251873,7.476968255119701
1721563252882,7.476968255119701
1721563253885,7.474289778223724
1721563254873,7.471611301327747
1721563255880,7.4689328244317705
1721563256886,7.470272062879759
1721563257874,7.462236632191828
1721563258879,7.460897393743839
1721563259874,7.4548708207278915
1721563260862,7.442817674695995
1721563261873,7.430094909440104
1721563262887,7.4260771940961385
1721563263862,7.427416432544128
1721563264870,7.4260771940961385
1721563265872,7.42473795564815
1721563266863,7.4120151903922595
1721563267868,7.414693667288237
1721563268875,7.399292425136369
1721563269867,7.406658236600306
1721563270877,7.389917756000449
1721563271874,7.395274709792403
1721563272873,7.3912569944484385
1721563273879,7.388578517552461
1721563274882,7.3838911829845015
1721563275890,7.3912569944484385
1721563276881,7.395274709792403
1721563277873,7.3838911829845015
1721563278822,7.38523042143249
1721563279830,7.3912569944484385
1721563280876,7.386569659880479
1721563281822,7.3979531866883805
1721563282870,7.38523042143249
1721563283871,7.382551944536513
1721563284862,7.37585575229657
1721563285868,7.368489940832634
1721563285903,6.894171813881303
1721563286676,0.0
1721563289903,6.87849754184174
1721563293903,6.856553560986352
1721563297903,6.8358635218941295
1721563301903,6.832728667486217
1721563305903,6.839625347183625
1721563309903,6.832728667486217
1721563313903,6.8358635218941295
1721563317903,6.840879288946789
1721563321903,6.839625347183625
1721563325903,6.8358635218941295
1721563329903,6.820189249854566
1721563333903,6.8132925701571585
1721563337903,6.832728667486217
1721563342903,6.843387172473119
1721563346903,6.8540456774600225
1721563350903,6.87097389126275
1721563354903,6.869719949499585
1721563358903,6.885394221539148
1721563362903,6.8835133088944005
1721563366903,6.8835133088944005
1721563370903,6.886648163302313
1721563374903,6.8904099885918075
1721563378903,6.8835133088944005
1721563382903,6.892917872118138
1721563386903,6.899187580933963
1721563390903,6.894171813881303
1721563394903,6.899187580933963
1721563398903,6.894171813881303
1721563402903,6.889156046828643
1721563406903,6.885394221539148
1721563410903,6.887902105065478
1721563414903,6.894171813881303
1721563418903,6.8835133088944005
1721563422903,6.8904099885918075
1721563426903,6.879751483604905
1721563430903,6.857807502749517
1721563434903,6.860315386275848
1721563438903,6.8653311533285075
1721563442903,6.8653311533285075
1721563446903,6.86846600773642
1721563450903,6.862823269802178
1721563454903,6.861569328039012
1721563458903,6.86846600773642
1721563462903,6.864077211565342
1721563466903,6.8496568812889445
1721563470903,6.852791735696857
1721563474903,6.8496568812889445
1721563478903,6.860315386275848
1721563482903,6.861569328039012
1721563486903,6.8722278330259154
1721563490903,6.886648163302313
1721563494903,6.887902105065478
1721563498903,6.8835133088944005
1721563502903,6.879751483604905
1721563506903,6.881005425368071
1721563510903,6.894171813881303
1721563514903,6.879751483604905
1721563518903,6.885394221539148
1721563522903,6.879751483604905
1721563526903,6.86846600773642
1721563530903,6.86846600773642
1721563534903,6.866585095091672
1721563538903,6.8653311533285075
1721563542903,6.866585095091672
1721563546903,6.87849754184174
1721563550903,6.869719949499585
1721563554903,6.864077211565342
1721563558903,6.861569328039012
1721563562903,6.860315386275848
1721563566903,6.860315386275848
1721563570903,6.852791735696857
1721563574903,6.845895055999449
1721563578903,6.8515377939336926
1721563582903,6.8540456774600225
1721563586903,6.861569328039012
1721563590903,6.874735716552245
1721563594903,6.879751483604905
1721563598903,6.8835133088944005
1721563602903,6.87348177478908
1721563606903,6.866585095091672
1721563610903,6.866585095091672
1721563614903,6.8653311533285075
1721563618903,6.87097389126275
1721563622903,6.8653311533285075
1721563626903,6.864077211565342
1721563630903,6.869719949499585
1721563634903,6.862823269802178
1721563638903,6.860315386275848
1721563642903,6.856553560986352
1721563646903,6.84840293952578
1721563650903,6.8471489977626145
1721563654903,6.8496568812889445
1721563658903,6.855299619223187
1721563662903,6.84840293952578
1721563666903,6.8515377939336926
1721563670903,6.838371405420459
1721563674903,6.838371405420459
1721563678903,6.8358635218941295
1721563682903,6.838371405420459
1721563686903,6.8314747257230515
1721563690903,6.838371405420459
1721563694903,6.823951075144062
1721563698903,6.822697133380896
1721563702903,6.827712900433557
1721563706903,6.821443191617732
1721563710903,6.822697133380896
1721563714903,6.828966842196722
1721563718903,6.821443191617732
1721563722903,6.823951075144062
1721563726903,6.832728667486217
1721563730903,6.584448198379542
1721563734903,6.837117463657294
1721563738903,6.837117463657294
1721563742903,6.838371405420459
1721563746903,6.830220783959887
1721563750903,6.838371405420459
1721563754903,6.840879288946789
1721563758903,6.844641114236285
1721563762903,6.833982609249381
1721563766903,6.8358635218941295
1721563770903,6.832728667486217
1721563774903,6.830220783959887
1721563778903,6.822697133380896
1721563782903,6.814546511920324
1721563786903,6.818935308091402
1721563790903,6.825205016907226
1721563794903,6.815800453683489
1721563798903,6.8132925701571585
1721563802903,6.797618298117596
1721563806903,6.7744203754990435
1721563810903,6.76125398698581
1721563814903,6.767523695801636
1721563818903,6.773166433735878
1721563822903,6.771912491972713
1721563826903,6.76376187051214
1721563830903,6.7562382199331505
1721563834903,6.769404608446383
1721563838903,6.76626975403847
1721563842903,6.746833656709413
1721563846903,6.738056064367258
1721563850903,6.739310006130422
1721563854903,6.743071831419917
1721563858903,6.73366726819618
1721563862903,6.73366726819618
1721563866903,6.736802122604092
1721563870903,6.73366726819618
1721563874903,6.7405639478935875
1721563878903,6.739310006130422
1721563882903,6.750595481998908
1721563886903,6.76626975403847
1721563890903,6.786332822249111
1721563894903,6.8020070942886734
1721563898903,6.830220783959887
1721563902903,6.823951075144062
1721563906903,6.8358635218941295
1721563910903,6.8358635218941295
1721563914903,6.838371405420459
1721563918903,6.845895055999449
1721563922903,6.8540456774600225
1721563926903,6.864077211565342
1721563930903,6.862823269802178
1721563934903,6.857807502749517
1721563938903,6.860315386275848
1721563942903,6.866585095091672
1721563946903,6.857807502749517
1721563950903,6.839625347183625
1721563954903,6.8471489977626145
1721563958903,6.8471489977626145
1721563962903,6.840879288946789
1721563966903,6.821443191617732
1721563970903,6.815800453683489
1721563974903,6.810784686630829
1721563978903,6.815800453683489
1721563982903,6.808276803104499
1721563986903,6.807022861341334
1721563990903,6.808276803104499
1721563994903,6.796364356354431
1721563998903,6.787586764012276
1721564002903,6.779436142551703
1721564006903,6.76626975403847
1721564010903,6.757492161696315
1721564014903,6.743071831419917
1721564018903,6.745579714946247
1721564022903,6.732413326433015
1721564026903,6.729905442906685
1721564030903,6.732413326433015
1721564034903,6.711723287340792
1721564038903,6.705453578524967
1721564042903,6.6973029570643945
1721564046903,6.682882626787997
1721564050903,6.676612917972172
1721564054903,6.672851092682676
1721564058903,6.672851092682676
1721564062903,6.681628685024831
1721564066903,6.674105034445841
1721564070903,6.671597150919511
1721564074903,6.672851092682676
1721564078903,6.6678353256300165
1721564082903,6.6634465294589384
1721564086903,6.657176820643113
1721564090903,6.657176820643113
1721564094903,6.659684704169443
1721564098903,6.650280140945706
1721564102903,6.647772257419375
1721564106903,6.63899466507722
1721564110903,6.63899466507722
1721564114903,6.6270822183271525
1721564118903,6.624574334800823
1721564122903,6.615169771577085
1721564126903,6.617050684221833
1721564130903,6.618304625984997
1721564134903,6.60890006276126
1721564138903,6.60890006276126
1721564142903,6.598241557774357
1721564146903,6.602630353945435
1721564150903,6.60890006276126
1721564154903,6.60639217923493
1721564158903,6.624574334800823
1721564162903,6.64150254860355
1721564166903,6.655922878879949
1721564170903,6.674105034445841
1721564174903,6.680374743261666
1721564178903,6.681628685024831
1721564182903,6.687271422959074
1721564186903,6.6791208014985015
1721564190903,6.675358976209006
1721564194903,6.681628685024831
1721564198903,6.689779306485404
1721564202903,6.6791208014985015
1721564206903,6.6678353256300165
1721564210903,6.671597150919511
1721564214903,6.659684704169443
1721564218903,6.64150254860355
1721564222903,6.654668937116783
1721564226903,6.64150254860355
1721564230903,6.63397889802456
1721564234903,6.635232839787726
1721564238903,6.63397889802456
1721564242903,6.63397889802456
1721564246903,6.630844043616648
1721564250903,6.635232839787726
1721564254903,6.646518315656211
1721564258903,6.642756490366716
1721564262903,6.650280140945706
1721564266903,6.629590101853483
1721564270903,6.630844043616648
1721564274903,6.624574334800823
1721564278903,6.618304625984997
1721564282903,6.617050684221833
1721564286903,6.60890006276126
1721564290903,6.607646120998095
1721564294903,6.60639217923493
1721564298903,6.61642371334025
1721564302903,6.617050684221833
1721564306903,6.624574334800823
1721564310903,6.633351927142978
1721564314903,6.640248606840386
1721564318903,6.632097985379813
1721564322903,6.6270822183271525
1721564326903,6.623320393037658
1721564330903,6.605138237471765
1721564334903,6.596987616011193
1721564338903,6.599495499537523
1721564342903,6.599495499537523
1721564346903,6.598241557774357
1721564350903,6.590717907195367
1721564354903,6.598241557774357
1721564358903,6.591971848958532
1721564362903,6.591971848958532
1721564366903,6.599495499537523
1721564370903,6.607646120998095
1721564374903,6.61642371334025
1721564378903,6.622066451274493
1721564382903,6.63899466507722
1721564386903,6.646518315656211
1721564390903,6.635232839787726
1721564394903,6.622066451274493
1721564398903,6.623320393037658
1721564402903,6.618304625984997
1721564406903,6.61642371334025
1721564410903,6.60890006276126
1721564414903,6.61642371334025
1721564418903,6.607646120998095
1721564422903,6.605138237471765
1721564426903,6.60639217923493
1721564430903,6.61140794628759
1721564434903,6.607646120998095
1721564438903,6.610154004524425
1721564442903,6.60639217923493
1721564446903,6.60137641218227
1721564450903,6.571281809866309
1721564454903,6.5474569163661736
1721564458903,6.544949032839844
1721564462903,6.543695091076679
1721564466903,6.507330779944893
1721564470903,6.482251944681592
1721564474903,6.462815847352535
1721564478903,6.4408718664971465
1721564482903,6.417673943878594
1721564486903,6.403253613602196
1721564490903,6.412031205944351
1721564494903,6.437110041207652
1721564498903,6.430213361510244
1721564502903,6.4339751867997395
1721564506903,6.4408718664971465
1721564510903,6.427705477983914
1721564514903,6.437110041207652
1721564518903,6.434602157681321
1721564522903,6.432721245036574
1721564526903,6.426451536220749
1721564530903,6.4339751867997395
1721564534903,6.430213361510244
1721564538903,6.4339751867997395
1721564542903,6.417673943878594
1721564546903,6.427705477983914
1721564550903,6.423943652694419
1721564554903,6.413285147707517
1721564558903,6.417046972997011
1721564562903,6.432721245036574
1721564566903,6.426451536220749
1721564570903,6.412031205944351
1721564574903,6.3637544480624975
1721564578903,6.111085182784746
1721564582903,5.001346722383699
1721564586903,3.7994435423900232
1721564590903,3.545520335349106
1721564594903,3.4984975192304173
1721564598903,3.5041402571646603
1721564602903,3.519814529204223
1721564606903,3.545520335349106
1721564610903,3.6615099484418705
1721564614903,3.906655563140633
1721564618903,4.886611051054099
1721564622903,4.864040099317129
1721564626903,4.80949363261945
1721564630903,5.018274936186427
1721564634903,5.389441698083274
1721564638903,5.652769468347929
1721564642903,5.7687590814406935
1721564646903,4.8853571092909345
1721564650903,4.491619395657117
1721564654903,4.520460056209912
1721564658903,4.869682837251371
1721564662903,4.580022289960251
1721564666903,4.227037683629296
1721564670903,3.9354962236934283
1721564674903,3.8558709217324494
1721564678903,3.8546169799692844
1721564682903,3.9549323210224863
1721564686903,3.892235232864235
1721564690903,3.8546169799692844
1721564694903,4.184403663681686
1721564698903,4.682845514539783
1721564702903,5.0101243147258545
1721564706903,5.269690259701014
1721564710903,5.250254162371956
1721564714903,5.170628860410977
1721564718903,5.1442960833845115
1721564722903,5.158716413660909
1721564726903,4.942411459514942
1721564730903,4.582530173486581
1721564734903,4.311678752642936
1721564738903,4.120452633760269
1721564742903,4.124214459049765
1721564746903,4.200077935721248
1721564750903,4.270298674458489
1721564754903,4.270298674458489
1721564758903,4.252116518892597
1721564762903,4.30290116030078
1721564766903,4.4652866186306515
1721564770903,4.749304427987529
1721564774903,5.129875753108114
1721564778903,5.470320941807418
1721564782903,5.795718829348742
1721564786903,6.055284774323902
1721564790903,6.182559863285152
1721564794903,6.21955114529852
1721564798903,6.242749067917073
1721564802903,6.242749067917073
1721564806903,6.262185165246131
1721564810903,6.042118385810669
1721564814903,6.275351553759363
1721564818903,6.279113379048859
1721564822903,6.284756116983101
1721564826903,6.279113379048859
1721564830903,6.281621262575189
1721564834903,6.271589728469868
1721564838903,6.2728436702330335
1721564842903,6.269081844943538
1721564846903,6.260931223482966
1721564850903,6.260931223482966
1721564854903,6.260931223482966
1721564858903,6.263439107009296
1721564862903,6.263439107009296
1721564866903,6.2596772817198
1721564870903,6.262185165246131
1721564874903,6.269081844943538
1721564878903,6.275351553759363
1721564882903,6.2728436702330335
1721564886903,6.275351553759363
1721564890903,6.2728436702330335
1721564894903,6.275351553759363
1721564898903,6.267827903180374
1721564902903,6.269081844943538
1721564906903,6.260931223482966
1721564910903,6.255915456430306
1721564914903,6.249018776732898
1721564918903,6.247764834969733
1721564922903,6.249018776732898
1721564926903,6.249018776732898
1721564930903,6.240241184390743
1721564934903,6.240241184390743
1721564938903,6.230836621167005
1721564942903,6.22707479587751
1721564946903,6.223312970588015
1721564950903,6.21955114529852
1721564954903,6.2182972035353545
1721564958903,6.2182972035353545
1721564962903,6.21704326177219
1721564966903,6.2114005238379475
1721564970903,6.206384756785287
1721564974903,6.201368989732627
1721564978903,6.1932183682720545
1721564982903,6.185694717693064
1721564986903,6.181305921521987
1721564990903,6.178798037995657
1721564994903,6.173782270942996
1721564998903,6.172528329179832
1721565002903,6.156854057140269
1721565006903,6.161869824192929
1721565010903,6.161869824192929
1721565014903,6.147449493916531
1721565018903,6.148703435679696
1721565022903,6.148703435679696
1721565026903,6.146195552153366
1721565030903,6.144941610390201
1721565034903,6.151838290087609
1721565038903,6.1317752218769686
1721565042903,6.124251571297978
1721565046903,6.137417959811211
1721565050903,6.1411797851007055
1721565054903,6.139925843337541
1721565058903,6.160615882429764
1721565062903,6.160615882429764
1721565066903,6.156854057140269
1721565070903,6.165631649482424
1721565074903,6.164377707719259
1721565078903,6.160615882429764
1721565082903,6.154346173613939
1721565086903,6.155600115377104
1721565090903,6.156854057140269
1721565094903,6.170020445653502
1721565098903,6.186948659456229
1721565102903,6.189456542982559
1721565106903,6.208892640311618
1721565110903,6.2114005238379475
1721565114903,6.212654465601112
1721565118903,6.220805087061685
1721565122903,6.228328737640675
1721565126903,6.238987242627577
1721565130903,6.242749067917073
1721565134903,6.253407572903976
1721565138903,6.252153631140811
1721565142903,6.2546615146671405
1721565146903,6.2596772817198
1721565150903,6.277859437285693
1721565154903,6.279113379048859
1721565158903,6.280367320812023
1721565162903,6.292279767562091
1721565166903,6.296041592851586
1721565170903,6.300430389022664
1721565174903,6.302938272548994
1721565178903,6.310461923127984
1721565182903,6.316731631943809
1721565186903,6.324882253404382
1721565190903,6.334286816628119
1721565194903,6.34181046720711
1721565198903,6.353722913957178
1721565202903,6.3637544480624975
1721565206903,6.3637544480624975
1721565210903,6.3681432442335755
1721565214903,6.3681432442335755
1721565218903,6.3681432442335755
1721565222903,6.352468972194012
1721565226903,6.338048641917615
1721565230903,6.338048641917615
1721565234903,6.33930258368078
1721565238903,6.331151962220207
1721565242903,6.316731631943809
1721565246903,6.311715864891149
1721565250903,6.299803418141082
1721565254903,6.286010058746267
1721565258903,6.2885179422725965
1721565262903,6.289771884035761
1721565266903,6.289771884035761
1721565270903,6.281621262575189
1721565274903,6.286010058746267
1721565278903,6.294787651088422
1721565282903,6.299803418141082
1721565286903,6.304192214312159
1721565290903,6.301684330785829
1721565294903,6.309207981364819
1721565298903,6.305446156075324
1721565302903,6.299803418141082
1721565306903,6.299803418141082
1721565310903,6.293533709325256
1721565314903,6.299803418141082
1721565318903,6.299803418141082
1721565322903,6.304192214312159
1721565326903,6.304192214312159
1721565330903,6.310461923127984
1721565334903,6.309207981364819
1721565338903,6.304192214312159
1721565342903,6.301684330785829
1721565346903,6.293533709325256
1721565350903,6.2841291461015185
1721565354903,6.286010058746267
1721565358903,6.280367320812023
1721565362903,6.279113379048859
1721565366903,6.276605495522529
1721565370903,6.2728436702330335
1721565374903,6.271589728469868
1721565378903,6.267200932298791
1721565382903,6.263439107009296
1721565386903,6.260931223482966
1721565390903,6.2546615146671405
1721565394903,6.255915456430306
1721565398903,6.249018776732898
1721565402903,6.22707479587751
1721565406903,6.2295826794038405
1721565410903,6.220805087061685
1721565414903,6.220805087061685
1721565418903,6.230836621167005
1721565422903,6.230836621167005
1721565426903,6.2364793591012475
1721565430903,6.2114005238379475
1721565434903,6.2114005238379475
1721565438903,6.203876873258957
1721565442903,6.202622931495792
1721565446903,6.186948659456229
1721565450903,6.180051979758821
1721565454903,6.1775440962324915
1721565458903,6.170020445653502
1721565462903,6.158107998903434
1721565466903,6.148703435679696
1721565470903,6.128013396587473
1721565474903,6.087887260166192
1721565478903,5.748696013230053
1721565482903,5.6822370997823075
1721565486903,5.846503470756925
1721565490903,6.009515899968378
1721565494903,6.056538716087067
1721565498903,6.061554483139727
1721565502903,6.049642036389659
1721565506903,6.035848676994844
1721565510903,6.037102618758009
1721565514903,6.038356560521174
1721565518903,5.986317977349826
1721565522903,5.915470267731002
1721565526903,5.855908033980663
1721565530903,5.665308885979579
1721565534903,5.077837169936766
1721565538903,5.164986122476734
1721565542903,5.220159560055996
1721565546903,5.454646669767855
1721565550903,5.600103914294998
1721565554903,5.744934187940558
1721565558903,6.003246191152553
1721565562903,6.005754074678883
1721565566903,5.956223375033865
1721565570903,5.968135821783933
1721565574903,6.003246191152553
1721565578903,5.996349511455145
1721565582903,5.975659472362922
1721565586903,5.970643705310263
1721565590903,5.898542053928273
1721565594903,5.827067373427868
1721565598903,5.801361567282984
1721565602903,5.398219290425429
1721565606903,5.217024705648083
1721565610903,4.752439282395442
1721565614903,4.143650556378822
1721565618903,3.7580634642055775
1721565622903,3.605709539981027
1721565626903,3.5756149376650663
1721565630903,3.6590020649155406
1721565634903,3.6709145116656083
1721565638903,3.608217423507357
1721565642903,3.5743609959019014
1721565646903,3.5417585100596107
1721565650903,3.5342348594806205
1721565654903,3.5511630732833486
1721565658903,3.5624485491518336
1721565662903,3.5731070541387364
1721565666903,3.630161404362745
1721565670903,3.711040648086889
1721565674903,3.8364348244033915
1721565678903,4.033303681220301
1721565682903,4.274060499747985
1721565686903,4.6333148148947645
1721565690903,4.9399035759886125
1721565694903,5.174390685700472
1721565698903,5.338657056675091
1721565702903,5.523613466741931
1721565706903,5.655277351874259
1721565710903,5.669697682150657
1721565714903,5.626436691321463
1721565718903,5.6345873127820365
1721565722903,5.731767799427326
1721565726903,5.773774848493354
1721565730903,5.790703062296082
1721565734903,5.793210945822412
1721565738903,5.7618624017432865
1721565742903,5.72800597413783
1721565746903,5.694149546532375
1721565750903,5.708569876808773
1721565754903,5.755592692927461
1721565758903,5.720482323558841
1721565762903,5.5505732146499795
1721565766903,5.411385678938662
1721565770903,5.338657056675091
1721565774903,5.341164940201421
1721565778903,5.469067000044253
1721565782903,5.643364905124192
1721565786903,5.7436802461773935
1721565790903,5.729259915900996
1721565794903,5.6916416630060445
1721565798903,5.708569876808773
1721565802903,5.773774848493354
1721565806903,5.852146208691168
1721565810903,5.909200558915177
1721565814903,5.943056986520632
1721565818903,5.956223375033865
1721565822903,5.96249308384969
1721565826903,5.95998520032336
1721565830903,5.95747731679703
1721565834903,5.956223375033865
1721565838903,5.951207607981205
1721565842903,5.95747731679703
1721565846903,5.9480727535732925
1721565850903,5.941803044757467
1721565854903,5.9298905980073995
1721565858903,5.915470267731002
1721565862903,5.912962384204672
1721565866903,5.898542053928273
1721565870903,5.909200558915177
1721565874903,5.907946617152011
1721565878903,5.910454500678341
1721565882903,5.922366947428409
1721565886903,5.9298905980073995
1721565890903,5.931144539770564
1721565894903,5.939295161231137
1721565898903,5.9480727535732925
1721565902903,5.951207607981205
1721565906903,5.9549694332706995
1721565910903,5.963747025612855
1721565914903,5.966254909139185
1721565918903,5.966254909139185
1721565922903,5.9731515888365925
1721565926903,5.983810093823496
1721565930903,5.983183122941913
1721565934903,5.996349511455145
1721565938903,5.9913337444024855
1721565942903,5.998857394981476
1721565946903,6.008261958205213
1721565950903,6.005754074678883
1721565954903,6.003246191152553
1721565958903,6.017666521428951
1721565962903,6.022682288481612
1721565966903,6.020174404955281
1721565970903,6.0251901720079415
1721565974903,6.023936230244776
1721565978903,6.038356560521174
1721565982903,6.039610502284339
1721565986903,6.044626269336999
1721565990903,6.049642036389659
1721565994903,6.0502690072712415
1721565998903,6.056538716087067
1721566002903,6.054030832560737
1721566006903,6.054030832560737
1721566010903,6.052776890797571
1721566014903,6.054030832560737
1721566018903,6.056538716087067
1721566022903,6.0502690072712415
1721566026903,6.056538716087067
1721566030903,6.057792657850232
1721566034903,6.055284774323902
1721566038903,6.057792657850232
1721566042903,6.057792657850232
1721566046903,6.0502690072712415
1721566050903,6.061554483139727
1721566054903,6.056538716087067
1721566058903,6.055284774323902
1721566062903,6.048388094626494
1721566066903,6.048388094626494
1721566070903,6.044626269336999
1721566074903,6.044626269336999
1721566078903,6.038356560521174
1721566082903,6.035848676994844
1721566086903,6.030205939060601
1721566090903,6.030205939060601
1721566094903,6.033967764350097
1721566098903,6.035848676994844
1721566102903,6.030205939060601
1721566106903,6.037102618758009
1721566110903,6.031459880823767
1721566114903,6.033967764350097
1721566118903,6.031459880823767
1721566122903,6.0251901720079415
1721566126903,6.028951997297436
1721566130903,6.017666521428951
1721566134903,6.017666521428951
1721566138903,6.014531667021038
1721566142903,6.012023783494708
1721566146903,6.0070080164420485
1721566150903,5.996349511455145
1721566154903,5.995095569691981
1721566158903,5.996349511455145
1721566162903,6.000111336744641
1721566166903,6.000111336744641
1721566170903,5.992587686165651
1721566174903,5.9888258608761555
1721566178903,5.986317977349826
1721566182903,5.976913414126088
1721566186903,5.976913414126088
1721566190903,5.976913414126088
1721566194903,5.968135821783933
1721566198903,5.96249308384969
1721566202903,5.96249308384969
1721566206903,5.943056986520632
1721566210903,5.936787277704807
1721566214903,5.92738271448107
1721566218903,5.92487483095474
1721566222903,5.921113005665244
1721566226903,5.910454500678341
1721566230903,5.917351180375749
1721566234903,5.912962384204672
1721566238903,5.912962384204672
1721566242903,5.907946617152011
1721566246903,5.899795995691439
1721566250903,5.901676908336186
1721566254903,5.899795995691439
1721566258903,5.891018403349284
1721566262903,5.889764461586118
1721566266903,5.8753441313097206
1721566270903,5.874090189546556
1721566274903,5.860923801033323
1721566278903,5.852146208691168
1721566282903,5.852146208691168
1721566286903,5.846503470756925
1721566290903,5.84274164546743
1721566294903,5.846503470756925
1721566298903,5.854654092217498
1721566302903,5.8502652960464205
1721566306903,5.846503470756925
1721566310903,5.841487703704265
1721566314903,5.84274164546743
1721566318903,5.832083140480528
1721566322903,5.83521799488844
1721566326903,5.823305548138372
1721566330903,5.807631276098809
1721566334903,5.800734596401402
1721566338903,5.784433353480257
1721566342903,5.777536673782849
1721566346903,5.765624227032781
1721566350903,5.760608459980121
1721566354903,5.756846634690626
1721566358903,5.766878168795946
1721566362903,5.765624227032781
1721566366903,5.773774848493354
1721566370903,5.781298499072344
1721566374903,5.790703062296082
1721566378903,5.790703062296082
1721566382903,5.791957004059246
1721566386903,5.782552440835509
1721566390903,5.785687295243422
1721566394903,5.793210945822412
1721566398903,5.791957004059246
1721566402903,5.795718829348742
1721566406903,5.794464887585577
1721566410903,5.791957004059246
1721566414903,5.791957004059246
1721566418903,5.789449120532916
1721566422903,5.7869412370065865
1721566426903,5.784433353480257
1721566430903,5.777536673782849
1721566434903,5.776282732019684
1721566438903,5.7687590814406935
1721566442903,5.753084809401131
1721566446903,5.753084809401131
1721566450903,5.751830867637966
1721566454903,5.744934187940558
1721566458903,5.742426304414228
1721566462903,5.742426304414228
1721566466903,5.741172362651064
1721566470903,5.742426304414228
1721566474903,5.742426304414228
1721566478903,5.7436802461773935
1721566482903,5.733648712072073
1721566486903,5.734902653835238
1721566490903,5.737410537361568
1721566494903,5.744934187940558
1721566498903,5.744934187940558
1721566502903,5.746188129703723
1721566506903,5.756846634690626
1721566510903,5.764370285269616
1721566514903,5.7618624017432865
1721566518903,5.766878168795946
1721566522903,5.7687590814406935
1721566526903,5.773774848493354
1721566530903,5.782552440835509
1721566534903,5.785687295243422
1721566538903,5.785687295243422
1721566542903,5.7869412370065865
1721566546903,5.791957004059246
1721566550903,5.784433353480257
1721566554903,5.791957004059246
1721566558903,5.795718829348742
1721566562903,5.794464887585577
1721566566903,5.7982267128750715
1721566570903,5.794464887585577
1721566574903,5.795718829348742
1721566578903,5.789449120532916
1721566582903,5.8026155090461495
1721566586903,5.801361567282984
1721566590903,5.811393101388305
1721566594903,5.810139159625139
1721566598903,4.899150468685749
1721566602903,4.904793206619992
1721566606903,5.808885217861975
1721566610903,5.8151549266778
1721566614903,5.813900984914635
1721566618903,5.8164088684409645
1721566622903,5.825813431664702
1721566626903,5.817035839322547
1721566630903,5.819543722848877
1721566634903,5.818289781085713
1721566638903,5.819543722848877
1721566642903,5.8164088684409645
1721566646903,5.819543722848877
1721566650903,5.8151549266778
1721566654903,5.818289781085713
1721566658903,5.811393101388305
1721566662903,5.806377334335645
1721566666903,5.8164088684409645
1721566670903,5.807631276098809
1721566674903,5.806377334335645
1721566678903,5.8026155090461495
1721566682903,5.799480654638237
1721566686903,5.7982267128750715
1721566690903,5.793210945822412
1721566694903,5.800734596401402
1721566698903,5.800734596401402
1721566702903,5.8026155090461495
1721566706903,5.807631276098809
1721566710903,5.8151549266778
1721566714903,5.825813431664702
1721566718903,5.8389798201779355
1721566722903,5.832083140480528
1721566726903,5.827067373427868
1721566730903,5.827067373427868
1721566734903,5.832083140480528
1721566738903,5.827067373427868
1721566742903,5.813900984914635
1721566746903,5.7982267128750715
1721566750903,5.781298499072344
1721566754903,5.7687590814406935
1721566758903,5.751830867637966
1721566762903,5.751830867637966
1721566766903,5.739918420887898
1721566770903,5.748696013230053
1721566774903,5.749949954993219
1721566778903,5.756846634690626
1721566782903,5.7618624017432865
1721566786903,5.7687590814406935
1721566790903,5.7687590814406935
1721566794903,5.764370285269616
1721566798903,5.759354518216956
1721566802903,5.766878168795946
1721566806903,5.758100576453791
1721566810903,5.742426304414228
1721566814903,5.72800597413783
1721566818903,5.712331702098267
1721566822903,5.69289560476921
1721566826903,5.677221332729647
1721566830903,5.674713449203317
1721566834903,5.674713449203317
1721566838903,5.649634613940017
1721566842903,5.6345873127820365
1721566846903,5.632706400137288
1721566850903,5.628944574847794
1721566854903,5.6301985166109585
1721566858903,5.633960341900454
1721566862903,5.6301985166109585
1721566866903,5.643364905124192
1721566870903,5.651515526584764
1721566874903,5.647126730413686
1721566878903,5.6301985166109585
1721566882903,5.623928807795133
1721566886903,5.613270302808231
1721566890903,5.583802671373853
1721566894903,5.592580263716008
1721566898903,5.591326321952843
1721566902903,5.60323876870291
1721566906903,5.620166982505638
1721566910903,5.6345873127820365
1721566914903,5.6301985166109585
1721566918903,5.635841254545201
1721566922903,5.643364905124192
1721566926903,5.635841254545201
1721566930903,5.625182749558299
1721566934903,5.610762419281901
1721566938903,5.596342089005503
1721566942903,5.601984826939746
1721566946903,5.610762419281901
1721566950903,5.6301985166109585
1721566954903,5.644618846887356
1721566958903,5.665308885979579
1721566962903,5.643364905124192
1721566966903,5.533645000847252
1721566970903,5.496026747952301
1721566974903,5.529883175557757
1721566978903,5.526121350268261
1721566982903,5.509193136465534
1721566986903,5.533645000847252
1721566990903,5.489757039136476
1721566994903,4.754947165921772
1721566998903,3.8947431163905653
1721567002903,3.4834502180724374
1721567006903,3.443951052532739
1721567010903,3.77122985271881
1721567014903,3.4934817521777575
1721567018903,3.334858119137382
1721567022903,3.5166796747963103
1721567026903,3.2514709918869076
1721567030903,3.1862660202023263
1721567034903,3.1442589711362983
1721567038903,3.1298386408599
1721567042903,3.1116564852940076
1721567046903,3.0947282714912796
1721567050903,3.082815824741212
1721567054903,3.079053999451717
1721567058903,3.0909664462017847
1721567062903,3.1091486017676773
1721567066903,3.11729922322825
1721567070903,3.081561882978047
1721567074903,3.021999649227708
1721567078903,2.9893971633854175
1721567082903,2.9674531825300297
1721567086903,2.950524968727302
1721567090903,2.9398664637403993
1721567094903,2.924192191700836
1721567098903,2.9110258031876035
1721567102903,2.900367298200701
1721567106903,2.8915897058585456
1721567110903,2.878423317345313
1721567114903,2.873407550292653
1721567118903,2.85773327825309
1721567122903,2.8502096276741
1721567126903,2.8433129479766923
1721567130903,2.8408050644503624
1721567134903,2.8326544429897895
1721567138903,2.8263847341739643
1721567142903,2.8201150253581395
1721567146903,2.816980170950227
1721567150903,2.8119644038975666
1721567154903,2.8082025786080718
1721567158903,2.8031868115554115
1721567162903,2.8006789280290816
1721567166903,2.798798015384334
1721567170903,2.798798015384334
1721567174903,2.795036190094839
1721567178903,2.7912743648053437
1721567182903,2.800051957147499
1721567186903,2.8044407533185765
1721567190903,2.806948636844907
1721567194903,2.8107104621344017
1721567198903,2.8201150253581395
1721567202903,2.8332814138713722
1721567206903,2.8502096276741
1721567210903,2.8614951035425853
1721567214903,2.895351531148041
1721567218903,2.9956668722012427
1721567222903,3.081561882978047
1721567226903,2.960556502832622
1721567230903,2.8890818223322157
1721567234903,2.86525692883208
1721567238903,2.8614951035425853
1721567242903,2.8683917832399928
1721567246903,2.872153608529488
1721567250903,2.86525692883208
1721567254903,2.8502096276741
1721567258903,2.8420590062135274
1721567262903,2.8395511226871974
1721567266903,2.837043239160867
1721567270903,2.8332814138713722
1721567274903,2.8408050644503624
1721567278903,2.8408050644503624
1721567282903,2.8445668897398573
1721567286903,2.8495826567925175
1721567290903,2.851463569437265
1721567294903,2.85773327825309
1721567298903,2.8602411617794203
1721567302903,2.858987220016255
1721567306903,2.858987220016255
1721567310903,2.85522539472676
1721567314903,2.85271751120043
1721567318903,2.8502096276741
1721567322903,2.8483287150293526
1721567326903,2.8445668897398573
1721567330903,2.8420590062135274
1721567334903,2.8408050644503624
1721567338903,2.8395511226871974
1721567342903,2.834535355634537
1721567346903,2.8332814138713722
1721567350903,2.8314005012266246
1721567354903,2.8288926177002947
1721567358903,2.8314005012266246
1721567362903,2.8263847341739643
1721567366903,2.8276386759371297
1721567370903,2.8263847341739643
1721567374903,2.8276386759371297
1721567378903,2.8251307924107993
1721567382903,2.8251307924107993
1721567386903,2.8238768506476344
1721567390903,2.8201150253581395
1721567394903,2.8188610835949746
1721567398903,2.816980170950227
1721567402903,2.815726229187062
1721567406903,2.815726229187062
1721567410903,2.815726229187062
1721567414903,2.814472287423897
1721567418903,2.8119644038975666
1721567422903,2.8119644038975666
1721567426903,2.8119644038975666
1721567430903,2.8119644038975666
1721567434903,2.814472287423897
1721567438903,2.814472287423897
1721567442903,2.816980170950227
1721567446903,2.817607141831809
1721567450903,2.8226229088844694
1721567454903,2.8238768506476344
1721567458903,2.8288926177002947
1721567462903,2.835789297397702
1721567466903,2.8395511226871974
1721567470903,2.8420590062135274
1721567474903,2.8483287150293526
1721567478903,2.85271751120043
1721567483903,2.86525692883208
1721567487903,2.877169375582148
1721567491903,2.892843647621711
1721567495903,2.9072639778981086
1721567499903,2.9229382499376713
1721567503903,2.934850696687739
1721567507903,2.954286794016797
1721567511903,2.9668262116484474
1721567515903,2.97497683310902
1721567519903,2.9843813963327577
1721567523903,3.0100872024776404
1721567527903,3.0307772415698633
1721567531903,3.0558560768331637
1721567535903,3.0909664462017847
1721567539903,3.1887739037286567
1721567543903,3.317929905334654
1721567547903,3.459625324572302
1721567551903,3.5988128602836196
1721567555903,3.685334841942006
1721567559903,3.730476745415947
1721567563903,3.820760552363829
1721567567903,3.9637099133646414
1721567571903,4.201331877484414
1721567575903,4.432684132788361
1721567580903,4.632060873131599
1721567584903,4.775637205013995
1721567588903,4.80196998204046
1721567592903,4.5994583872893084
1721567596903,4.356193685235294
1721567600903,4.406978326643477
1721567604903,4.663409417210725
1721567608903,4.868428895488206
1721567612903,4.956831789791341
1721567616903,5.03896497527865
1721567620903,5.118590277239629
1721567621715,0.0
1721567624903,5.173136743937308
1721567624908,5.181914336279463
1721567625941,5.187557074213705
1721567626973,5.193826783029531
1721567627921,5.200723462726938
1721567628909,5.201977404490103
1721567629914,5.208247113305928
1721567630943,5.2145168221217535
1721567638944,5.2350318172254395
1721567638950,5.230644743991801
1721567639934,5.2387921657114145
1721567640962,5.2387921657114145
1721567641956,5.243805963692715
1721567642906,5.243805963692715
1721567643950,5.245059413188041
1721567644955,5.246312862683365
1721567645947,5.253206834907654
1721567646955,5.253206834907654
1721567647958,5.255713733898304
1721567648947,5.25947408238428
1721567649952,5.263234430870255
1721567650986,5.267621504103893
1721567652002,5.267621504103893
1721567652961,5.2688749535992185
1721567653957,5.273888751580519
1721567654950,5.277649100066494
1721567655950,5.280155999057144
1721567656959,5.287049971281433
1721567657949,5.285796521786107
1721567658952,5.289556870272083
1721567659961,5.2945706682533835
1721567660951,5.2983310167393585
1721567661955,5.2983310167393585
1721567662962,5.302718089972997
1721567663947,5.302718089972997
1721567664961,5.300211190982346
1721567665964,5.303971539468322
1721567666943,5.303971539468322
1721567667947,5.311492236440273
1721567668956,5.312745685935598
1721567669922,5.313999135430923
1721567670913,5.315252584926248
1721567671962,5.319639658159886
1721567672968,5.315252584926248
1721567673955,5.320893107655212
1721567674982,5.322146557150536
1721567675966,5.322146557150536
1721567676952,5.319639658159886
1721567677960,5.319639658159886
1721567678957,5.320893107655212
1721567679952,5.323400006645862
1721567680912,5.329667254122487
1721567681920,5.3284138046271625
1721567682954,5.325906905636512
1721567683959,5.330920703617813
1721567684961,5.330920703617813
1721567685962,5.330920703617813
1721567686978,5.334054327356125
1721567687962,5.334054327356125
1721567688956,5.331547428365475
1721567689918,5.334054327356125
1721567690985,5.33530777685145
1721567691974,5.330920703617813
1721567692984,5.330920703617813
1721567693988,5.33530777685145
1721567694968,5.342828473823401
1721567695984,5.3440819233187264
1721567696988,5.345335372814051
1721567697981,5.3440819233187264
1721567698977,5.340321574832751
1721567699979,5.3378146758421
1721567700969,5.3440819233187264
1721567701987,5.340321574832751
1721567702989,5.345335372814051
1721567703969,5.340321574832751
1721567705015,5.346588822309377
1721567705987,5.346588822309377
1721567706973,5.349722446047689
1721567707962,5.347842271804701
1721567708982,5.349722446047689
1721567709955,5.349722446047689
1721567710960,5.350975895543015
1721567711986,5.347842271804701
1721567712978,5.353482794533665
1721567713971,5.355989693524315
1721567714992,5.353482794533665
1721567715979,5.350975895543015
1721567716972,5.35222934503834
1721567717985,5.353482794533665
1721567718967,5.353482794533665
1721567719977,5.350975895543015
1721567720991,5.35222934503834
1721567721982,5.35222934503834
1721567722972,5.353482794533665
1721567723983,5.35473624402899
1721567724972,5.349722446047689
1721567725982,5.358496592514966
1721567727002,5.363510390496266
1721567727969,5.35975004201029
1721567728983,5.35975004201029
1721567729982,5.363510390496266
1721567730983,5.369150913225229
1721567732073,5.362256941000941
1721567732979,5.362256941000941
1721567734083,5.370404362720555
1721567735002,5.364763839991591
1721567735990,5.366644014234579
1721567736970,5.371657812215879
1721567737972,5.369150913225229
1721567738975,5.372911261711205
1721567740053,5.383565582421468
1721567740972,5.383565582421468
1721567741991,5.386072481412119
1721567742972,5.388579380402769
1721567743969,5.393593178384069
1721567744994,5.394846627879394
1721567745982,5.4017406001036825
1721567746961,5.399233701113032
1721567747965,5.404247499094333
1721567748981,5.410514746570959
1721567749972,5.411768196066284
1721567750992,5.413021645561609
1721567751982,5.413021645561609
1721567752973,5.414275095056934
1721567753980,5.424929415767198
1721567754969,5.421169067281222
1721567755983,5.426182865262523
1721567756978,5.424929415767198
1721567757974,5.426182865262523
1721567758975,5.428689764253173
1721567759976,5.4355837364774615
1721567760977,5.434330286982136
1721567761984,5.434330286982136
1721567762977,5.431196663243823
1721567763971,5.436837185972786
1721567764974,5.443104433449412
1721567765979,5.441850983954087
1721567766975,5.4355837364774615
1721567767972,5.445611332440063
1721567768988,5.443104433449412
1721567769981,5.444357882944738
1721567770971,5.443104433449412
1721567771989,5.449998405673701
1721567772969,5.446864781935388
1721567773975,5.446864781935388
1721567774979,5.445611332440063
1721567775971,5.451251855169025
1721567776970,5.452505304664351
1721567777964,5.449998405673701
1721567778955,5.451251855169025
1721567779977,5.4575191026456515
1721567780991,5.453758754159676
1721567781977,5.453758754159676
1721567782976,5.455012203655001
1721567783984,5.453758754159676
1721567784979,5.460026001636302
1721567785958,5.460026001636302
1721567786961,5.4612794511316265
1721567787974,5.4612794511316265
1721567788978,5.4575191026456515
1721567789979,5.463786350122277
1721567790967,5.465666524365265
1721567791980,5.46691997386059
1721567792993,5.460026001636302
1721567793972,5.46691997386059
1721567794974,5.465666524365265
1721567795976,5.462532900626952
1721567796972,5.471933771841891
1721567797971,5.46691997386059
1721567798979,5.4694268728512405
1721567799971,5.474440670832541
1721567800979,5.475694120327866
1721567801977,5.4694268728512405
1721567802967,5.474440670832541
1721567803979,5.476947569823191
1721567804982,5.470680322346565
1721567805979,5.474440670832541
1721567806985,5.476947569823191
1721567807979,5.476947569823191
1721567808981,5.474440670832541
1721567809956,5.475694120327866
1721567810959,5.475694120327866
1721567811968,5.482588092552154
1721567812959,5.475694120327866
1721567813963,5.479454468813842
1721567814969,5.479454468813842
1721567815959,5.478201019318516
1721567816965,5.479454468813842
1721567817970,5.482588092552154
1721567818959,5.481334643056829
1721567819960,5.478201019318516
1721567820970,5.479454468813842
1721567821964,5.482588092552154
1721567822995,5.478201019318516
1721567823986,5.482588092552154
1721567824971,5.481334643056829
1721567825994,5.485094991542804
1721567826984,5.487601890533455
1721567827980,5.486348441038129
1721567828977,5.486348441038129
1721567829994,5.487601890533455
1721567830980,5.487601890533455
1721567831971,5.4913622390194305
1721567832982,5.490108789524105
1721567833975,5.493869138010081
1721567834975,5.492615688514755
1721567835993,5.4913622390194305
1721567836973,5.4913622390194305
1721567837972,5.493869138010081
1721567838983,5.487601890533455
1721567839974,5.490108789524105
1721567840978,5.487601890533455
1721567841985,5.482588092552154
1721567842978,5.482588092552154
1721567843978,5.485094991542804
1721567844991,5.475694120327866
1721567845972,5.478201019318516
1721567846989,5.481334643056829
1721567847981,5.483841542047479
1721567848969,5.479454468813842
1721567849978,5.478201019318516
1721567850981,5.479454468813842
1721567851979,5.475694120327866
1721567852989,5.479454468813842
1721567853981,5.474440670832541
1721567854971,5.479454468813842
1721567855976,5.471933771841891
1721567856983,5.479454468813842
1721567857979,5.478201019318516
1721567858984,5.475694120327866
1721567859985,5.475694120327866
1721567860977,5.470680322346565
1721567861981,5.470680322346565
1721567862983,5.470680322346565
1721567863974,5.465666524365265
1721567864984,5.471933771841891
1721567865985,5.471933771841891
1721567866959,5.468173423355915
1721567867964,5.4694268728512405
1721567868993,5.46691997386059
1721567869980,5.465666524365265
1721567870981,5.468173423355915
1721567871982,5.465666524365265
1721567872974,5.46691997386059
1721567873984,5.4612794511316265
1721567874990,5.462532900626952
1721567875983,5.462532900626952
1721567876980,5.462532900626952
1721567877985,5.455012203655001
1721567878973,5.458772552140976
1721567879982,5.452505304664351
1721567880982,5.452505304664351
1721567881988,5.453758754159676
1721567882980,5.4575191026456515
1721567883983,5.455012203655001
1721567884992,5.453758754159676
1721567885957,5.453758754159676
1721567886964,5.448744956178375
1721567887972,5.451251855169025
1721567888963,5.455012203655001
1721567889973,5.451251855169025
1721567890978,5.453758754159676
1721567891965,5.452505304664351
1721567892990,5.453758754159676
1721567893988,5.448744956178375
1721567894987,5.449998405673701
1721567895989,5.453758754159676
1721567896982,5.445611332440063
1721567897978,5.444357882944738
1721567898981,5.445611332440063
1721567899991,5.446864781935388
1721567900978,5.451251855169025
1721567901986,5.440597534458762
1721567902986,5.443104433449412
1721567903975,5.438090635468112
1721567904970,5.440597534458762
1721567905972,5.4355837364774615
1721567906980,5.440597534458762
1721567907993,5.440597534458762
1721567908998,5.438090635468112
1721567909978,5.443104433449412
1721567910983,5.443104433449412
1721567911992,5.440597534458762
1721567912977,5.438090635468112
1721567913985,5.440597534458762
1721567914990,5.438090635468112
1721567915985,5.438090635468112
1721567916991,5.434330286982136
1721567918033,5.438090635468112
1721567918982,5.436837185972786
1721567920010,5.441850983954087
1721567920987,5.4355837364774615
1721567922000,5.434330286982136
1721567922998,5.431196663243823
1721567923987,5.434330286982136
1721567924975,5.428689764253173
1721567925980,5.429943213748499
1721567927000,5.434330286982136
1721567927978,5.431196663243823
1721567928982,5.431196663243823
1721567929986,5.431196663243823
1721567930975,5.426182865262523
1721567931981,5.431196663243823
1721567932996,5.428689764253173
1721567933973,5.427436314757848
1721567934985,5.426182865262523
1721567935990,5.428689764253173
1721567936987,5.433076837486811
1721567937991,5.429943213748499
1721567938996,5.427436314757848
1721567939978,5.428689764253173
1721567940988,5.422422516776548
1721567942002,5.422422516776548
1721567942984,5.422422516776548
1721567943983,5.421169067281222
1721567944991,5.422422516776548
1721567946007,5.424929415767198
1721567946979,5.422422516776548
1721567947990,5.417408718795247
1721567948977,5.424929415767198
1721567949984,5.424929415767198
1721567950988,5.422422516776548
1721567951983,5.418662168290572
1721567952990,5.422422516776548
1721567953987,5.418662168290572
1721567954974,5.419915617785898
1721567955981,5.418662168290572
1721567956995,5.417408718795247
1721567957980,5.417408718795247
1721567958987,5.414275095056934
1721567959987,5.414275095056934
1721567960974,5.416155269299922
1721567961981,5.419915617785898
1721567962987,5.417408718795247
1721567963985,5.418662168290572
1721567964984,5.414275095056934
1721567965989,5.417408718795247
1721567966989,5.416155269299922
1721567967992,5.413021645561609
1721567968990,5.416155269299922
1721567969982,5.416155269299922
1721567970983,5.421169067281222
1721567972000,5.421169067281222
1721567972981,5.419915617785898
1721567973986,5.419915617785898
1721567974995,5.417408718795247
1721567975976,5.422422516776548
1721567976993,5.424929415767198
1721567977995,5.422422516776548
1721567978976,5.422422516776548
1721567979968,5.426182865262523
1721567980973,5.426182865262523
1721567981922,5.424929415767198
1721567982992,5.426182865262523
1721567983990,5.424929415767198
1721567984989,5.422422516776548
1721567985979,5.427436314757848
1721567986973,5.422422516776548
1721567987964,5.421169067281222
1721567988984,5.424929415767198
1721567989987,5.424929415767198
1721567991001,5.422422516776548
1721567991982,5.421169067281222
1721567992992,5.419915617785898
1721567993977,5.414275095056934
1721567994983,5.417408718795247
1721567995987,5.418662168290572
1721567996983,5.414275095056934
1721567997987,5.416155269299922
1721567998998,5.417408718795247
1721567999982,5.416155269299922
1721568000980,5.417408718795247
1721568001988,5.409261297075633
1721568002986,5.417408718795247
1721568003992,5.413021645561609
1721568005012,5.409261297075633
1721568005979,5.413021645561609
1721568006982,5.410514746570959
1721568007987,5.414275095056934
1721568008983,5.410514746570959
1721568009988,5.413021645561609
1721568010990,5.414275095056934
1721568011985,5.413021645561609
1721568012982,5.411768196066284
1721568014010,5.416155269299922
1721568014975,5.414275095056934
1721568015991,5.416155269299922
1721568017005,5.421169067281222
1721568017977,5.418662168290572
1721568018987,5.405500948589658
1721568020005,5.410514746570959
1721568021007,5.414275095056934
1721568021985,5.405500948589658
1721568023005,5.404247499094333
1721568023984,5.404247499094333
1721568024986,5.404247499094333
1721568026006,5.400487150608358
1721568026972,5.399233701113032
1721568028005,5.397353526870044
1721568029001,5.399233701113032
1721568029978,5.402994049599008
1721568030983,5.393593178384069
1721568032001,5.392339728888744
1721568032979,5.392339728888744
1721568033982,5.388579380402769
1721568034999,5.384819031916793
1721568036000,5.386072481412119
1721568036999,5.380431958683156
1721568037998,5.380431958683156
1721568038977,5.386072481412119
1721568039995,5.383565582421468
1721568040996,5.383565582421468
1721568041979,5.383565582421468
1721568042995,5.3779250596925054
1721568043994,5.370404362720555
1721568044996,5.3779250596925054
1721568045994,5.375418160701855
1721568046996,5.372911261711205
1721568047962,5.372911261711205
1721568048968,5.375418160701855
1721568049996,5.369150913225229
1721568050991,5.366644014234579
1721568051991,5.363510390496266
1721568052992,5.363510390496266
1721568053974,5.364763839991591
1721568054992,5.367897463729904
1721568055993,5.366644014234579
1721568056991,5.367897463729904
1721568057990,5.364763839991591
1721568058997,5.366644014234579
1721568059989,5.364763839991591
1721568060987,5.361003491505616
1721568061987,5.362256941000941
1721568062988,5.361003491505616
1721568063986,5.362256941000941
1721568064993,5.363510390496266
1721568065987,5.35975004201029
1721568066987,5.362256941000941
1721568067996,5.361003491505616
1721568068986,5.35975004201029
1721568069985,5.35222934503834
1721568070988,5.353482794533665
1721568071983,5.358496592514966
1721568072987,5.35975004201029
1721568073995,5.353482794533665
1721568074988,5.358496592514966
1721568075984,5.353482794533665
1721568076997,5.349722446047689
1721568077989,5.355989693524315
1721568078989,5.353482794533665
1721568079983,5.350975895543015
1721568080979,5.353482794533665
1721568081981,5.349722446047689
1721568082984,5.35222934503834
1721568083980,5.35473624402899
1721568084980,5.347842271804701
1721568085971,5.350975895543015
1721568086962,5.35222934503834
1721568087982,5.35222934503834
1721568088985,5.346588822309377
1721568089984,5.3440819233187264
1721568090991,5.342828473823401
1721568091991,5.345335372814051
1721568092975,5.3440819233187264
1721568093980,5.3378146758421
1721568094988,5.3378146758421
1721568095988,5.340321574832751
1721568096981,5.3378146758421
1721568097990,5.336561226346776
1721568098989,5.339068125337426
1721568099989,5.3378146758421
1721568100993,5.33530777685145
1721568101979,5.336561226346776
1721568102971,5.325906905636512
1721568103981,5.331547428365475
1721568104955,5.329667254122487
1721568105967,5.329667254122487
1721568106970,5.323400006645862
1721568108006,5.322146557150536
1721568108986,5.329667254122487
1721568110143,5.329667254122487
1721568110971,5.327160355131837
1721568112054,5.3284138046271625
1721568112989,5.325906905636512
1721568114033,5.3284138046271625
1721568115266,5.325906905636512
1721568115993,5.327160355131837
1721568117008,5.320893107655212
1721568118003,5.325906905636512
1721568119021,5.323400006645862
1721568119998,5.322146557150536
1721568120982,5.323400006645862
1721568121991,5.325906905636512
1721568122995,5.322146557150536
1721568124027,5.319639658159886
1721568125004,5.3183862086645615
1721568126007,5.323400006645862
1721568126992,5.320893107655212
1721568127982,5.320893107655212
1721568129096,5.320893107655212
1721568130023,5.317132759169236
1721568132757,5.313999135430923
1721568132758,5.322146557150536
1721568132953,5.313999135430923
1721568134042,5.315252584926248
1721568135063,5.317132759169236
1721568135977,5.317132759169236
1721568136985,5.312745685935598
1721568137987,5.313999135430923
1721568138990,5.312745685935598
1721568139987,5.3064784384589725
1721568140990,5.310238786944947
1721568141983,5.302718089972997
1721568143016,5.3064784384589725
1721568143994,5.305224988963647
1721568144995,5.303971539468322
1721568145986,5.310238786944947
1721568146988,5.310238786944947
1721568147986,5.308985337449623
1721568148983,5.303971539468322
1721568149997,5.305224988963647
1721568150993,5.303971539468322
1721568151985,5.3064784384589725
1721568152994,5.3064784384589725
1721568153980,5.310238786944947
1721568154993,5.3064784384589725
1721568155999,5.302718089972997
1721568156985,5.305224988963647
1721568157988,5.310238786944947
1721568158989,5.305224988963647
1721568159982,5.305224988963647
1721568160990,5.308985337449623
1721568161991,5.303971539468322
1721568162976,5.302718089972997
1721568163987,5.303971539468322
1721568164991,5.302718089972997
1721568165996,5.305224988963647
1721568166988,5.295824117748708
1721568168001,5.297077567244034
1721568168982,5.293317218758058
1721568169995,5.295824117748708
1721568170995,5.289556870272083
1721568171982,5.289556870272083
1721568172986,5.2945706682533835
1721568173992,5.290810319767408
1721568174982,5.287049971281433
1721568175999,5.2845430722907825
1721568176998,5.280155999057144
1721568177977,5.277649100066494
1721568178994,5.277649100066494
1721568179991,5.276395650571169
1721568180981,5.276395650571169
1721568181988,5.277649100066494
1721568182998,5.276395650571169
1721568183981,5.270128403094543
1721568184985,5.2688749535992185
1721568185991,5.26448788036558
1721568186979,5.263234430870255
1721568187991,5.265114605113243
1721568188995,5.26448788036558
1721568189985,5.25696718339363
1721568190972,5.254460284402979
1721568191977,5.245059413188041
1721568192985,5.248193036926353
1721568193988,5.249446486421679
1721568195006,5.246312862683365
1721568195987,5.245059413188041
1721568196990,5.241299064702065
1721568197992,5.246312862683365
1721568198981,5.2387921657114145
1721568199991,5.236285266720764
1721568200995,5.2387921657114145
1721568201979,5.23753871621609
1721568202998,5.2387921657114145
1721568204001,5.23753871621609
1721568204987,5.231898193487127
1721568205995,5.230644743991801
1721568206992,5.231898193487127
1721568207990,5.226884395505826
1721568208997,5.223124047019851
1721568209999,5.224377496515176
1721568211004,5.2206171480292
1721568211994,5.221870597524525
1721568212999,5.2156033500479
1721568213997,5.2156033500479
1721568214981,5.214976625300237
1721568215991,5.21811024903855
1721568216999,5.213723175804912
1721568217985,5.209962827318937
1721568218991,5.211216276814262
1721568219982,5.211216276814262
1721568220972,5.211216276814262
1721568221988,5.207455928328287
1721568223023,5.204949029337636
1721568223970,5.206202478832961
1721568225079,5.203695579842311
1721568226000,5.211216276814262
1721568226971,5.204949029337636
1721568227976,5.203695579842311
1721568229004,5.199935231356336
1721568229997,5.204949029337636
1721568230991,5.207455928328287
1721568232007,5.19868178186101
1721568233011,5.19868178186101
1721568233986,5.202442130346986
1721568234996,5.202442130346986
1721568235988,5.19868178186101
1721568237021,5.19868178186101
1721568237980,5.202442130346986
1721568238986,5.203695579842311
1721568240037,5.195548158122698
1721568241172,5.195548158122698
1721568241971,5.191787809636722
1721568242999,5.191787809636722
1721568243997,5.1892809106460716
1721568244928,5.191787809636722
1721568246006,5.188027461150747
1721568246978,5.188027461150747
1721568247972,5.188027461150747
1721568248976,5.181760213674121
1721568250004,5.181760213674121
1721568250974,5.179880039431134
1721568251984,5.177373140440483
1721568253000,5.177373140440483
1721568253988,5.174866241449832
1721568254993,5.171105892963857
1721568255980,5.171105892963857
1721568256994,5.164838645487231
1721568257990,5.169852443468532
1721568259005,5.166092094982557
1721568259972,5.164838645487231
1721568260991,5.164211920739569
1721568261935,5.162958471244244
1721568262985,5.159198122758268
1721568263931,5.155437774272293
1721568264982,5.157944673262944
1721568265986,5.156691223767618
1721568266991,5.157944673262944
1721568267978,5.156691223767618
1721568268970,5.154184324776968
1721568269975,5.157944673262944
1721568271009,5.154184324776968
1721568271993,5.146036903057355
1721568272987,5.149170526795667
1721568274004,5.149170526795667
1721568274967,5.150423976290993
1721568275978,5.147290352552679
1721568276982,5.147290352552679
1721568277987,5.147290352552679
1721568278976,5.146036903057355
1721568279995,5.144783453562029
1721568280970,5.147290352552679
1721568281991,5.138516206085404
1721568282996,5.146036903057355
1721568283995,5.148543802048005
1721568284982,5.139769655580729
1721568285980,5.139769655580729
1721568287004,5.141023105076054
1721568287976,5.139769655580729
1721568288979,5.139769655580729
1721568289984,5.144783453562029
1721568290976,5.139769655580729
1721568291996,5.137262756590078
1721568292985,5.141023105076054
1721568294201,5.139769655580729
1721568295370,5.108433418197601
1721568297289,5.137262756590078
1721568297458,5.133502408104103
1721568298961,5.133502408104103
1721568299184,5.1316222338611155
1721568301105,5.132248958608778
1721568301106,5.136009307094754
1721568303199,5.132248958608778
1721568303200,5.129115334870465
1721568304016,5.12786188537514
1721568304970,5.124101536889165
1721568306017,5.12786188537514
1721568307012,5.122848087393839
1721568307988,5.124101536889165
1721568309000,5.119087738907864
1721568310001,5.119087738907864
1721568310971,5.12786188537514
1721568312017,5.122848087393839
1721568312994,5.120341188403189
1721568313988,5.119087738907864
1721568315001,5.114700665674226
1721568315998,5.113447216178901
1721568316997,5.115327390421888
1721568317976,5.119087738907864
1721568318981,5.114700665674226
1721568319929,5.1096868676929255
1721568320975,5.114700665674226
1721568321982,5.112193766683576
1721568322979,5.1034196202163
1721568323976,5.114700665674226
1721568324976,5.1096868676929255
1721568325988,5.113447216178901
1721568326971,5.112193766683576
1721568327982,5.112193766683576
1721568328985,5.1096868676929255
1721568329972,5.104673069711625
1721568330986,5.108433418197601
1721568331979,5.108433418197601
1721568333011,5.1059265192069505
1721568333996,5.108433418197601
1721568334994,5.107179968702275
1721568335987,5.104673069711625
1721568336987,5.1034196202163
1721568337986,5.104673069711625
1721568338976,5.10091272122565
1721568340002,5.1034196202163
1721568340996,5.1059265192069505
1721568341995,5.0977790974873365
1721568342994,5.10091272122565
1721568343996,5.0977790974873365
1721568344992,5.096525647992012
1721568345993,5.092765299506036
1721568346984,5.10091272122565
1721568347976,5.095272198496686
1721568349003,5.096525647992012
1721568350006,5.0977790974873365
1721568350986,5.096525647992012
1721568351987,5.098405822235
1721568352997,5.098405822235
1721568353984,5.096525647992012
1721568354988,5.090258400515386
1721568355996,5.087751501524735
1721568356983,5.099659271730324
1721568357990,5.086498052029411
1721568358994,5.091511850010711
1721568359987,5.091511850010711
1721568361002,5.089004951020061
1721568361990,5.090258400515386
1721568362988,5.087751501524735
1721568363990,5.091511850010711
1721568364997,5.086498052029411
1721568365986,5.0839911530387605
1721568366979,5.090258400515386
1721568367994,5.090258400515386
1721568368996,5.086498052029411
1721568369991,5.082737703543435
1721568370995,5.090258400515386
1721568371998,5.086498052029411
1721568373012,5.087751501524735
1721568373984,5.091511850010711
1721568374989,5.087751501524735
1721568375986,5.089004951020061
1721568377004,5.086498052029411
1721568377991,5.0839911530387605
1721568379002,5.0839911530387605
1721568380006,5.082737703543435
1721568380997,5.090258400515386
1721568382020,5.08148425404811
1721568382994,5.0839911530387605
1721568383993,5.08148425404811
1721568384977,5.080857529300447
1721568385985,5.0758437313191465
1721568386990,5.080857529300447
1721568387979,5.0758437313191465
1721568388999,5.074590281823822
1721568389990,5.073336832328496
1721568390992,5.068323034347196
1721568391984,5.0720833828331715
1721568392974,5.0720833828331715
1721568393980,5.062682511618233
1721568394983,5.067069584851871
1721568395976,5.0720833828331715
1721568396988,5.068323034347196
1721568398002,5.065189410608883
1721568398983,5.065816135356545
1721568399998,5.0601756126275825
1721568400992,5.0601756126275825
1721568401984,5.057668713636932
1721568402989,5.051401466160307
1721568403992,5.051401466160307
1721568404987,5.055161814646282
1721568405987,5.056415264141608
1721568407004,5.051401466160307
1721568407994,5.051401466160307
1721568408991,5.055161814646282
1721568409999,5.055161814646282
1721568410984,5.048267842421994
1721568411991,5.0501480166649815
1721568413004,5.048894567169657
1721568413994,5.047014392926669
1721568414988,5.048894567169657
1721568415991,5.047014392926669
1721568416992,5.0501480166649815
1721568417997,5.043254044440693
1721568418999,5.048267842421994
1721568419998,5.048267842421994
1721568420990,5.048267842421994
1721568421991,5.045760943431343
1721568422981,5.039493695954718
1721568423987,5.040747145450043
1721568424998,5.040747145450043
1721568425933,5.0382402464593925
1721568426993,5.030092824739779
1721568427999,5.025079026758479
1721568428993,5.030092824739779
1721568429993,5.023825577263153
1721568430992,5.023825577263153
1721568431982,5.018811779281853
1721568432990,5.018811779281853
1721568434006,5.021318678272503
1721568434995,5.018811779281853
1721568435992,5.01317125655289
1721568437003,5.01317125655289
1721568437992,5.008157458571589
1721568438988,5.01066435756224
1721568439996,5.01317125655289
1721568440994,5.008157458571589
1721568441992,5.008157458571589
1721568442993,5.005650559580939
1721568443982,5.006904009076265
1721568444988,5.0006367615996385
1721568445997,5.001890211094964
1721568446975,4.998129862608988
1721568447981,4.998129862608988
1721568448999,4.999383312104313
1721568449984,4.997503137861326
1721568450990,4.997503137861326
1721568451993,4.999383312104313
1721568452983,4.99374278937535
1721568453989,4.992489339880025
1721568454995,4.99374278937535
1721568455982,4.9912358903847
1721568456995,4.989982440889375
1721568457993,4.98872899139405
1721568458994,4.984968642908075
1721568459996,4.987475541898725
1721568460994,4.980581569674436
1721568461980,4.980581569674436
1721568462998,4.976821221188461
1721568463992,4.973060872702486
1721568464986,4.96930052421651
1721568465998,4.980581569674436
1721568466984,4.978074670683786
1721568467974,4.9667936252258595
1721568468979,4.9649134509828725
1721568469984,4.9667936252258595
1721568470933,4.9649134509828725
1721568471975,4.957392754010922
1721568472984,4.958646203506246
1721568473970,4.954885855020271
1721568474977,4.948618607543645
1721568475991,4.944231534310007
1721568476974,4.946738433300657
1721568477984,4.9429780848146825
1721568478991,4.940471185824032
1721568479994,4.941724635319357
1721568480988,4.931697039356756
1721568481988,4.935457387842732
1721568482975,4.934203938347406
1721568483998,4.939217736328707
1721568485008,4.934203938347406
1721568485997,4.931697039356756
1721568487004,4.926056516627793
1721568488004,4.927309966123118
1721568488992,4.916028920665192
1721568489987,4.911641847431554
1721568490992,4.901614251468953
1721568491974,4.8871995822727134
1721568493008,4.867771115095174
1721568493994,4.829540905487757
1721568494986,4.759347733749549
1721568495991,4.650297627656262
1721568496992,4.499256963469583
1721568497982,4.313746438161463
1721568498989,4.1482911047785445
1721568499993,4.029840127470319
1721568500983,4.000384064330178
1721568501991,4.045508246161884
1721568503002,4.12760918810568
1721568503985,4.241046367432605
1721568504987,4.314999887656788
1721568506007,4.34946974877823
1721568506983,4.430943965974364
1721568507992,4.494869890235945
1721568508991,4.561302713488177
1721568509982,4.6032932715815695
1721568510990,4.62522863774976
1721568511991,4.631495885226386
1721568512981,4.645910554422624
1721568513933,4.6866476630206915
1721568514940,4.634147242880348
1721568515942,4.6458279005633845
1721568516978,4.629229071224334
1721568517984,4.593572326718223
1721568518973,4.549923553271088
1721568519980,4.492135036312909
1721568520957,4.445412405580765
1721568521932,4.393771603192604
1721568522994,4.3365978576914275
1721568523985,4.304629741927329
1721568524980,4.283112740932261
1721568525985,4.243152596227138
1721568526988,4.177986821784936
1721568527978,4.102369932573702
1721568528976,4.052573444556548
1721568529989,4.011998528394423
1721568530981,4.032285986475485
1721568531975,4.080852931578636
1721568532982,4.079623388664632
1721568533975,4.024908728991463
1721568534976,3.9646611262052756
1721568535978,3.912405552360114
1721568536972,3.92408621004315
1721568537973,3.939455496468198
1721568538991,3.9197828098441367
1721568539954,3.87244540765499
1721568541005,3.815271662153813
1721568541995,3.727359343802541
1721568542981,3.5970277949181373
1721568543930,3.5060416192818558
1721568544978,3.4181293009305835
1721568545967,3.3603407839724047
1721568546972,3.315462467611266
1721568547980,3.268739836879121
1721568548968,3.231238778002005
1721568549975,3.1882047760118715
1721568550995,3.164843460645799
1721568551970,3.1574662031617766
1721568552973,3.15869574607578
1721568553980,3.167302546473807
1721568554968,3.164843460645799
1721568555975,3.153162802962763
1721568556979,3.1242685444836735
1721568557970,3.087997028520561
1721568558973,3.0677095704394985
1721568559958,3.0474221123584355
1721568560969,3.032052825933388
1721568561973,3.027134654277373
1721568562978,3.021601711164356
1721568563968,3.019142625336348
1721568564979,3.0117653678523255
1721568565988,3.006232424739308
1721568566968,3.0000847101692893
1721568567973,2.9939369955992703
1721568568977,2.9908631383142605
1721568569971,2.982256337916234
1721568570976,2.974264308975209
1721568571991,2.9718052231472014
1721568572979,2.9730347660612053
1721568573985,2.9785677091742224
1721568574988,2.9834858808302376
1721568575980,2.9908631383142605
1721568576985,2.9914779097712625
1721568578007,2.9963960814272776
1721568578977,2.9939369955992703
1721568579982,3.0000847101692893
1721568581007,3.012994910766329
1721568581988,3.012994910766329
1721568582994,3.0117653678523255
1721568583999,3.008076739110314
1721568585012,2.9914779097712625
1721568585995,2.9810267950022302
1721568586985,2.982256337916234
1721568587974,2.9810267950022302
1721568588980,2.982256337916234
1721568589983,2.9859449666582454
1721568590993,2.9976256243412815
1721568592002,3.0154539965943368
1721568593006,3.025905111363369
1721568593995,3.0369709975894033
1721568595003,3.046192569444432
1721568596008,3.0535698269284546
1721568597000,3.0603323129554756
1721568598003,3.0627913987834834
1721568599018,3.0603323129554756
1721568600005,3.0560289127564624
1721568601006,3.051110741100447
1721568601996,3.044963026530428
1721568602992,3.040044854874413
1721568604004,3.0369709975894033
1721568605009,3.0154539965943368
1721568605998,3.014224453680333
1721568607001,3.0117653678523255
1721568607998,3.00684719619631
1721568609008,3.0000847101692893
1721568610005,2.9951665385132737
1721568611007,2.9871745095722493
1721568611998,2.9785677091742224
1721568613008,2.9718052231472014
1721568614005,2.96811659440519
1721568614998,2.9668870514911863
1721568616002,2.963198422749175
1721568617004,2.9595097940071633
1721568617996,2.95828025109316
1721568619010,2.957665479636158
1721568620005,2.956435936722154
1721568621003,2.951517765066139
1721568622005,2.949058679238131
1721568622993,2.9465995934101237
1721568623989,2.9465995934101237
1721568625001,2.942910964668112
1721568625980,2.937378021555095
1721568626999,2.9386075644690988
1721568628001,2.9386075644690988
1721568629007,2.9386075644690988
1721568630000,2.9410666502971066
1721568631000,2.9416814217541085
1721568632007,2.947829136324127
1721568632991,2.956435936722154
1721568633992,2.9668870514911863
1721568634990,2.9797972520882263
1721568635998,2.9896335954002566
1721568637005,2.9976256243412815
1721568637984,2.9963960814272776
1721568639000,2.9951665385132737
1721568639994,2.9951665385132737
1721568640988,2.9939369955992703
1721568641995,2.9914779097712625
1721568643003,2.9963960814272776
1721568643994,3.0117653678523255
1721568644998,3.0357414546753994
1721568646006,3.0591027700414717
1721568646982,3.0935299716335787
1721568647996,3.1328753448817004
1721568648997,3.168532089387811
1721568649988,3.2072626911789306
1721568650999,3.231238778002005
1721568652009,3.250296693169064
1721568652999,3.2632068937661036
1721568653995,3.2724284656211324
1721568655001,3.2773466372771476
1721568656005,3.2822648089331627
1721568657003,3.2668955225081153
1721568657996,3.24906715025506
1721568658998,3.230009235088001
1721568660000,3.2097217770069384
1721568661007,3.1826718328988544
1721568662011,3.168532089387811
1721568662994,3.1519332600487595
1721568664000,3.1377935165377155
1721568665008,3.121194687198664
1721568665999,3.1125878868006374
1721568667004,3.100907229117601
1721568667993,3.091070885805571
1721568668997,3.0757015993805235
1721568670001,3.0627913987834834
1721568670993,3.0535698269284546
1721568671994,3.0425039407024204
1721568672993,3.0234460255353617
1721568673998,3.025905111363369
1721568674988,3.020372168250352
1721568676000,3.020372168250352
1721568677025,3.021601711164356
1721568677995,3.0228312540783597
1721568679000,3.025905111363369
1721568679998,3.019193446844707
1721568680997,3.0204182717724333
1721568681991,3.0320541085858306
1721568682942,3.0547133697487623
1721568683996,3.065124381634434
1721568685001,3.079209868303283
1721568685983,3.093295354972133
1721568686968,3.1055436042493936
1721568688002,3.112280141351887
1721568689006,3.1159546161350646
1721568689986,3.1135049662796126
1721568691003,3.112280141351887
1721568692005,3.1055436042493936
1721568692993,3.096969829755311
1721568694013,3.0902332926528175
1721568695000,3.0816595181587356
1721568695992,3.076147805983968
1721568696999,3.073698156128516
1721568698004,3.07247333120079
1721568698994,3.068798856417612
1721568699995,3.071248506273064
1721568700997,3.071248506273064
1721568702011,3.07247333120079
1721568703009,3.074922981056242
1721568704002,3.076760218447831
1721568704996,3.0841091680141877
1721568706029,3.0877836427973655
1721568706983,3.091458117580544
1721568707989,3.095745004827585
1721568709008,3.09268294250827
1721568710008,3.09268294250827
1721568710974,3.0877836427973655
1721568711978,3.0841091680141877
1721568712999,3.079209868303283
1721568713988,3.076147805983968
1721568715007,3.076760218447831
1721568716005,3.0828843430864614
1721568716989,3.0902332926528175
1721568717998,3.103093954393941
1721568718996,3.112280141351887
1721568719991,3.119629090918243
1721568721001,3.119629090918243
1721568721996,3.119629090918243
1721568723005,3.1159546161350646
1721568724000,3.1055436042493936
1721568724999,3.098194654683037
1721568725996,3.0853339929419135
1721568726992,3.076147805983968
1721568728003,3.0638995567067075
1721568728999,3.0571630196042143
1721568729994,3.048589245110132
1721568731012,3.044302357863091
1721568731997,3.0369534082967347
1721568732998,3.0320541085858306
1721568734003,3.026542396411063
1721568735000,3.0253175714833374
1721568736000,3.0253175714833374
1721568737007,3.0277672213387894
1721568737989,3.026542396411063
1721568738992,3.0283796338026523
1721568740004,3.026542396411063
1721568741001,3.0228679216278853
1721568742000,3.019193446844707
1721568742999,3.0100072598867618
1721568743974,2.995309360754049
1721568745003,2.991022473507008
1721568745996,2.9836735239406518
1721568746988,2.9873479987238296
1721568747990,2.986123173796104
1721568749004,2.986123173796104
1721568749995,2.992247298434734
1721568751001,2.9989838355372274
1721568752012,3.0051079601758572
1721568753000,3.0075576100313097
1721568753996,3.0100072598867618
1721568754998,3.0112320848144876
1721568756012,3.011844497278351
1721568757016,3.0155189720615287
1721568758008,3.0228679216278853
1721568758987,3.0283796338026523
1721568760003,3.035728583369009
1721568761002,3.044914770326954
1721568761993,3.0583878445319406
1721568763000,3.071248506273064
1721568764008,3.079209868303283
1721568764998,3.0841091680141877
1721568765995,3.0890084677250917
1721568767006,3.0902332926528175
1721568768032,3.09268294250827
1721568768975,3.098194654683037
1721568769956,3.103093954393941
1721568770972,3.103093954393941
1721568771977,3.103093954393941
1721568772982,3.098194654683037
1721568773931,3.0994194796107633
1721568775002,3.1067684291771194
1721568775977,3.119629090918243
1721568776973,3.1324897526593665
1721568778002,3.1514745390391203
1721568779004,3.1643352007802434
1721568779998,3.1594359010693394
1721568781005,3.1912813491902168
1721568782011,3.201079948612025
1721568782997,3.203529598467477
1721568784006,3.202304773539751
1721568785005,3.197405473828847
1721568785996,3.201079948612025
1721568787007,3.199855123684299
1721568788000,3.196180648901121
1721568788988,3.1925061741179426
1721568789998,3.1845448120877236
1721568790983,3.172908975274326
1721568791973,3.1716841503466
1721568793003,3.1704593254188738
1721568794003,3.1716841503466
1721568794996,3.1643352007802434
1721568796005,3.1680096755634217
1721568797003,3.1808703373045453
1721568797997,3.1845448120877236
1721568798990,3.1894441117986276
1721568800006,3.1882192868709014
1721568800997,3.1869944619431756
1721568802001,3.177195862521367
1721568803024,3.1563738387500244
1721568803990,3.1398387022257226
1721568805021,3.128815277876188
1721568806002,3.1135049662796126
1721568806994,3.09268294250827
1721568808003,3.071248506273064
1721568809004,3.0559381946764885
1721568809988,3.0394030581521867
1721568811017,3.026542396411063
1721568812019,3.011844497278351
1721568812994,3.0014334853926794
1721568814021,2.992247298434734
1721568814997,2.9836735239406518
1721568815993,2.972037687127254
1721568816990,2.968363212344076
1721568818018,2.965913562488624
1721568819018,2.9542777256752264
1721568820018,2.940192239006377
1721568820999,2.9365177642231988
1721568821993,2.9340681143677467
1721568823017,2.9303936395845684
1721568823998,2.923657102482075
1721568824989,2.923657102482075
1721568825994,2.918757802771171
1721568826984,2.916308152915719
1721568827974,2.9132460905964037
1721568828974,2.9107964407409517
1721568830011,2.9058971410300476
1721568830994,2.8985481914636915
1721568832011,2.897935778999828
1721568833010,2.895486129144376
1721568833988,2.890586829433472
1721568835009,2.88813717957802
1721568836011,2.885687529722568
1721568837007,2.883237879867116
1721568838007,2.8814006424755267
1721568839007,2.8801758175478005
1721568840007,2.8777261676923485
1721568841006,2.8752765178368964
1721568842008,2.8728268679814444
1721568842973,2.8703772181259923
1721568843975,2.8703772181259923
1721568845011,2.866702743342814
1721568846004,2.866702743342814
1721568847009,2.864865505951225
1721568848005,2.864865505951225
1721568849002,2.8550669065294167
1721568850003,2.857516556384869
1721568851002,2.8562917314571425
1721568852003,2.8513924317462385
1721568853001,2.8513924317462385
1721568854004,2.8471055444991973
1721568855010,2.8471055444991973
1721568856000,2.843431069716019
1721568856998,2.842206244788293
1721568857999,2.838531770005115
1721568859000,2.834857295221937
1721568860005,2.833020057830348
1721568860997,2.8317952329026217
1721568861997,2.8281207581194434
1721568863000,2.8232214584085393
1721568863996,2.8219966334808135
1721568864998,2.8183221586976352
1721568866002,2.8152600963783203
1721568867010,2.80913597173969
1721568867995,2.8079111468119637
1721568869012,2.8054614969565117
1721568869993,2.8005621972456076
1721568871001,2.7999497847817447
1721568871995,2.7975001349262922
1721568872998,2.7938256601431144
1721568874000,2.790151185359936
1721568875006,2.78892636043221
1721568875995,2.786476710576758
1721568877002,2.785251885649032
1721568878009,2.784027060721306
1721568878996,2.7821898233297166
1721568879997,2.778515348546539
1721568881004,2.7772905236188126
1721568881987,2.7736160488356343
1721568883022,2.7711663989801822
1721568884000,2.7699415740524564
1721568884994,2.76871674912473
1721568886002,2.76871674912473
1721568886997,2.7674919241970044
1721568887993,2.766879511733141
1721568889005,2.7656546868054153
1721568889994,2.761980212022237
1721568890988,2.759530562166785
1721568891998,2.7583057372390587
1721568893007,2.7583057372390587
1721568893987,2.754631262455881
1721568895000,2.754631262455881
1721568896006,2.7515692001365655
1721568897008,2.7503443752088397
1721568897994,2.7491195502811134
1721568899015,2.7466699004256614
1721568899987,2.7454450754979356
1721568900975,2.7442202505702094
1721568902025,2.7417706007147573
1721568903006,2.738096125931579
1721568903997,2.7368713010038532
1721568905130,2.735646476076127
1721568905987,2.733809238684538
1721568907000,2.731359588829086
1721568908019,2.73013476390136
1721568909055,2.73013476390136
1721568909991,2.7264602891181817
1721568910982,2.7252354641904555
1721568911999,2.7215609894072776
1721568912991,2.7215609894072776
1721568913995,2.7203361644795514
1721568914991,2.7184989270879623
1721568915992,2.7184989270879623
1721568917007,2.7172741021602365
1721568917995,2.713599627377058
1721568918989,2.713599627377058
1721568920001,2.713599627377058
1721568920992,2.712374802449332
1721568922011,2.711149977521606
1721568923002,2.70992515259388
1721568923987,2.70992515259388
1721568925040,2.708700327666154
1721568926007,2.705025852882976
1721568927011,2.705025852882976
1721568927998,2.7038010279552496
1721568929003,2.7038010279552496
1721568930018,2.701963790563661
1721568931001,2.7025762030275238
1721568932004,2.7007389656359346
1721568933003,2.701963790563661
1721568934005,2.7007389656359346
1721568935003,2.6982893157804826
1721568935987,2.6982893157804826
1721568936992,2.6970644908527563
1721568938005,2.6958396659250305
1721568939014,2.6970644908527563
1721568940003,2.6946148409973043
1721568941009,2.6946148409973043
1721568941985,2.6946148409973043
1721568942991,2.6933900160695785
1721568944005,2.6909403662141265
1721568945010,2.6909403662141265
1721568946031,2.6897155412864002
1721568946980,2.6909403662141265
1721568947984,2.6909403662141265
1721568948990,2.6897155412864002
1721568949996,2.6909403662141265
1721568951003,2.6909403662141265
1721568952000,2.688490716358674
1721568953012,2.6897155412864002
1721568954011,2.6897155412864002
1721568954998,2.6897155412864002
1721568955997,2.688490716358674
1721568956987,2.6897155412864002
1721568957976,2.6897155412864002
1721568958981,2.6897155412864002
1721568959986,2.688490716358674
1721568960973,2.688490716358674
1721568961938,2.6897155412864002
1721568962986,2.6897155412864002
1721568963976,2.688490716358674
1721568964983,2.6897155412864002
1721568965987,2.6897155412864002
1721568966981,2.6897155412864002
1721568967986,2.688490716358674
1721568968947,2.687265891430948
1721568969939,2.6711722407228873
1721568970983,2.6687394791193144
1721568971992,2.6711722407228873
1721568972984,2.6711722407228873
1721568973986,2.6711722407228873
1721568974991,2.6711722407228873
1721568975982,2.6711722407228873
1721568976983,2.6711722407228873
1721568977990,2.6723886215246737
1721568978980,2.6711722407228873
1721568979988,2.6711722407228873
1721568980988,2.6723886215246737
1721568981978,2.669955859921101
1721568982983,2.669955859921101
1721568983989,2.669955859921101
1721568985007,2.669955859921101
1721568985982,2.6687394791193144
1721568986980,2.6675230983175284
1721568987977,2.6687394791193144
1721568989031,2.669955859921101
1721568990043,2.669955859921101
1721568991016,2.676037763930033
1721568992030,2.6748213831282466
1721568993037,2.6723886215246737
1721568994023,2.6723886215246737
1721568995031,2.6723886215246737
1721568996060,2.6711722407228873
1721568997010,2.6723886215246737
1721568998017,2.6723886215246737
1721568998990,2.6723886215246737
1721569000041,2.6711722407228873
1721569001042,2.6723886215246737
1721569002044,2.6723886215246737
1721569003051,2.6711722407228873
1721569004034,2.6723886215246737
1721569005049,2.6723886215246737
1721569006032,2.6723886215246737
1721569007051,2.6723886215246737
1721569008052,2.6723886215246737
1721569009050,2.6723886215246737
1721569010037,2.6711722407228873
1721569011045,2.6723886215246737
1721569012036,2.6723886215246737
1721569013040,2.6711722407228873
1721569014045,2.6723886215246737
1721569015035,2.6711722407228873
1721569016036,2.6723886215246737
1721569017079,2.6711722407228873
1721569018032,2.6711722407228873
1721569019039,2.6711722407228873
1721569020047,2.6711722407228873
1721569021026,2.6711722407228873
1721569022045,2.6711722407228873
1721569023046,2.6723886215246737
1721569024037,2.669955859921101
1721569025045,2.6723886215246737
1721569026022,2.669955859921101
1721569027033,2.669955859921101
1721569028046,2.669955859921101
1721569029053,2.6687394791193144
1721569030041,2.669955859921101
1721569031042,2.6711722407228873
1721569032052,2.6711722407228873
1721569033033,2.6711722407228873
1721569034045,2.6723886215246737
1721569035044,2.6748213831282466
1721569036084,2.676037763930033
1721569037051,2.676037763930033
1721569038036,2.679686906335392
1721569039046,2.678470525533606
1721569040046,2.683336048740751
1721569041044,2.6851606199434306
1721569042048,2.6875933815470034
1721569043061,2.6912425239523627
1721569044065,2.6948916663577216
1721569045061,2.6997571895648673
1721569046052,2.702798141569333
1721569047052,2.7040145223711196
1721569048050,2.712529187983624
1721569049040,2.7192192823934493
1721569050040,2.7240848056005946
1721569051050,2.734424042415779
1721569052034,2.740505946424711
1721569053052,2.740505946424711
1721569054052,2.5422358757335313
1721569055035,2.5562242549540746
1721569056049,2.778213751280089
1721569057048,2.782471084086341
1721569058034,2.7897693688970593
1721569059043,2.812272413730107
1721569060060,2.815313365734573
1721569061041,2.8226116505452916
1721569062049,2.827477173752437
1721569063050,2.8305181257569028
1721569063986,2.834167268162262
1721569064989,2.831734506558689
1721569065951,2.8305181257569028
1721569066979,2.834167268162262
1721569067988,2.834167268162262
1721569069054,2.831734506558689
1721569070015,2.831734506558689
1721569071044,2.8305181257569028
1721569072042,2.8305181257569028
1721569073029,2.831734506558689
1721569074042,2.827477173752437
1721569075046,2.827477173752437
1721569076035,2.817746127338146
1721569077047,2.8061905097211755
1721569078042,2.807406890522962
1721569079029,2.807406890522962
1721569079989,2.8061905097211755
1721569081036,2.8061905097211755
1721569082054,2.807406890522962
1721569083026,2.8086232713247483
1721569084037,2.814096984932787
1721569085054,2.8201788889417188
1721569086044,2.8226116505452916
1721569087085,2.8286935545542233
1721569088034,2.8426819337747666
1721569089056,2.8578866937970964
1721569090053,2.868225930612281
1721569091062,2.8834306906346105
1721569092060,2.8962026890533674
1721569093052,2.9150565914810564
1721569094033,2.9314777323051726
1721569095045,2.950331634732861
1721569096050,2.972834679565909
1721569097031,3.0056769612141414
1721569098026,3.0415601948668396
1721569099057,3.0853499037311494
1721569100031,3.1376542782079637
1721569101050,3.1942159854910304
1721569102052,3.248344931170524
1721569103045,3.331058825691998
1721569104046,3.382755009767919
1721569105049,3.438100336249199
1721569106030,3.482498235514402
1721569107029,3.5141241363608477
1721569108029,3.525679753977818
1721569109032,3.5293288963831775
1721569110029,3.521422421171566
1721569111049,3.5141241363608477
1721569112060,3.5025685187438773
1721569113050,3.4928374723295863
1721569114041,3.4873637587215476
1721569115040,3.48979652032512
1721569116065,3.5074340419510226
1721569117071,3.5421008948019344
1721569118037,3.5937970788778557
1721569119045,3.6546161189671746
1721569120052,3.700838589435057
1721569121042,3.739154584691328
1721569122043,3.7695641047359874
1721569123056,3.790850768767249
1721569124044,3.809704671194938
1721569125053,3.8188275272083354
1721569126054,3.8449797144467426
1721569127057,3.8741728536896156
1721569128049,3.877821996094975
1721569129061,3.886944852108373
1721569130045,3.909447896941421
1721569131044,3.9270854185673234
1721569132058,3.9538457962066236
1721569133064,3.9726996986343126
1721569134042,3.991553601062001
1721569135059,4.0134484554941565
1721569136061,4.03716788112899
1721569137057,4.052372641151321
1721569138042,4.070010162777223
1721569139054,4.0943377788129505
1721569140037,4.115624442844212
1721569141026,4.1344783452719005
1721569142055,4.154548628501376
1721569143050,4.170969769325493
1721569144068,4.18009262533889
1721569145055,4.196513766163006
1721569146059,4.209285764581763
1721569147043,4.224490524604093
1721569148069,4.23543795182017
1721569149054,4.246993569437141
1721569150049,4.259765567855898
1721569151064,4.260981948657684
1721569152051,4.257332806252325
1721569153056,4.2518590926442865
1721569154066,4.242128046229995
1721569155049,4.2342215710183835
1721569156069,4.228139667009452
1721569157065,4.225706905405879
1721569158040,4.228139667009452
1721569159049,4.236046142221063
1721569160063,4.243344427031782
1721569161034,4.254900044648752
1721569161991,4.26584747186483
1721569163039,4.2774030894818
1721569163988,4.298689753513062
1721569165037,4.30781260952646
1721569166053,4.320584607945217
1721569166989,4.330315654359508
1721569168037,4.339438510372905
1721569169041,4.353426889593449
1721569170028,4.355859651197021
1721569171039,4.368631649615779
1721569172001,4.377146315228283
1721569173048,4.388701932845254
1721569174062,4.3911346944488265
1721569175062,4.400257550462224
1721569176067,4.409988596876516
1721569177048,4.413637739281874
1721569178068,4.419111452889913
1721569179062,4.430058880105991
1721569180047,4.442830878524748
1721569181059,4.4519537345381455
1721569182058,4.461684780952437
1721569183061,4.467158494560476
1721569184047,4.478105921776553
1721569185039,4.478105921776553
1721569186040,4.488445158591737
1721569187001,4.496351633803348
1721569187989,4.500000776208708
1721569189066,4.5085154418212126
1721569190048,4.515205536231037
1721569191054,4.518854678636396
1721569192053,4.523720201843542
1721569193058,4.529193915451581
1721569194051,4.538924961865872
1721569195061,4.542574104271231
1721569196055,4.546831437077484
1721569197043,4.552913341086415
1721569198050,4.554129721888201
1721569199061,4.554129721888201
1721569200054,4.564468958703386
1721569201048,4.558995245095347
1721569202059,4.5705508627123175
1721569203006,4.566901720306959
1721569204038,4.5693344819105315
1721569204951,4.5705508627123175
1721569206001,4.5693344819105315
1721569206987,4.571767243514104
1721569207993,4.57298362431589
1721569208998,4.571767243514104
1721569209997,4.571767243514104
1721569211016,4.577240957122142
1721569212016,4.571767243514104
1721569212999,4.576024576320356
1721569214000,4.580890099527502
1721569215004,4.578457337923929
1721569215997,4.580890099527502
1721569217000,4.585755622734648
1721569218014,4.5894047651400065
1721569218998,4.579673718725715
1721569220014,4.58818838433822
1721569221007,4.5894047651400065
1721569221995,4.586972003536434
1721569223001,4.58818838433822
1721569224005,4.58818838433822
1721569224993,4.5894047651400065
1721569226047,4.5906211459417925
1721569227003,4.592445717144472
1721569227995,4.594878478748045
1721569228992,4.5906211459417925
1721569230020,4.594878478748045
1721569230997,4.586972003536434
1721569232000,4.5906211459417925
1721569233003,4.58818838433822
1721569233994,4.5906211459417925
1721569235000,4.585755622734648
1721569236020,4.585755622734648
1721569236988,4.586972003536434
1721569238001,4.58818838433822
1721569239005,4.58818838433822
1721569239993,4.58818838433822
1721569240990,4.584539241932861
1721569242003,4.5894047651400065
1721569242996,4.586972003536434
1721569243999,4.58818838433822
1721569245004,4.592445717144472
1721569245995,4.58818838433822
1721569247031,4.594878478748045
1721569248006,4.5906211459417925
1721569248993,4.5894047651400065
1721569250014,4.592445717144472
1721569251020,4.592445717144472
1721569251995,4.592445717144472
1721569253000,4.593662097946258
1721569254019,4.592445717144472
1721569254996,4.596094859549831
1721569256000,4.592445717144472
1721569257003,4.596094859549831
1721569258022,4.596094859549831
1721569259000,4.593662097946258
1721569260003,4.597311240351618
1721569260993,4.593662097946258
1721569262000,4.58818838433822
1721569263004,4.598527621153404
1721569263993,4.598527621153404
1721569264959,4.598527621153404
1721569266001,4.600960382756977
1721569266990,4.602176763558764
1721569267999,4.598527621153404
1721569269004,4.600960382756977
1721569269994,4.605825905964123
1721569270997,4.605825905964123
1721569272018,4.600960382756977
1721569273083,4.60339314436055
1721569274002,4.60339314436055
1721569275020,4.600960382756977
1721569275996,4.60339314436055
1721569276999,4.60339314436055
1721569278004,4.600960382756977
1721569278995,4.593662097946258
1721569279999,4.597311240351618
1721569281003,4.596094859549831
1721569281995,4.596094859549831
1721569282999,4.594878478748045
1721569284006,4.584539241932861
1721569284997,4.5894047651400065
1721569286001,4.58818838433822
1721569287004,4.5906211459417925
1721569287993,4.592445717144472
1721569288999,4.5894047651400065
1721569290007,4.5906211459417925
1721569290993,4.5894047651400065
1721569292001,4.58818838433822
1721569293016,4.5906211459417925
1721569293991,4.586972003536434
1721569294998,4.584539241932861
1721569296000,4.58818838433822
1721569296996,4.586972003536434
1721569297998,4.582106480329288
1721569299004,4.585755622734648
1721569299998,4.582106480329288
1721569301000,4.582106480329288
1721569302015,4.584539241932861
1721569303009,4.584539241932861
1721569304092,4.584539241932861
1721569305017,4.582106480329288
1721569306002,4.584539241932861
1721569306998,4.582106480329288
1721569308005,4.577240957122142
1721569309007,4.580890099527502
1721569309998,4.580890099527502
1721569311003,4.580890099527502
1721569312009,4.578457337923929
1721569313014,4.577240957122142
1721569314006,4.582106480329288
1721569315000,4.57298362431589
1721569315999,4.577240957122142
1721569317004,4.577240957122142
1721569318007,4.577240957122142
1721569319000,4.577240957122142
1721569320004,4.577240957122142
1721569321010,4.571767243514104
1721569321999,4.574200005117676
1721569323035,4.574200005117676
1721569324012,4.574200005117676
1721569324998,4.57298362431589
1721569326004,4.571767243514104
1721569327010,4.57298362431589
1721569327998,4.566901720306959
1721569329003,4.571767243514104
1721569330012,4.5693344819105315
1721569331001,4.574200005117676
1721569332005,4.566901720306959
1721569333010,4.571767243514104
1721569333999,4.566901720306959
1721569335010,4.565685339505172
1721569336037,4.560819816298027
1721569337000,4.565685339505172
1721569338005,4.566901720306959
1721569339009,4.558995245095347
1721569340000,4.565685339505172
1721569341005,4.555346102689988
1721569342011,4.558995245095347
1721569343001,4.558995245095347
1721569344005,4.558995245095347
1721569345010,4.560819816298027
1721569345998,4.556562483491774
1721569347005,4.552913341086415
1721569348007,4.554129721888201
1721569349001,4.555346102689988
1721569350004,4.54804781787927
1721569351009,4.545615056275697
1721569352000,4.549264198681056
1721569353004,4.545615056275697
1721569354010,4.54804781787927
1721569354999,4.549264198681056
1721569356003,4.546831437077484
1721569357008,4.544398675473911
1721569358000,4.544398675473911
1721569359004,4.541357723469445
1721569360010,4.544398675473911
1721569360996,4.544398675473911
1721569362004,4.544398675473911
1721569363009,4.540141342667658
1721569363999,4.542574104271231
1721569365004,4.541357723469445
1721569366011,4.536492200262299
1721569367000,4.537708581064085
1721569368004,4.540141342667658
1721569369009,4.542574104271231
1721569369999,4.541357723469445
1721569371006,4.538924961865872
1721569372009,4.540141342667658
1721569372997,4.542574104271231
1721569374005,4.545615056275697
1721569375009,4.54804781787927
1721569375997,4.546831437077484
1721569377005,4.542574104271231
1721569378007,4.5504805794828425
1721569378998,4.549264198681056
1721569380000,4.54804781787927
1721569381008,4.54804781787927
1721569381999,4.545615056275697
1721569383005,4.545615056275697
1721569384008,4.545615056275697
1721569385001,4.545615056275697
1721569386004,4.544398675473911
1721569387009,4.545615056275697
1721569388000,4.544398675473911
1721569389005,4.546831437077484
1721569390015,4.545615056275697
1721569390998,4.541357723469445
1721569392004,4.544398675473911
1721569393007,4.538924961865872
1721569393997,4.541357723469445
1721569395004,4.542574104271231
1721569396010,4.540141342667658
1721569396999,4.540141342667658
1721569398004,4.537708581064085
1721569399010,4.540141342667658
1721569400001,4.540141342667658
1721569401003,4.541357723469445
1721569402009,4.540141342667658
1721569402997,4.545615056275697
1721569404004,4.542574104271231
1721569405009,4.542574104271231
1721569405997,4.536492200262299
1721569407008,4.537708581064085
1721569408008,4.537708581064085
1721569408996,4.531626677055153
1721569410004,4.538924961865872
1721569411008,4.532843057856939
1721569411995,4.531626677055153
1721569413004,4.537708581064085
1721569414005,4.532843057856939
1721569415001,4.531626677055153
1721569416005,4.529193915451581
1721569417009,4.530410296253367
1721569417998,4.523720201843542
1721569419004,4.531626677055153
1721569420009,4.526152963447115
1721569420997,4.523720201843542
1721569422005,4.522503821041756
1721569423005,4.522503821041756
1721569423997,4.521287440239969
1721569425002,4.51763829783461
1721569426008,4.51763829783461
1721569426998,4.518854678636396
1721569428007,4.51763829783461
1721569429007,4.515205536231037
1721569429998,4.512772774627464
1721569431004,4.5085154418212126
1721569432006,4.510948203424785
1721569433068,4.516421917032824
1721569433998,4.5097318226229985
1721569435006,4.51763829783461
1721569435996,4.512772774627464
1721569436988,4.513989155429251
1721569438005,4.512772774627464
1721569439027,4.510948203424785
1721569440005,4.513989155429251
1721569441010,4.5097318226229985
1721569441997,4.5085154418212126
1721569443002,4.5097318226229985
1721569444008,4.5097318226229985
1721569444998,4.510948203424785
1721569446017,4.50608268021764
1721569447010,4.498784395406921
1721569448002,4.500000776208708
1721569449003,4.501217157010494
1721569450016,4.50608268021764
1721569451033,4.501217157010494
1721569452024,4.498784395406921
1721569453045,4.498784395406921
1721569454025,4.500000776208708
1721569455027,4.493310681798882
1721569456029,4.493310681798882
1721569457033,4.493310681798882
1721569458012,4.492094300997096
1721569459021,4.4908779201953095
1721569460025,4.484796016186378
1721569461038,4.4908779201953095
1721569462025,4.486012396988165
1721569463034,4.481146873781019
1721569464016,4.482363254582805
1721569465019,4.478714112177446
1721569466032,4.47567316017298
1721569467026,4.478714112177446
1721569468024,4.47567316017298
1721569469030,4.474456779371193
1721569470020,4.478105921776553
1721569471019,4.474456779371193
1721569472025,4.476889540974766
1721569472998,4.473240398569407
1721569474005,4.468374875362262
1721569475033,4.468374875362262
1721569476026,4.4695912561640485
1721569477026,4.468374875362262
1721569478034,4.468374875362262
1721569479016,4.468374875362262
1721569480016,4.467158494560476
1721569481030,4.467158494560476
1721569482014,4.464725732956903
1721569483017,4.467158494560476
1721569484033,4.461684780952437
1721569485025,4.461684780952437
1721569486019,4.46229297135333
1721569487029,4.46046840015065
1721569488026,4.458035638547077
1721569489019,4.454386496141718
1721569490022,4.4519537345381455
1721569491013,4.454386496141718
1721569492029,4.456819257745291
1721569493037,4.453170115339932
1721569494032,4.454386496141718
1721569495026,4.4507373537363595
1721569496031,4.453170115339932
1721569497014,4.449520972934573
1721569498023,4.4519537345381455
1721569499032,4.448304592132787
1721569500038,4.446480020930107
1721569501027,4.448304592132787
1721569502024,4.442830878524748
1721569503019,4.444047259326534
1721569504012,4.442830878524748
1721569505040,4.442830878524748
1721569506010,4.445263640128321
1721569507028,4.442830878524748
1721569508023,4.445263640128321
1721569509019,4.442830878524748
1721569510029,4.445263640128321
1721569511027,4.446480020930107
1721569512022,4.444047259326534
1721569513027,4.445263640128321
1721569514033,4.442830878524748
1721569515026,4.446480020930107
1721569516030,4.444047259326534
1721569517046,4.444047259326534
1721569518018,4.448304592132787
1721569519020,4.446480020930107
1721569520025,4.444047259326534
1721569521014,4.445263640128321
1721569522027,4.445263640128321
1721569523037,4.449520972934573
1721569524024,4.449520972934573
1721569525027,4.4519537345381455
1721569526030,4.4507373537363595
1721569527023,4.459252019348864
1721569528026,4.458035638547077
1721569529034,4.459252019348864
1721569530022,4.453170115339932
1721569531030,4.4519537345381455
1721569532033,4.454386496141718
1721569533008,4.4519537345381455
1721569534006,4.449520972934573
1721569535030,4.4507373537363595
1721569536014,4.453170115339932
1721569537045,4.4519537345381455
1721569538033,4.448304592132787
1721569539013,4.449520972934573
1721569540029,4.446480020930107
1721569541026,4.446480020930107
1721569542039,4.446480020930107
1721569543030,4.444047259326534
1721569544024,4.442830878524748
1721569545021,4.440398116921175
1721569546023,4.436748974515816
1721569547010,4.430058880105991
1721569548013,4.427626118502418
1721569549028,4.430058880105991
1721569550033,4.428842499304205
1721569551017,4.421544214493486
1721569552022,4.422760595295273
1721569553029,4.419111452889913
1721569554018,4.417895072088127
1721569555028,4.4112049776783016
1721569556027,4.403906692867584
1721569557026,4.396000217655972
1721569557958,4.387485552043468
1721569558963,4.373497172822924
1721569559995,4.364374316809527
1721569561005,4.34977774718809
1721569561970,4.347953175985411
1721569563013,4.3333566063639735
1721569563997,4.266625777188705
1721569565003,4.261831815641302
1721569566010,4.2594348348676
1721569567003,4.253442382933346
1721569567967,4.246850685805667
1721569569017,4.243255214645115
1721569570004,4.236663517517436
1721569571010,4.225877104035779
1721569571999,4.215689935747547
1721569573011,4.203105786685614
1721569574014,4.186926166463129
1721569575003,4.170746546240644
1721569576000,4.159960132758987
1721569577004,4.149772964470755
1721569577993,4.13359334424827
1721569579000,4.112619762478382
1721569580005,4.106028065350703
1721569580999,4.096440142255897
1721569582002,4.094043161482195
1721569583010,4.09344391628877
1721569583999,4.093092885185061
1721569584958,4.103873639052976
1721569585982,4.108066154446054
1721569586999,4.112857600609572
1721569588000,4.1242372852479265
1721569589009,4.13861162373848
1721569590003,4.145199862213317
1721569590999,4.153584892999473
1721569592002,4.156579546851671
1721569592992,4.155980616081232
1721569593997,4.154782754540352
1721569595005,4.156579546851671
1721569595992,4.157777408392551
1721569596999,4.163766716096948
1721569598008,4.168558162260466
1721569598969,4.1739485391944235
1721569599999,4.179937846898821
1721569601007,4.188921808455417
1721569602000,4.194911116159814
1721569603034,4.200900423864211
1721569604046,4.199702562323331
1721569605032,4.200900423864211
1721569606037,4.200900423864211
1721569607041,4.193713254618935
1721569608033,4.197306839241572
1721569609035,4.193713254618935
1721569610041,4.192515393078055
1721569611030,4.193713254618935
1721569612041,4.190119669996296
1721569613043,4.187723946914537
1721569614001,4.176344262276182
1721569615006,4.1739485391944235
1721569616043,4.1739485391944235
1721569617034,4.163766716096948
1721569618045,4.157777408392551
1721569619044,4.149991308376834
1721569620049,4.153584892999473
1721569621040,4.153584892999473
1721569622046,4.154782754540352
1721569623051,4.155980616081232
1721569624037,4.153584892999473
1721569624966,4.16017313147431
1721569626042,4.162568854556069
1721569627041,4.166162439178707
1721569628042,4.170953885342225
1721569628971,4.171552816112665
1721569630039,4.176344262276182
1721569631056,4.177542123817062
1721569632078,4.177542123817062
1721569633127,4.18233356998058
1721569634045,4.18233356998058
1721569635130,4.187125016144098
1721569635962,4.190119669996296
1721569637046,4.190119669996296
1721569638050,4.199702562323331
1721569639038,4.197306839241572
1721569640043,4.207488662339048
1721569641043,4.213477970043445
1721569642037,4.212280108502566
1721569643045,4.220066208518282
1721569644062,4.233242685467956
1721569645042,4.228451239304438
1721569646044,4.234440547008836
1721569647045,4.234440547008836
1721569648037,4.242226647024552
1721569649040,4.239830923942793
1721569650046,4.244622370106311
1721569651057,4.2524084701220275
1721569652045,4.250611677810708
1721569653062,4.249413816269828
1721569654054,4.251210608581148
1721569655103,4.248215954728949
1721569656048,4.247018093188069
1721569657034,4.251210608581148
1721569658056,4.243424508565432
1721569659047,4.2524084701220275
1721569660046,4.250611677810708
1721569661043,4.2524084701220275
1721569662105,4.251210608581148
1721569663047,4.2524084701220275
1721569664044,4.251210608581148
1721569665041,4.254804193203786
1721569666038,4.254804193203786
1721569667010,4.2524084701220275
1721569668016,4.250611677810708
1721569669040,4.249413816269828
1721569670041,4.249413816269828
1721569671044,4.244622370106311
1721569672036,4.239830923942793
1721569673045,4.239830923942793
1721569674046,4.233242685467956
1721569675053,4.229649100845317
1721569676041,4.220066208518282
1721569677080,4.226055516222679
1721569678035,4.209884385420807
1721569679052,4.205092939257289
1721569680056,4.200900423864211
1721569681100,4.187723946914537
1721569682040,4.187125016144098
1721569683049,4.178739985357941
1721569684053,4.169756023801345
1721569685042,4.169756023801345
1721569686046,4.168558162260466
1721569687036,4.153584892999473
1721569688056,4.148793446835955
1721569689039,4.145199862213317
1721569690041,4.145199862213317
1721569691049,4.140408416049799
1721569692053,4.139809485279359
1721569693037,4.135018039115842
1721569694039,4.132622316034083
1721569695049,4.131424454493203
1721569696033,4.126633008329685
1721569697039,4.126633008329685
1721569698068,4.115253323691331
1721569699051,4.110461877527813
1721569700042,4.102675777512096
1721569701053,4.091895023644182
1721569702035,4.082911062087586
1721569703038,4.071531377449231
1721569704067,4.058953831269997
1721569705047,4.048173077402081
1721569706086,4.035595531222848
1721569707067,4.020622261961854
1721569708041,4.003253269619103
1721569709041,3.989477861898989
1721569710066,3.976900315719755
1721569711035,3.9643227695405208
1721569712066,3.9511462925908467
1721569713045,3.9409644694933714
1721569714036,3.930782646395896
1721569715065,3.921199754068861
1721569716069,3.9146115155940238
1721569717040,3.918804030987102
1721569718044,3.918804030987102
1721569719062,3.924793338691499
1721569720033,3.933777300248095
1721569721040,3.937370884870733
1721569722060,3.948750569509088
1721569723034,3.952344154131726
1721569724038,3.9643227695405208
1721569725058,3.972108869556237
1721569726058,3.981092831112833
1721569727058,3.983488554194592
1721569728057,3.983488554194592
1721569729003,3.98708213881723
1721569730008,3.9846864157354713
1721569731013,3.983488554194592
1721569732004,3.9822906926537125
1721569733008,3.980493900342393
1721569734019,3.972108869556237
1721569735005,3.9649217003109603
1721569736009,3.961927046458762
1721569737030,3.952344154131726
1721569738007,3.9433601925751303
1721569739008,3.939766607952492
1721569740016,3.9361730233298537
1721569741220,3.933777300248095
1721569742012,3.9325794387072155
1721569743033,3.933777300248095
1721569744003,3.9361730233298537
1721569745023,3.9361730233298537
1721569746034,3.939766607952492
1721569747026,3.9457559156568895
1721569748037,3.9535420156726055
1721569749033,3.9571356002952442
1721569750028,3.9583334618361237
1721569751062,3.959531323377003
1721569752162,3.9607291849178825
1721569753031,3.9571356002952442
1721569754172,3.9571356002952442
1721569755042,3.952344154131726
1721569756045,3.9481516387386484
1721569757024,3.942162331034251
1721569758150,3.933777300248095
1721569759029,3.9325794387072155
1721569760027,3.930782646395896
1721569761058,3.9259912002323785
1721569762050,3.927189061773258
1721569763023,3.92239761560974
1721569764031,3.9325794387072155
1721569765016,3.9295847848550167
1721569766021,3.937370884870733
1721569767026,3.939766607952492
1721569768080,3.9409644694933714
1721569769035,3.94455805411601
1721569770156,3.9457559156568895
1721569771014,3.9457559156568895
1721569772051,3.9481516387386484
1721569773042,3.952344154131726
1721569774018,3.955937738754365
1721569775092,3.955937738754365
1721569776053,3.961927046458762
1721569777030,3.968515284933599
1721569778038,3.968515284933599
1721569779074,3.968515284933599
1721569780016,3.974504592637996
1721569781017,3.9757024541788755
1721569782031,3.980493900342393
1721569783026,3.976900315719755
1721569784021,3.976900315719755
1721569785048,3.980493900342393
1721569786025,3.9780981772606343
1721569787008,3.981092831112833
1721569788011,3.983488554194592
1721569789013,3.981092831112833
1721569790018,3.989477861898989
1721569791032,3.9906757234398684
1721569792023,3.991873584980748
1721569793028,3.998461823455585
1721569794038,4.004451131159982
1721569795052,4.006846854241741
1721569796411,4.014632954257458
1721569797042,4.019424400420975
1721569798017,4.02960622351845
1721569799041,4.035595531222848
1721569800032,4.040386977386365
1721569801019,4.0469752158612025
1721569802032,4.050568800483841
1721569803045,4.0601516928108765
1721569804051,4.063146346663075
1721569805021,4.069135654367472
1721569806110,4.070333515908351
1721569807067,4.071531377449231
1721569808024,4.070333515908351
1721569809067,4.07392710053099
1721569810067,4.071531377449231
1721569811022,4.075124962071869
1721569812030,4.076322823612749
1721569813076,4.081713200546706
1721569814022,4.07392710053099
1721569815036,4.075124962071869
1721569816025,4.07392710053099
1721569817021,4.07392710053099
1721569818066,4.07392710053099
1721569819021,4.076322823612749
1721569820037,4.07392710053099
1721569821035,4.076322823612749
1721569822037,4.076921754383188
1721569823302,4.082911062087586
1721569824036,4.082911062087586
1721569825017,4.079317477464947
1721569826039,4.079317477464947
1721569827040,4.081713200546706
1721569828021,4.078119615924068
1721569829020,4.076921754383188
1721569830028,4.079317477464947
1721569831038,4.078119615924068
1721569832027,4.081713200546706
1721569833029,4.076921754383188
1721569834017,4.071531377449231
1721569835040,4.076322823612749
1721569836043,4.076921754383188
1721569837015,4.076322823612749
1721569838041,4.076322823612749
1721569839006,4.076921754383188
1721569840017,4.071531377449231
1721569841020,4.075124962071869
1721569842030,4.071531377449231
1721569843017,4.070333515908351
1721569844033,4.0667399312857135
1721569845031,4.069135654367472
1721569846014,4.063146346663075
1721569847032,4.063146346663075
1721569848032,4.064344208203955
1721569849036,4.063146346663075
1721569850019,4.060750623581316
1721569851027,4.054162385106479
1721569852028,4.056558108188238
1721569853021,4.0601516928108765
1721569854036,4.058953831269997
1721569855030,4.070333515908351
1721569856016,4.069135654367472
1721569857023,4.071531377449231
1721569858056,4.0679377928265925
1721569859032,4.071531377449231
1721569860035,4.0679377928265925
1721569861053,4.070333515908351
1721569862023,4.070333515908351
1721569863024,4.070333515908351
1721569864035,4.07392710053099
1721569865002,4.076322823612749
1721569866006,4.069135654367472
1721569867017,4.076322823612749
1721569868003,4.07392710053099
1721569869008,4.075124962071869
1721569870017,4.076322823612749
1721569871007,4.075124962071869
1721569872012,4.081713200546706
1721569873049,4.085306785169345
1721569874028,4.090098231332862
1721569875024,4.091895023644182
1721569876030,4.091296092873741
1721569877022,4.100280054430337
1721569878029,4.097884331348578
1721569879010,4.108066154446054
1721569880002,4.107467223675615
1721569881012,4.107467223675615
1721569882018,4.109264015986933
1721569883007,4.109264015986933
1721569884012,4.109264015986933
1721569885017,4.1176490467730895
1721569886007,4.112857600609572
1721569887013,4.121242631395728
1721569888016,4.115253323691331
1721569889007,4.112857600609572
1721569890048,4.118846908313969
1721569891062,4.112857600609572
1721569892052,4.118846908313969
1721569893052,4.114055462150452
1721569894057,4.1176490467730895
1721569895016,4.112857600609572
1721569896030,4.1176490467730895
1721569897021,4.114055462150452
1721569898055,4.130226592952324
1721569898974,4.1176490467730895
1721569900021,4.129028731411444
1721569901010,4.129028731411444
1721569902102,4.125435146788806
1721569903090,4.129028731411444
1721569904066,4.131424454493203
1721569905082,4.132622316034083
1721569906117,4.125435146788806
1721569907011,4.135018039115842
1721569908119,4.1242372852479265
1721569909125,4.132622316034083
1721569910084,4.131424454493203
1721569911103,4.131424454493203
1721569912094,4.129028731411444
1721569913069,4.133820177574962
1721569914104,4.131424454493203
1721569915073,4.131424454493203
1721569916089,4.137413762197601
1721569917088,4.131424454493203
1721569918078,4.145199862213317
1721569919080,4.140408416049799
1721569920082,4.142804139131558
1721569921079,4.141606277590679
1721569922063,4.147595585295075
1721569923075,4.151189169917714
1721569924204,4.16017313147431
1721569925229,4.161370993015189
1721569926119,4.16017313147431
1721569927113,4.163766716096948
1721569928088,4.163766716096948
1721569929145,4.162568854556069
1721569930076,4.157777408392551
1721569931079,4.157777408392551
1721569932093,4.153584892999473
1721569933175,4.153584892999473
1721569934097,4.149991308376834
1721569935105,4.1463977237541965
1721569936123,4.1463977237541965
1721569937067,4.142804139131558
1721569938076,4.142804139131558
1721569939099,4.142804139131558
1721569940067,4.1463977237541965
1721569941095,4.140408416049799
1721569942091,4.139809485279359
1721569943057,4.142804139131558
1721569944086,4.145199862213317
1721569945095,4.1463977237541965
1721569946082,4.148793446835955
1721569947079,4.148793446835955
1721569948075,4.155980616081232
1721569949067,4.156579546851671
1721569950071,4.153584892999473
1721569951096,4.156579546851671
1721569952067,4.156579546851671
1721569953077,4.157777408392551
1721569954092,4.156579546851671
1721569955089,4.148793446835955
1721569956078,4.153584892999473
1721569957092,4.151189169917714
1721569958080,4.1463977237541965
1721569959069,4.148793446835955
1721569960079,4.145199862213317
1721569961113,4.1463977237541965
1721569962079,4.141606277590679
1721569963083,4.137413762197601
1721569964075,4.141606277590679
1721569965082,4.145199862213317
1721569966101,4.148793446835955
1721569967078,4.142804139131558
1721569968066,4.145199862213317
1721569969085,4.147595585295075
1721569970092,4.141606277590679
1721569971082,4.140408416049799
1721569972085,4.135018039115842
1721569973067,4.133820177574962
1721569974068,4.133820177574962
1721569975079,4.126633008329685
1721569976070,4.130226592952324
1721569977076,4.122440492936607
1721569978100,4.126633008329685
1721569979076,4.122440492936607
1721569980107,4.122440492936607
1721569981106,4.1242372852479265
1721569982084,4.125435146788806
1721569983126,4.126633008329685
1721569984088,4.129028731411444
1721569985062,4.132622316034083
1721569986119,4.135018039115842
1721569987122,4.139809485279359
1721569988086,4.141606277590679
1721569989081,4.147595585295075
1721569990074,4.147595585295075
1721569991009,4.154782754540352
1721569992012,4.16017313147431
1721569993090,4.16017313147431
1721569994207,4.161370993015189
1721569995098,4.16017313147431
1721569996070,4.161370993015189
1721569997149,4.156579546851671
1721569998069,4.16017313147431
1721569999247,4.161370993015189
1721570000439,4.163766716096948
1721570001405,4.161370993015189
1721570002306,4.162568854556069
1721570003392,4.163766716096948
1721570004105,4.162568854556069
1721570006189,4.161370993015189
1721570006250,4.169756023801345
1721570007393,4.166162439178707
1721570008088,4.162568854556069
1721570009149,4.168558162260466
1721570010088,4.168558162260466
1721570011076,4.168558162260466
1721570012021,4.170953885342225
1721570013393,4.170953885342225
1721570014030,4.171552816112665
1721570015080,4.1739485391944235
1721570016068,4.170953885342225
1721570017080,4.171552816112665
1721570018075,4.170953885342225
1721570019070,4.1739485391944235
1721570020087,4.177542123817062
1721570021068,4.1739485391944235
1721570022106,4.176344262276182
1721570023156,4.172750677653544
1721570024387,4.178739985357941
1721570025186,4.176344262276182
1721570026130,4.177542123817062
1721570027310,4.179937846898821
1721570028046,4.1739485391944235
1721570029189,4.177542123817062
1721570030082,4.176344262276182
1721570031149,4.176344262276182
1721570032095,4.177542123817062
1721570033193,4.178739985357941
1721570034112,4.177542123817062
1721570035182,4.176344262276182
1721570036117,4.176344262276182
1721570037088,4.177542123817062
1721570038269,4.176344262276182
1721570039062,4.18233356998058
1721570040084,4.185927154603218
1721570041084,4.179937846898821
1721570042085,4.18233356998058
1721570043074,4.187125016144098
1721570044078,4.188921808455417
1721570045071,4.187125016144098
1721570046081,4.194911116159814
1721570047087,4.192515393078055
1721570048066,4.1961089777006935
1721570049063,4.197306839241572
1721570050077,4.20209828540509
1721570051099,4.200900423864211
1721570052072,4.2038950777164095
1721570053087,4.2038950777164095
1721570054096,4.209884385420807
1721570055088,4.205092939257289
1721570056087,4.212280108502566
1721570057070,4.213477970043445
1721570058084,4.213477970043445
1721570059082,4.213477970043445
1721570060060,4.2170715546660835
1721570061089,4.2182694162069625
1721570062077,4.2236597931409205
1721570063067,4.226055516222679
1721570064072,4.227253377763558
1721570065077,4.226055516222679
1721570066116,4.228451239304438
1721570067077,4.227253377763558
1721570068093,4.233242685467956
1721570069097,4.235039477779275
1721570070134,4.234440547008836
1721570071105,4.236237339320154
1721570072079,4.239830923942793
1721570073081,4.239830923942793
1721570074081,4.241028785483673
1721570075071,4.247018093188069
1721570076087,4.2524084701220275
1721570077090,4.249413816269828
1721570078071,4.250611677810708
1721570079174,4.259595639367304
1721570080201,4.257199916285545
1721570081396,4.258397777826424
1721570082121,4.2524084701220275
1721570083076,4.254804193203786
1721570084265,4.254804193203786
1721570085078,4.254804193203786
1721570086114,4.257199916285545
1721570087099,4.254804193203786
1721570088071,4.260793500908183
1721570089076,4.258397777826424
1721570090065,4.260793500908183
1721570091072,4.263189223989942
1721570092085,4.256002054744665
1721570093063,4.256002054744665
1721570094068,4.256002054744665
1721570095798,4.251210608581148
1721570096260,4.250611677810708
1721570097076,4.243424508565432
1721570098083,4.220066208518282
1721570099026,4.2038950777164095
1721570100014,4.168558162260466
1721570101140,4.135018039115842
1721570102297,4.101477915971217
1721570103072,4.076322823612749
1721570104145,4.056558108188238
1721570105144,4.05176666202472
1721570106086,4.0601516928108765
1721570107085,4.075124962071869
1721570108063,4.106269362134735
1721570109072,4.118846908313969
1721570110079,4.147595585295075
1721570111229,4.170953885342225
1721570112096,4.1961089777006935
1721570113070,4.211082246961686
1721570114076,4.2248576546817995
1721570115075,4.239830923942793
1721570116093,4.248215954728949
1721570117059,4.249413816269828
1721570118077,4.249413816269828
1721570119072,4.249413816269828
1721570120059,4.244622370106311
1721570121076,4.234440547008836
1721570122083,4.2170715546660835
1721570123064,4.1739485391944235
1721570124062,4.137413762197601
1721570125077,4.09548860826682
1721570126081,4.079317477464947
1721570127094,4.075124962071869
1721570128147,4.070333515908351
1721570129070,4.100280054430337
1721570130077,4.121242631395728
1721570131076,4.125435146788806
1721570132082,4.115253323691331
1721570133088,4.106269362134735
1721570134095,4.103873639052976
1721570135065,4.106269362134735
1721570136132,4.100280054430337
1721570137103,4.108066154446054
1721570138068,4.109264015986933
1721570139135,4.123638354477487
1721570140123,4.129028731411444
1721570141081,4.142804139131558
1721570142145,4.151189169917714
1721570143084,4.1463977237541965
1721570144074,4.145199862213317
1721570145069,4.129028731411444
1721570146120,4.099082192889458
1721570147009,4.069135654367472
1721570148014,4.035595531222848
1721570149076,3.989477861898989
1721570150078,3.9259912002323785
1721570151068,3.8589109539431297
1721570152081,3.780451023015526
1721570153063,3.6798306535816527
1721570154079,3.5863974533930563
1721570155128,3.5013492839906157
1721570156154,3.4504401685032393
1721570157070,3.420493629981253
1721570158078,3.40552036072026
1721570159110,3.4282797299969694
1721570160079,3.4929642532044594
1721570161045,3.5678305995094246
1721570162111,3.6349108457986734
1721570163076,3.694204992072206
1721570164073,3.767873476836292
1721570165129,3.817584730782789
1721570166194,3.8439376846821367
1721570167404,3.8589109539431297
1721570168085,3.862504538565768
1721570169082,3.8613066770248885
1721570170063,3.8487291308456544
1721570171063,3.8403441000594984
1721570172066,3.841541961600378
1721570173033,3.8613066770248885
1721570174009,3.8936489386286337
1721570175110,3.912215792512265
1721570175974,3.9295847848550167
1721570177012,3.952344154131726
1721570178077,3.980493900342393
1721570179060,4.0092425773235
1721570180019,4.03080408505933
1721570181010,4.054162385106479
1721570181970,4.081713200546706
1721570183022,4.093092885185061
1721570184036,4.099082192889458
1721570185040,4.090098231332862
1721570186008,4.071531377449231
1721570187011,4.040386977386365
1721570188044,4.0170286773392165
1721570189021,4.013435092716578
1721570190032,4.012237231175699
1721570191035,4.037991254304607
1721570192041,4.063146346663075
1721570193011,4.093092885185061
1721570194016,4.108066154446054
1721570195007,4.126633008329685
1721570196010,4.13861162373848
1721570197017,4.151189169917714
1721570198006,4.16017313147431
1721570199029,4.154782754540352
1721570200036,4.151189169917714
1721570201056,4.1463977237541965
1721570202025,4.142804139131558
1721570203045,4.140408416049799
1721570204031,4.141606277590679
1721570205048,4.13861162373848
1721570206041,4.135018039115842
1721570207044,4.133820177574962
1721570208034,4.13861162373848
1721570209033,4.13861162373848
1721570210043,4.135018039115842
1721570211035,4.137413762197601
1721570212034,4.135018039115842
1721570213033,4.133820177574962
1721570214036,4.133820177574962
1721570215038,4.139809485279359
1721570216042,4.13861162373848
1721570217032,4.140408416049799
1721570218043,4.141606277590679
1721570219050,4.142804139131558
1721570220031,4.140408416049799
1721570221039,4.139809485279359
1721570222045,4.137413762197601
1721570223028,4.139809485279359
1721570224037,4.132622316034083
1721570225033,4.126633008329685
1721570226034,4.131424454493203
1721570227040,4.130226592952324
1721570228045,4.123638354477487
1721570229026,4.123638354477487
1721570230035,4.123638354477487
1721570231039,4.1176490467730895
1721570232026,4.1176490467730895
1721570233067,4.112857600609572
1721570234042,4.121242631395728
1721570235033,4.115253323691331
1721570236043,4.114055462150452
1721570237043,4.114055462150452
1721570238034,4.112857600609572
1721570239036,4.114055462150452
1721570240035,4.1164511852322105
1721570241029,4.112857600609572
1721570242031,4.115253323691331
1721570243041,4.118846908313969
1721570244030,4.1176490467730895
1721570245038,4.118846908313969
1721570246043,4.122440492936607
1721570247032,4.1176490467730895
1721570248042,4.118846908313969
1721570249064,4.121242631395728
1721570250032,4.1176490467730895
1721570251039,4.1164511852322105
1721570252037,4.118846908313969
1721570253041,4.1176490467730895
1721570254030,4.1164511852322105
1721570255043,4.114055462150452
1721570256032,4.112857600609572
1721570257016,4.114055462150452
1721570258020,4.115253323691331
1721570259012,4.112857600609572
1721570260016,4.109264015986933
1721570261050,4.112857600609572
1721570262005,4.108066154446054
1721570263012,4.110461877527813
1721570264017,4.102675777512096
1721570265011,4.100280054430337
1721570266011,4.100280054430337
1721570267030,4.103873639052976
1721570268024,4.097884331348578
1721570269010,4.097884331348578
1721570270016,4.093092885185061
1721570271006,4.094290746725941
1721570272020,4.086504646710224
1721570273026,4.085306785169345
1721570274014,4.081713200546706
1721570274976,4.079317477464947
1721570276027,4.079317477464947
1721570277044,4.075124962071869
1721570278049,4.071531377449231
1721570279053,4.071531377449231
1721570280017,4.070333515908351
1721570281019,4.069135654367472
1721570282025,4.0667399312857135
1721570283015,4.064344208203955
1721570284034,4.063146346663075
1721570285022,4.0601516928108765
1721570286014,4.055360246647359
1721570287033,4.055360246647359
1721570288024,4.0529645235656
1721570289029,4.054162385106479
1721570290019,4.0529645235656
1721570291038,4.045777354320323
1721570292031,4.045777354320323
1721570293033,4.045777354320323
1721570294025,4.048173077402081
1721570295031,4.0469752158612025
1721570296019,4.045777354320323
1721570297056,4.0469752158612025
1721570298030,4.050568800483841
1721570299020,4.045777354320323
1721570300087,4.043980562009004
1721570301028,4.0469752158612025
1721570302019,4.045777354320323
1721570303024,4.048173077402081
1721570304027,4.0469752158612025
1721570305034,4.0469752158612025
1721570306023,4.05176666202472
1721570307017,4.054162385106479
1721570308020,4.055360246647359
1721570309025,4.058953831269997
1721570310013,4.060750623581316
1721570311019,4.056558108188238
1721570312055,4.060750623581316
1721570313017,4.056558108188238
1721570314009,4.0601516928108765
1721570315025,4.064344208203955
1721570316015,4.060750623581316
1721570317048,4.064344208203955
1721570318021,3.9855584200632537
1721570318986,3.9855584200632537
1721570319976,3.9832091371749168
1721570321025,3.9855584200632537
1721570322014,3.989082344395759
1721570323022,3.984383778619085
1721570324025,3.9855584200632537
1721570325015,3.976748609231991
1721570326020,3.9732246848994857
1721570327024,3.9697007605669805
1721570328013,3.9732246848994857
1721570329021,3.9597163082915494
1721570330024,3.9209531406339937
1721570331015,3.8522366161501442
1721570332019,3.759439942060844
1721570333023,3.649610967031102
1721570334014,3.5421312748896967
1721570335018,3.435238903470376
1721570336038,3.383554679926968
1721570337017,3.3506647194902537
1721570338020,3.311901551832698
1721570339026,3.2749003463413944
1721570340013,3.2431850273488485
1721570341019,3.2008979353587876
1721570342036,3.138641938817864
1721570342972,3.0617029242248366
1721570344024,2.965969646525115
1721570345024,2.877284217490404
1721570346029,2.791535392066113
1721570347019,2.718707622527675
1721570348027,2.6623248332075935
1721570349045,2.6270855898825425
1721570350020,2.6112279303862698
1721570351038,2.602418119555007
1721570352028,2.5941956294458284
1721570353019,2.5941956294458284
1721570354025,2.59302098800166
1721570355027,2.59302098800166
1721570356015,2.59302098800166
1721570357020,2.5941956294458284
1721570358024,2.5941956294458284
1721570359302,2.5941956294458284
1721570360025,2.60006883666667
1721570361027,2.6012434781108387
1721570361983,2.6071166853316803
1721570363062,2.6077040060537646
1721570364025,2.6112279303862698
1721570365045,2.6112279303862698
1721570366060,2.6135772132746062
1721570367036,2.6247363069942056
1721570367969,2.631784155659216
1721570369020,2.6364827214358892
1721570369978,2.6405939664904787
1721570371007,2.647641815155489
1721570372029,2.65762626743092
1721570373003,2.668198040428435
1721570374012,2.6828810584805396
1721570374992,2.707548528808075
1721570375965,2.7369145649122846
1721570377027,2.7768523740140085
1721570378018,2.8097423344507226
1721570379023,2.8402830119991003
1721570380015,2.866125123770804
1721570381017,2.8907925940983397
1721570382024,2.906650253594613
1721570383012,2.920158630202549
1721570384031,2.927206478867559
1721570385024,2.933079686088401
1721570386025,2.9383655725871587
1721570387019,2.9383655725871587
1721570388020,2.9383655725871587
1721570389029,2.943064138363832
1721570390020,2.9477627041405055
1721570391054,2.950111987028842
1721570392045,2.9454134212521685
1721570393020,2.934254327532569
1721570394015,2.927206478867559
1721570395019,2.930730403200064
1721570396023,2.9542232320834314
1721570397016,2.9783033816888826
1721570398020,2.9894624754084824
1721570399041,3.0123679835697654
1721570400008,3.024701718733533
1721570401013,3.0393847367856375
1721570402019,3.056417037726079
1721570403015,3.076385942276941
1721570404019,3.0969421675498876
1721570405020,3.1251335622099283
1721570405965,3.1556742397583055
1721570407011,3.193262765971693
1721570407974,3.2508201967359427
1721570409007,3.3177747590535396
1721570410039,3.238486461572175
1721570411030,3.5021934657879723
1721570412004,3.496907579289215
1721570413011,3.6960093040757522
1721570414015,3.7647258285596013
1721570415003,3.5192257667284137
1721570416008,3.372982906929453
1721570417014,3.4399374692470492
1721570418004,3.918016537023573
1721570419008,3.957367025403213
1721570420015,3.9755739677878226
1721570421019,3.9755739677878226
1721570421985,3.9743993263436543
1721570422973,3.981447175008664
1721570424021,3.981447175008664
1721570425010,3.977923250676159
1721570426019,3.980272533564496
1721570427005,3.9743993263436543
1721570428003,3.9697007605669805
1721570429020,3.9720500434553174
1721570430026,3.9743993263436543
1721570431017,3.9743993263436543
1721570432036,3.967351477678644
1721570433044,3.9620655911798863
1721570434064,3.9526684596265396
1721570435040,3.94855721457195
1721570436013,3.9338741965198456
1721570437019,3.918016537023573
1721570438057,3.8974603117506263
1721570439045,3.8816026522543536
1721570440020,3.8586971440930706
1721570441026,3.8375535980980398
1721570442043,3.8122988070484203
1721570443021,3.788805978165053
1721570444115,3.743582282564571
1721570445105,3.698358586964089
1721570446037,3.6484363255869336
1721570447056,3.598514064209778
1721570448014,3.5509410857209596
1721570449020,3.523924332505087
1721570450069,3.503368107232141
1721570451053,3.496907579289215
1721570452051,3.510415955897151
1721570453015,3.5409566334455285
1721570454151,3.5961647813214412
1721570455080,3.6484363255869336
1721570456023,3.6901360968549106
1721570457010,3.7059937563511833
1721570458011,3.6801516445794795
1721570459021,3.6225942138152294
1721570460012,3.5350834262246864
1721570461014,3.4510965629666486
1721570462021,3.387078604259473
1721570463028,3.334807059993981
1721570464020,3.332457777105644
1721570465023,3.351839360934422
1721570466014,3.4017616223115774
1721570467019,3.4469853179120595
1721570468024,3.4828118819591944
1721570469027,3.5092413144529826
1721570470019,3.5180511252842455
1721570471024,3.5180511252842455
1721570472015,3.494558296400878
1721570473017,3.4669542224629217
1721570474024,3.442286752135386
1721570475013,3.416444640363682
1721570476018,3.377681472706126
1721570477023,3.3700463033190315
1721570478014,3.3753321898177893
1721570479033,3.3911898493140624
1721570480023,3.4240798097507765
1721570481012,3.465192260296669
1721570482018,3.4898597306242047
1721570483025,3.516876483840077
1721570484014,3.520400408172582
1721570485018,3.523924332505087
1721570486023,3.5092413144529826
1721570487012,3.487510447735868
1721570488020,3.458144411631659
1721570489025,3.397063056534904
1721570490016,3.3594745303215165
1721570491033,3.311901551832698
1721570492019,3.26021732828929
1721570493014,3.1979613317483664
1721570494033,3.138641938817864
1721570495038,3.0822591494977827
1721570496013,3.0358608124531328
1721570497020,2.994161041185156
1721570498030,2.975954098800546
1721570499015,2.910174177927118
1721570500019,2.904300970706276
1721570501024,2.8966658013191817
1721570502013,2.888443311210003
1721570503019,2.8907925940983397
1721570504023,2.8931418769866766
1721570505013,2.9553978735275996
1721570506021,2.975954098800546
1721570507027,3.0164792286243545
1721570508014,3.062877565669005
1721570509034,3.109275902713655
1721570510024,3.1480390703712113
1721570511014,3.1844529551404306
1721570512031,3.2008979353587876
1721570513020,3.2003106146367033
1721570514016,3.1873895587508514
1721570515019,3.166246012755821
1721570516024,3.1591981640908107
1721570517014,3.169769937088326
1721570518019,3.189738841639188
1721570519024,3.2167555948550604
1721570520026,3.2655032147880476
1721570521017,3.311901551832698
1721570522023,3.358299888877348
1721570523014,3.4117460745870085
1721570524017,3.4640176188525005
1721570525022,3.5127652387854877
1721570526014,3.565624103773064
1721570527022,3.627880100313987
1721570528023,3.682500927467816
1721570529004,3.7312485474008033
1721570530020,3.769424394336275
1721570531040,3.7876313367208847
1721570532013,3.808187561993831
1721570533019,3.8111241656042516
1721570534026,3.8034889962171574
1721570535013,3.8134734484925885
1721570536018,3.820521297157599
1721570537022,3.820521297157599
1721570538014,3.8228705800459353
1721570539018,3.821695938601767
1721570540020,3.818172014269262
1721570541016,3.8146480899367567
1721570542018,3.81934665571343
1721570543027,3.8058382791054943
1721570544014,3.8046636376613256
1721570545017,3.7876313367208847
1721570546022,3.755916017728339
1721570547029,3.725375340179961
1721570548019,3.6766277202469744
1721570549018,3.6325786660906605
1721570550028,3.59733942276561
1721570551018,3.552115727165128
1721570552024,3.5068920315646457
1721570553027,3.4604936945199958
1721570554017,3.432302299859955
1721570555023,3.416444640363682
1721570556028,3.4140953574753454
1721570557018,3.4252544511949448
1721570558023,3.4399374692470492
1721570559059,3.4569697701874906
1721570560031,3.491034372068373
1721570561022,3.5350834262246864
1721570562029,3.5779578389368316
1721570563019,3.621419572371061
1721570564023,3.653134891363607
1721570565026,3.683675568911984
1721570566017,3.7036444734628464
1721570567023,3.721851415847456
1721570568043,3.7353597924553923
1721570569017,3.7447569240087395
1721570570023,3.7488681690633285
1721570571028,3.7447569240087395
1721570572017,3.7476935276191603
1721570573024,3.733010509567056
1721570574027,3.721851415847456
1721570575018,3.7130416050161936
1721570576022,3.698358586964089
1721570577028,3.6877868139665737
1721570578018,3.6678179094157115
1721570579025,3.6437377598102603
1721570580029,3.6120224408177144
1721570581018,3.5803071218251685
1721570582024,3.5485918028326227
1721570583027,3.5215750496167506
1721570584035,3.497494900011299
1721570585023,3.4763513540162685
1721570586028,3.4628429774083322
1721570587018,3.4604936945199958
1721570588038,3.4640176188525005
1721570589028,3.4640176188525005
1721570590013,3.4640176188525005
1721570591022,3.458144411631659
1721570592026,3.436413544914544
1721570593017,3.4140953574753454
1721570594023,3.3812053970386313
1721570595029,3.3506647194902537
1721570596018,3.313076193276866
1721570597021,3.2813608742843203
1721570598029,3.230851292185081
1721570599018,3.216168274132976
1721570600025,3.205596501135461
1721570601027,3.202072576802956
1721570602017,3.203247218247124
1721570603024,3.2114697083563026
1721570604028,3.227327367852576
1721570605018,3.2467089516813536
1721570606019,3.287234081505162
1721570607027,3.313076193276866
1721570608016,3.332457777105644
1721570609022,3.354188643822759
1721570610028,3.3712209447632002
1721570611016,3.383554679926968
1721570612022,3.4029362637557456
1721570613060,3.429953016971618
1721570614017,3.4510965629666486
1721570615023,3.4728274296837633
1721570616025,3.4898597306242047
1721570617017,3.5021934657879723
1721570618021,3.510415955897151
1721570619027,3.5180511252842455
1721570620048,3.5115905973413195
1721570621023,3.5068920315646457
1721570622030,3.4957329378450464
1721570623018,3.4863358062916996
1721570624023,3.4798752783487736
1721570625029,3.46812886390709
1721570626020,3.465192260296669
1721570627023,3.459319053075827
1721570628028,3.4640176188525005
1721570629021,3.4628429774083322
1721570630023,3.46812886390709
1721570631028,3.4798752783487736
1721570632018,3.487510447735868
1721570633021,3.4957329378450464
1721570634028,3.4957329378450464
1721570635019,3.4712257510705977
1721570636024,3.4805397896446593
1721570636982,3.489271700807842
1721570638013,3.493928720094873
1721570639018,3.4980036119710247
1721570640023,3.4444478901701703
1721570641020,3.513138924653875
1721570642019,3.5207065809953
1721570643029,3.528274237336725
1721570644034,3.54632018707397
1721570645023,3.5276921099258463
1721570646028,3.5666946464547293
1721570647018,3.600458036285703
1721570648022,3.6138469667359163
1721570649026,3.6260716423643724
1721570650016,3.642953337279859
1721570651023,3.684284383452258
1721570652029,3.726197557035535
1721570653021,3.738422232663991
1721570654023,3.7506469082924467
1721570655027,3.7587966920447506
1721570656016,3.7587966920447506
1721570657024,3.762871583920903
1721570658028,3.762871583920903
1721570659018,3.7663643483861757
1721570660022,3.7686928580296915
1721570661029,3.7686928580296915
1721570662018,3.762871583920903
1721570663021,3.7663643483861757
1721570664028,3.760543074277387
1721570665017,3.762871583920903
1721570666024,3.7564681824012354
1721570667029,3.7587966920447506
1721570668020,3.757632437222993
1721570669023,3.749482653470689
1721570670030,3.7483183986489315
1721570671028,3.747154143827174
1721570672021,3.745989889005416
1721570673025,3.7430792519510216
1721570674032,3.741914997129264
1721570675023,3.7360937230204754
1721570676028,3.738422232663991
1721570677032,3.7273618118572927
1721570678021,3.7168835184614735
1721570679028,3.7046588428330174
1721570680031,3.6935984220263194
1721570681023,3.6802094915761057
1721570682026,3.6720597078238018
1721570683032,3.6644920514823767
1721570684024,3.6563422677300728
1721570685027,3.6499388662104053
1721570686036,3.635385680938434
1721570687025,3.619668240844705
1721570688027,3.592308252533399
1721570689027,3.562037627167699
1721570690023,3.532931256623756
1721570691042,3.5183780713517847
1721570692033,3.485778936342569
1721570693022,3.4444478901701703
1721570693998,3.3972955698889833
1721570694985,3.33791857397934
1721570695973,3.276213068426182
1721570696981,3.225567983679722
1721570698028,3.1720122618788675
1721570699015,3.098664208108132
1721570699977,3.061990181222764
1721570701029,3.0212412624612446
1721570702035,2.9403255523490843
1721570702980,2.9542966102101764
1721570704088,2.94731108127963
1721570705018,2.9426540619925996
1721570706017,2.9461468264578725
1721570707070,2.955460865031934
1721570708051,2.965357031016875
1721570709060,2.9729246873583
1721570710065,2.9845672355758768
1721570710974,2.9898063822737866
1721570711997,3.0014489304913634
1721570713025,3.022405517283002
1721570714018,3.0334659380897007
1721570715024,3.0451084863072775
1721570716028,3.0526761426487026
1721570717019,3.061990181222764
1721570718023,3.077707621316493
1721570719029,3.0887680421231916
1721570720015,3.103321227395163
1721570721037,3.1132173933801033
1721570722028,3.126024196419438
1721570722982,3.1650267329483213
1721570724028,3.1807441730420503
1721570725071,3.1952973583140216
1721570726051,3.2185824547491757
1721570727058,3.2377926593081776
1721570728058,3.2581671186889376
1721570729064,3.280870087713213
1721570730058,3.3099764582571556
1721570731064,3.3297687902270363
1721570732066,3.351307504429554
1721570733057,3.3757568556864657
1721570734063,3.3961313150672257
1721570735050,3.4205806663241374
1721570736056,3.437462361239624
1721570737059,3.4636580947291726
1721570738059,3.4805397896446593
1721570739060,3.5026606312580557
1721570740061,3.513138924653875
1721570741072,3.5183780713517847
1721570742057,3.387399403904043
1721570743063,3.3140513501333073
1721570744042,3.5038248860798133
1721570745056,3.5294384921584827
1721570746061,3.5352597662672713
1721570747051,3.5422452951978176
1721570748061,3.54632018707397
1721570749035,3.5556342256480313
1721570750020,3.5632018819894564
1721570751062,3.5713516657417603
1721570752060,3.5736801753852756
1721570753051,3.5812478317267007
1721570754065,3.6732239626455594
1721570755066,3.6854486382740155
1721570756055,3.6889414027392884
1721570757058,3.6935984220263194
1721570758061,3.5765908124396697
1721570759052,3.682538001219621
1721570760061,3.6877771479175308
1721570761065,3.706987352476533
1721570762055,3.710480116941806
1721570763058,3.7128086265853213
1721570764071,3.7168835184614735
1721570765054,3.718047773283231
1721570766025,3.718047773283231
1721570766988,3.718047773283231
1721570768070,3.7203762829267464
1721570769056,3.726197557035535
1721570770030,3.7250333022137774
1721570771051,3.726197557035535
1721570772058,3.7250333022137774
1721570773076,3.7273618118572927
1721570774055,3.7285260666790503
1721570775060,3.726197557035535
1721570776062,3.7250333022137774
1721570777052,3.730272448911687
1721570778060,3.731436703733445
1721570779032,3.73376521337696
1721570780055,3.73376521337696
1721570781063,3.73376521337696
1721570782064,3.7238690473920197
1721570783054,3.718047773283231
1721570784058,3.7250333022137774
1721570785057,3.7192120281049887
1721570785979,3.7145550088179577
1721570787025,3.7145550088179577
1721570788030,3.700001823545987
1721570789057,3.7046588428330174
1721570790071,3.710480116941806
1721570791067,3.715719263639716
1721570792055,2.1730816248107563
1721570793057,2.7610303097983975
1721570794062,3.6126827119141587
1721570795053,3.6126827119141587
1721570796055,3.6173397312011897
1721570797065,3.6185039860229473
1721570798034,3.622578877899099
1721570799018,3.622578877899099
1721570800065,3.616175476379432
1721570801068,3.6260716423643724
1721570802059,3.623743132720857
1721570803062,3.6208324956664626
1721570804067,3.6260716423643724
1721570805088,3.62723589718613
1721570806062,3.623743132720857
1721570807066,3.616175476379432
1721570808056,3.603950800750976
1721570809060,3.5905618703007622
1721570810064,3.5748444302070332
1721570811062,3.489271700807842
1721570812066,3.4357159790069876
1721570813067,3.4881074459860844
1721570814055,3.421744921145895
1721570815060,3.3646964348797677
1721570816068,3.299498164861336
1721570817055,3.2436139334169662
1721570818064,3.1964616131357793
1721570819073,3.1312633431173476
1721570820062,3.0998284629298896
1721570821062,3.082946768014403
1721570822066,3.07945400354913
1721570823057,3.091096551766707
1721570824063,3.114381648201861
1721570825065,3.134756107582621
1721570826055,3.1493092928545923
1721570827061,3.184236937507323
1721570828070,3.209850543585993
1721570829069,3.2232394740362063
1721570830062,3.2436139334169662
1721570831057,3.2639883927977262
1721570832056,3.2814522151240917
1721570833061,3.2971696552178207
1721570834069,3.315215604955065
1721570835062,3.3367543191575826
1721570836064,3.3489789947860387
1721570837067,3.3612036704144943
1721570838056,3.3705177089885563
1721570839065,3.3804138749734967
1721570840067,3.3757568556864657
1721570841059,3.3815781297952543
1721570842061,3.374592600864708
1721570843053,3.3612036704144943
1721570844057,3.3414113384446136
1721570845072,3.3222011338856112
1721570846052,3.2907662536981532
1721570847056,3.268063284673878
1721570848062,3.241285423773451
1721570849050,3.199954377601052
1721570850061,3.126606323830317
1721570851063,3.0730506020294626
1721570852051,3.0160021157633348
1721570853070,3.0002846756696058
1721570854060,3.011345096476304
1721570855052,3.0608259264010065
1721570856078,3.126024196419438
1721570857075,3.189476084205233
1721570858053,3.2814522151240917
1721570859059,3.335590064335825
1721570860060,3.371681963810314
1721570861061,3.3885636587258006
1721570862056,3.3914742957801947
1721570863061,3.3914742957801947
1721570864055,3.3815781297952543
1721570865055,3.3891457861366794
1721570866059,3.4019525891760143
1721570867051,3.4362981064178664
1721570868055,3.4747185155358706
1721570869029,3.528274237336725
1721570870018,3.5748444302070332
1721570871062,3.6091899474488858
1721570872062,3.6307286616514034
1721570873052,3.6575065225518304
1721570874058,3.686612893095773
1721570875065,3.741914997129264
1721570876049,3.7640358387426605
1721570877057,3.773349877316722
1721570878061,3.7745141321384796
1721570879049,3.785574552945178
1721570880051,3.780917533658147
1721570881060,3.785574552945178
1721570882054,3.7913958270539667
1721570883060,3.7762605143711165
1721570884066,3.7919779544648455
1721570885048,3.7844102981234204
1721570886062,3.7919779544648455
1721570887061,3.7879030625886934
1721570888054,3.789067317410451
1721570889068,3.7844102981234204
1721570890065,3.7762605143711165
1721570891061,3.7844102981234204
1721570892054,3.7820817884799047
1721570893067,3.7797532788363895
1721570894054,3.7762605143711165
1721570895072,3.777424769192874
1721570896060,3.777424769192874
1721570897049,3.777424769192874
1721570898058,3.777424769192874
1721570899063,3.7762605143711165
1721570900071,3.777424769192874
1721570901056,3.773349877316722
1721570902065,3.7745141321384796
1721570903052,3.7710213676732067
1721570904055,3.7686928580296915
1721570905061,3.7640358387426605
1721570906047,3.7686928580296915
1721570907059,3.757632437222993
1721570908064,3.762871583920903
1721570909051,3.7587966920447506
1721570910055,3.7587966920447506
1721570911060,3.7564681824012354
1721570912050,3.757632437222993
1721570913054,3.749482653470689
1721570914064,3.749482653470689
1721570915046,3.741914997129264
1721570916049,3.7360937230204754
1721570917056,3.7360937230204754
1721570918065,3.7285260666790503
1721570919056,3.731436703733445
1721570920066,3.730272448911687
1721570921081,3.731436703733445
1721570922058,3.731436703733445
1721570923061,3.730272448911687
1721570924071,3.7250333022137774
1721570925065,3.7285260666790503
1721570926060,3.7273618118572927
1721570927053,3.730272448911687
1721570928057,3.7273618118572927
1721570929060,3.7285260666790503
1721570930045,3.7285260666790503
1721570931060,3.7285260666790503
1721570932064,3.7285260666790503
1721570933052,3.7285260666790503
1721570934057,3.726197557035535
1721570935063,3.730272448911687
1721570936051,3.7250333022137774
1721570937050,3.731436703733445
1721570938061,3.726197557035535
1721570939055,3.73376521337696
1721570940056,3.7285260666790503
1721570941064,3.7250333022137774
1721570942064,3.731436703733445
1721570943057,3.730272448911687
1721570944042,3.7326009585552025
1721570945056,3.7273618118572927
1721570946039,3.726197557035535
1721570947063,3.7285260666790503
1721570948068,3.7273618118572927
1721570949069,3.730272448911687
1721570950061,3.7250333022137774
1721570951065,3.722704792570262
1721570952047,3.730272448911687
1721570953056,3.7250333022137774
1721570954068,3.7273618118572927
1721570955061,3.7273618118572927
1721570956074,3.7285260666790503
1721570957066,3.726197557035535
1721570958073,3.7238690473920197
1721570959062,3.726197557035535
1721570960069,3.726197557035535
1721570961059,3.7250333022137774
1721570962062,3.7250333022137774
1721570963075,3.7250333022137774
1721570964019,3.7250333022137774
1721570965038,3.722704792570262
1721570966031,3.726197557035535
1721570967020,3.7238690473920197
1721570968024,3.7250333022137774
1721570969033,3.722704792570262
1721570970023,3.722704792570262
1721570971069,3.7192120281049887
1721570972058,3.7238690473920197
1721570973044,3.726197557035535
1721570974046,3.7203762829267464
1721570975046,3.722704792570262
1721570976035,3.7168835184614735
1721570977046,3.7238690473920197
1721570978059,3.7238690473920197
1721570979043,3.7192120281049887
1721570980047,3.715719263639716
1721570981046,3.718047773283231
1721570982066,3.7168835184614735
1721570983049,3.7168835184614735
1721570984086,3.7116443717635637
1721570985072,3.7128086265853213
1721570986084,3.710480116941806
1721570987501,3.7116443717635637
1721570988082,3.7093158621200484
1721570989386,3.7116443717635637
1721570990526,3.7046588428330174
1721570991306,3.7081516072982907
1721570992102,3.7046588428330174
1721570993467,3.7093158621200484
1721570995121,3.7046588428330174
1721570995122,3.7093158621200484
1721570996261,3.7093158621200484
1721570997143,3.715719263639716
1721570998044,3.7116443717635637
1721570999047,3.7128086265853213
1721571000051,3.715719263639716
1721571001070,3.706987352476533
1721571002066,3.710480116941806
1721571003043,3.7145550088179577
1721571004034,3.7046588428330174
1721571005031,3.7046588428330174
1721571006022,3.7081516072982907
1721571007027,3.7093158621200484
1721571008062,3.7034945880112597
1721571009022,3.7046588428330174
1721571010027,3.7046588428330174
1721571011043,3.706987352476533
1721571012044,3.7034945880112597
1721571013066,3.702330333189502
1721571014059,3.7011660783677445
1721571015041,3.6970911864915923
1721571016047,3.7046588428330174
1721571017041,3.7034945880112597
1721571018042,3.69825544131335
1721571019046,3.69825544131335
1721571020046,3.7046588428330174
1721571021035,3.69825544131335
1721571022043,3.702330333189502
1721571023054,3.7034945880112597
1721571024049,3.69825544131335
1721571025039,3.700001823545987
1721571026048,3.7046588428330174
1721571027047,3.700001823545987
1721571028054,3.7011660783677445
1721571029058,3.7011660783677445
1721571030037,3.6970911864915923
1721571031161,3.700001823545987
1721571031986,3.6970911864915923
1721571033044,3.6959269316698347
1721571034049,3.700001823545987
1721571035059,3.6959269316698347
1721571036051,3.69825544131335
1721571037049,3.69825544131335
1721571038056,3.69825544131335
1721571039045,3.6935984220263194
1721571039984,3.6959269316698347
1721571041047,3.6889414027392884
1721571042039,3.6924341672045617
1721571043039,3.6924341672045617
1721571044051,3.6889414027392884
1721571045042,3.6877771479175308
1721571046040,3.686612893095773
1721571047051,3.6924341672045617
1721571048043,3.6889414027392884
1721571049038,3.684284383452258
1721571050100,3.684284383452258
1721571050979,3.684284383452258
1721571052041,3.6877771479175308
1721571053053,3.686612893095773
1721571054043,3.6813737463978633
1721571055046,3.684284383452258
1721571056059,3.684284383452258
1721571057053,3.6877771479175308
1721571058042,3.6813737463978633
1721571059061,3.684284383452258
1721571060036,3.6877771479175308
1721571061050,3.684284383452258
1721571062070,3.679045236754348
1721571063044,3.684284383452258
1721571064026,3.679045236754348
1721571064987,3.6854486382740155
1721571066020,3.6813737463978633
1721571067027,3.686612893095773
1721571068043,3.684284383452258
1721571069018,3.686612893095773
1721571070023,3.6854486382740155
1721571071029,3.6924341672045617
1721571072018,3.690105657561046
1721571073042,3.6935984220263194
1721571074032,3.6854486382740155
1721571075037,3.686612893095773
1721571076033,3.6889414027392884
1721571077037,3.686612893095773
1721571078039,3.6813737463978633
1721571079030,3.682538001219621
1721571080033,3.6854486382740155
1721571081041,3.682538001219621
1721571082030,3.6854486382740155
1721571083036,3.684284383452258
1721571084039,3.6854486382740155
1721571085031,3.682538001219621
1721571086035,3.684284383452258
1721571087042,3.682538001219621
1721571088030,3.6778809819325904
1721571089037,3.6802094915761057
1721571090040,3.684284383452258
1721571091031,3.679045236754348
1721571092036,3.6778809819325904
1721571093041,3.6767167271108327
1721571094055,3.6767167271108327
1721571095034,3.6767167271108327
1721571096039,3.679045236754348
1721571097029,3.6778809819325904
1721571098034,3.682538001219621
1721571099040,3.6802094915761057
1721571100029,3.686612893095773
1721571101064,3.686612893095773
1721571102040,3.684284383452258
1721571103072,3.686612893095773
1721571104050,3.686612893095773
1721571105040,3.684284383452258
1721571106035,3.690105657561046
1721571107066,3.690105657561046
1721571108038,3.6877771479175308
1721571109060,3.6889414027392884
1721571110047,3.6889414027392884
1721571111056,3.6924341672045617
1721571112028,3.690105657561046
1721571113046,3.6935984220263194
1721571114081,3.6877771479175308
1721571115025,3.690105657561046
1721571116035,3.6877771479175308
1721571117084,3.694762676848077
1721571118060,3.690105657561046
1721571119096,3.6935984220263194
1721571120041,3.690105657561046
1721571121044,3.6924341672045617
1721571122034,3.6924341672045617
1721571123040,3.6877771479175308
1721571124030,3.6877771479175308
1721571125036,3.6924341672045617
1721571126054,3.6935984220263194
1721571127030,3.6924341672045617
1721571128035,3.690105657561046
1721571129055,3.6970911864915923
1721571130062,3.6959269316698347
1721571131037,3.6970911864915923
1721571132055,3.6959269316698347
1721571133055,3.694762676848077
1721571134035,3.6924341672045617
1721571135056,3.6877771479175308
1721571136030,3.6924341672045617
1721571137034,3.686612893095773
1721571138043,3.682538001219621
1721571139391,3.686612893095773
1721571140214,3.6854486382740155
1721571141037,3.6778809819325904
1721571142135,3.686612893095773
1721571143079,3.6813737463978633
1721571144039,3.6854486382740155
1721571145028,3.6767167271108327
1721571146036,3.684284383452258
1721571147039,3.6813737463978633
1721571148044,3.6813737463978633
1721571149472,3.682538001219621
1721571150038,3.6767167271108327
1721571151090,3.6767167271108327
1721571152127,3.670895453002044
1721571153054,3.6778809819325904
1721571154031,3.6697311981802865
1721571155036,3.6778809819325904
1721571156058,3.6656563063041343
1721571157267,3.6720597078238018
1721571158077,3.663327796660619
1721571160314,3.6644920514823767
1721571160316,3.663327796660619
1721571161394,3.658670777373588
1721571162068,3.6644920514823767
1721571163165,3.6644920514823767
1721571164091,3.663327796660619
1721571165055,3.663327796660619
1721571166133,3.6621635418388614
1721571167122,3.6644920514823767
1721571168039,3.663327796660619
1721571169690,3.6685669433585284
1721571173947,0.0
1721571202076,3.6609992870171038
1721571202080,3.6575065225518304
1721571203172,3.6540137580865575
1721571204370,3.6522673758539206
1721571205045,3.6575065225518304
1721571206080,3.651103121032163
1721571210120,3.6563422677300728
1721571210121,3.655178012908315
1721571210122,3.6575065225518304
1721571210123,3.6499388662104053
1721571211066,3.655178012908315
1721571212129,3.6487746113886477
1721571213315,3.655178012908315
1721571214072,3.6487746113886477
1721571215053,3.651103121032163
1721571216052,3.6441175921016167
1721571217096,3.6487746113886477
1721571218049,3.6417890824581014
1721571219039,3.6499388662104053
1721571220162,3.6464461017451324
1721571221050,3.6382963179928285
1721571222127,3.639460572814586
1721571223055,3.639460572814586
1721571224054,3.6330571712949187
1721571225058,3.6342214261166763
1721571226063,3.6330571712949187
1721571227056,3.62723589718613
1721571228058,3.6260716423643724
1721571229040,3.623743132720857
1721571230030,3.631892916473161
1721571231141,3.6208324956664626
1721571232041,3.623743132720857
1721571233056,3.62723589718613
1721571234059,3.622578877899099
1721571235041,3.6249073875426148
1721571236049,3.622578877899099
1721571237036,3.62723589718613
1721571238092,3.6284001520078877
1721571239068,3.62723589718613
1721571240050,3.631892916473161
1721571241063,3.62723589718613
1721571242058,3.6284001520078877
1721571244169,3.6342214261166763
1721571244170,3.6382963179928285
1721571245101,3.631892916473161
1721571246061,3.6330571712949187
1721571247064,3.631892916473161
1721571248083,3.6406248276363438
1721571249085,3.6382963179928285
1721571250041,3.6406248276363438
1721571251052,3.6417890824581014
1721571252059,3.639460572814586
1721571253083,3.639460572814586
1721571254051,3.6406248276363438
1721571255048,3.6406248276363438
1721571255999,3.6406248276363438
1721571257046,3.642953337279859
1721571258058,3.6406248276363438
1721571259041,3.642953337279859
1721571260055,3.6382963179928285
1721571260993,3.639460572814586
1721571262060,3.6365499357601916
1721571263046,3.639460572814586
1721571264055,3.6307286616514034
1721571265059,3.639460572814586
1721571266046,3.6307286616514034
1721571267050,3.6307286616514034
1721571268078,3.6173397312011897
1721571269047,3.616175476379432
1721571270057,3.608025692627128
1721571271076,3.6056971829836124
1721571272075,3.5946367621769144
1721571273048,3.595801016998672
1721571274075,3.584740596191974
1721571275073,3.584740596191974
1721571276071,3.577755067261428
1721571277073,3.5748444302070332
1721571278072,3.567858901276487
1721571279071,3.5666946464547293
1721571280072,3.5655303916329717
1721571281072,3.5666946464547293
1721571282072,3.5591269901133042
1721571283040,3.572515920563518
1721571284063,3.5591269901133042
1721571285008,3.5579627352915466
1721571286039,3.5498129515392427
1721571287044,3.5387525307325447
1721571288073,3.5317670018019984
1721571289068,3.525363600282331
1721571290069,3.5352597662672713
1721571291068,3.5241993454605733
1721571292078,3.5276921099258463
1721571293068,3.5276921099258463
1721571294067,3.54108104037606
1721571295041,3.5387525307325447
1721571296059,3.5422452951978176
1721571297036,3.54108104037606
1721571298065,3.54632018707397
1721571299068,3.54108104037606
1721571300065,3.5399167855543023
1721571301079,3.536424021089029
1721571302069,3.5317670018019984
1721571303039,3.5340955114455137
1721571304063,3.5340955114455137
1721571305071,3.5340955114455137
1721571306127,3.5340955114455137
1721571307013,3.5352597662672713
1721571308069,3.5317670018019984
1721571309061,3.536424021089029
1721571310066,3.528274237336725
1721571311070,3.5265278551040886
1721571312061,3.528274237336725
1721571313107,3.5241993454605733
1721571314043,3.5294384921584827
1721571315034,3.5352597662672713
1721571316040,3.5340955114455137
1721571317043,3.5294384921584827
1721571318156,3.5294384921584827
1721571319175,3.528274237336725
1721571320042,3.532931256623756
1721571321066,3.5399167855543023
1721571322131,3.5352597662672713
1721571323046,3.5387525307325447
1721571324036,3.5352597662672713
1721571325041,3.54108104037606
1721571326304,3.5340955114455137
1721571327054,3.5352597662672713
1721571328093,3.5294384921584827
1721571329068,3.5241993454605733
1721571330053,3.5218708358170576
1721571331066,3.5241993454605733
1721571332070,3.5207065809953
1721571333070,3.525363600282331
1721571334060,3.5207065809953
1721571335060,3.5276921099258463
1721571336050,3.5160495617082694
1721571337140,3.525363600282331
1721571338105,3.5119746698321173
1721571339050,3.5218708358170576
1721571340154,3.5137210520647537
1721571341150,3.5160495617082694
1721571342060,3.513138924653875
1721571343059,3.501496376436298
1721571344131,3.5119746698321173
1721571345067,3.489271700807842
1721571346093,3.5003321216145404
1721571347069,3.4758827703576283
1721571348073,3.4805397896446593
1721571349055,3.4636580947291726
1721571350046,3.450269164278959
1721571351072,3.445612144991928
1721571352068,3.426401940432926
1721571353060,3.4275661952546836
1721571354080,3.4042810988195296
1721571355083,3.4118487551609546
1721571356129,3.390310040958437
1721571357104,3.3914742957801947
1721571358061,3.3885636587258006
1721571359078,3.3757568556864657
1721571360065,3.3734283460429504
1721571361075,3.3734283460429504
1721571362059,3.374592600864708
1721571363087,3.3681891993450406
1721571364063,3.3646964348797677
1721571365067,3.3658606897015253
1721571366089,3.3612036704144943
1721571367076,3.3600394155927367
1721571368065,3.3600394155927367
1721571369088,3.358875160770979
1721571370062,3.3612036704144943
1721571371072,3.3582930333601
1721571372067,3.353636014073069
1721571373110,3.351307504429554
1721571374060,3.3501432496077963
1721571375074,3.347814739964281
1721571376056,3.3443219754990077
1721571377059,3.332097299870552
1721571378075,3.335590064335825
1721571379076,3.327440280583521
1721571380080,3.324529643529127
1721571381075,3.3128870953115497
1721571382063,3.3029909293266093
1721571383071,3.2942590181634266
1721571384093,3.2872734892328803
1721571385097,3.2896019988763956
1721571386105,3.283780724767607
1721571387050,3.2814522151240917
1721571388095,3.280870087713213
1721571389071,3.2826164699458493
1721571390088,3.2872734892328803
1721571391129,3.2872734892328803
1721571392092,3.2872734892328803
1721571393073,3.5387525307325447
1721571394057,3.5544699708262737
1721571395107,3.556798480469789
1721571396066,3.556798480469789
1721571397060,3.562037627167699
1721571398086,3.5579627352915466
1721571399089,3.5498129515392427
1721571400064,3.552141461182758
1721571401091,3.5579627352915466
1721571402104,3.5591269901133042
1721571403078,3.5591269901133042
1721571404074,3.5632018819894564
1721571405071,3.5591269901133042
1721571406063,3.562037627167699
1721571407083,3.5632018819894564
1721571408075,3.5579627352915466
1721571409083,3.5591269901133042
1721571410077,3.5579627352915466
1721571411076,3.5579627352915466
1721571412084,3.5544699708262737
1721571413074,3.543991677430454
1721571414093,3.5387525307325447
1721571415040,3.5387525307325447
1721571416048,3.5294384921584827
1721571417065,3.5276921099258463
1721571418045,3.5183780713517847
1721571419051,3.5183780713517847
1721571420080,3.5061533957233286
1721571421065,3.5038248860798133
1721571422067,3.4927644652731153
1721571423073,3.489271700807842
1721571424057,3.4805397896446593
1721571425077,3.4747185155358706
1721571426076,3.4747185155358706
1721571427060,3.4712257510705977
1721571428063,3.4665687317835667
1721571429067,3.4566725657986264
1721571430066,3.4520155465115954
1721571431058,3.445612144991928
1721571432048,3.4397908708831397
1721571433052,3.4409551257048974
1721571434047,3.4333874693634723
1721571435057,3.4287304500764413
1721571436045,3.4205806663241374
1721571437050,3.426401940432926
1721571438055,3.4176700292697433
1721571439054,3.4205806663241374
1721571440068,3.4118487551609546
1721571441069,3.4095202455174394
1721571442067,3.394967060245468
1721571443061,3.3961313150672257
1721571444093,3.1760871537550193
1721571445069,3.3885636587258006
1721571446085,3.3757568556864657
1721571447075,3.382742384617012
1721571448051,3.3646964348797677
1721571449062,3.3728462186320716
1721571450062,3.3582930333601
1721571451042,3.367024944523283
1721571452050,3.358875160770979
1721571453054,3.367024944523283
1721571454044,3.36353218005801
1721571455045,3.3705177089885563
1721571456047,3.3705177089885563
1721571457040,3.379249620151739
1721571458045,3.3728462186320716
1721571459049,3.3862351490822853
1721571460039,3.379249620151739
1721571461091,3.3839066394387696
1721571462072,3.379249620151739
1721571463068,3.3839066394387696
1721571464059,3.3780853653299814
1721571465077,3.3757568556864657
1721571466062,3.3705177089885563
1721571467074,3.374592600864708
1721571468094,3.3646964348797677
1721571469040,3.3705177089885563
1721571470097,3.367024944523283
1721571471071,3.3757568556864657
1721571472040,3.3600394155927367
1721571473046,3.3705177089885563
1721571474077,3.358875160770979
1721571475055,3.3658606897015253
1721571476062,3.3501432496077963
1721571477083,3.3582930333601
1721571478038,3.3454862303207653
1721571479044,3.3489789947860387
1721571480091,3.335590064335825
1721571481038,3.340247083622856
1721571482044,3.3332615546923097
1721571483050,3.3256938983508846
1721571484096,3.3175441145985807
1721571485065,3.3286045354052787
1721571486067,3.3175441145985807
1721571487117,3.3256938983508846
1721571488065,3.315215604955065
1721571489070,3.3286045354052787
1721571490069,3.315215604955065
1721571491041,3.3210368790638536
1721571492047,3.3128870953115497
1721571492998,3.3187083694203383
1721571494074,3.3128870953115497
1721571495049,3.3128870953115497
1721571496038,3.3111407130789132
1721571497045,3.3111407130789132
1721571498048,3.3029909293266093
1721571499039,3.304155184148367
1721571500060,3.3018266745048517
1721571501049,3.2971696552178207
1721571502067,3.2907662536981532
1721571503061,3.2942590181634266
1721571504068,3.283780724767607
1721571505063,3.2872734892328803
1721571506065,3.283780724767607
1721571507064,3.283780724767607
1721571508053,3.2814522151240917
1721571509069,3.2750488136044242
1721571510067,3.2896019988763956
1721571511054,3.291930508519911
1721571512064,3.291930508519911
1721571513069,3.2896019988763956
1721571514064,3.296005400396063
1721571515061,3.288437744054638
1721571516065,3.288437744054638
1721571517062,3.2896019988763956
1721571518067,3.2907662536981532
1721571519072,3.2861092344111227
1721571520066,3.2861092344111227
1721571521075,3.288437744054638
1721571522071,3.2896019988763956
1721571523063,3.2896019988763956
1721571524084,3.2942590181634266
1721571525069,3.296005400396063
1721571526075,3.304155184148367
1721571527068,3.3053194389701246
1721571528075,3.3064836937918822
1721571529060,3.2083936243964892
1721571530063,3.206125807733194
1721571531067,3.1953536785825434
1721571532056,3.1896841369243063
1721571533062,3.181746778602774
1721571534070,3.175510282778713
1721571535073,3.1709746494521234
1721571536060,3.1721085577837704
1721571537075,3.164738153628062
1721571538047,3.165305107793886
1721571539073,3.165305107793886
1721571540060,3.1709746494521234
1721571541060,3.165305107793886
1721571542065,3.173242466115418
1721571543075,3.167572924457181
1721571544057,3.1743763744470654
1721571545065,3.173242466115418
1721571546070,3.1789120077736555
1721571547062,3.173242466115418
1721571548098,3.1806128702711267
1721571549067,3.1743763744470654
1721571550058,3.1721085577837704
1721571551056,3.1721085577837704
1721571552063,3.1664390161255334
1721571553059,3.1664390161255334
1721571554053,3.1709746494521234
1721571555074,3.1687068327888284
1721571556066,3.1687068327888284
1721571557072,3.164738153628062
1721571558071,3.160202520301472
1721571559073,3.1556668869748825
1721571560059,3.159068611969825
1721571561091,3.1511312536482925
1721571562067,3.149997345316645
1721571563061,3.146028666155879
1721571564055,3.143760849492584
1721571565045,3.141493032829289
1721571566067,3.136957399502699
1721571567070,3.127319178683696
1721571568265,3.1012392870558045
1721571569044,3.1261852703520483
1721571570049,2.995218858046767
1721571571115,2.9657372414239327
1721571572043,2.96687114975558
1721571573079,3.0332047871569565
1721571574054,3.0717576704329703
1721571575074,3.0740254870962653
1721571576068,3.076860257925384
1721571577049,3.05191427462914
1721571578114,3.0740254870962653
1721571579228,3.0638203121114382
1721571580120,3.068355945438028
1721571581141,3.0553159996240824
1721571582066,3.0093927121923603
1721571583060,2.910742687339031
1721571584044,2.992951041383472
1721571585049,3.0757263495937366
1721571586226,3.038874328815194
1721571587188,3.020164841343011
1721571588195,2.958933791434048
1721571589039,2.736120804265322
1721571590092,2.9895493163885294
1721571591065,2.719679133456434
1721571592059,2.841007324942712
1721571593074,3.0638203121114382
1721571594074,3.0615524954481432
1721571595062,2.746892933415973
1721571596067,3.044543870473431
1721571597071,2.8835288873794918
1721571598056,2.9118765956706785
1721571599067,2.816061341646468
1721571600068,3.0003214455391802
1721571601060,3.0014553538708277
1721571602106,2.9555320664391056
1721571603075,2.770138054214746
1721571604062,2.7570981084008
1721571605060,2.843275141606007
1721571606074,2.872756758228841
1721571606996,2.933987808137804
1721571608130,2.7100409126374303
1721571609007,3.0048570788657702
1721571610054,2.988415408056882
1721571611069,2.9872814997252344
1721571612066,2.9861475913935873
1721571612996,2.9657372414239327
1721571614064,2.86198462907819
1721571615005,2.9810450039011736
1721571616058,2.96687114975558
1721571617060,2.9708398289163465
1721571618082,2.9634694247606377
1721571619093,2.9680050580872277
1721571620058,2.956665974770753
1721571621069,2.9680050580872277
1721571622070,2.9634694247606377
1721571623067,2.96687114975558
1721571624079,2.964603333092285
1721571625054,2.9657372414239327
1721571626044,2.96687114975558
1721571627079,2.9657372414239327
1721571628054,2.969705920584699
1721571629045,2.9623355164289906
1721571630049,2.96687114975558
1721571631084,2.9600676997656956
1721571632066,2.8891984290377293
1721571633072,2.9555320664391056
1721571634095,2.9600676997656956
1721571635067,2.954398158107458
1721571636075,2.9492955706150448
1721571637077,2.9600676997656956
1721571638061,2.9436260289568073
1721571639007,2.9011044665200276
1721571640010,2.964603333092285
1721571641063,2.9555320664391056
1721571642087,2.969705920584699
1721571643069,2.9657372414239327
1721571644040,2.977643278906231
1721571645112,2.964603333092285
1721571646242,2.9833128205644686
1721571650360,0.0
1721571658376,0.0
1721571666080,2.9600676997656956
1721571666082,2.928318266479567
1721571667011,2.954398158107458
1721571668062,2.7559642000691524
1721571669104,2.915278320665621
1721571669995,2.9175461373289155
1721571671072,2.761066787561566
1721571672072,2.9056400998466176
1721571673058,2.8891984290377293
1721571674061,2.872756758228841
1721571675069,2.8738906665604884
1721571676065,2.8631185374098376
1721571677070,2.854047270756658
1721571678058,2.8551811790883055
1721571679060,2.8529133624250105
1721571680062,2.851779454093363
1721571681065,2.8444090499376546
1721571682070,2.847810774932597
1721571683065,2.7293173542754374
1721571684062,2.740656437591912
1721571685039,2.5478920212118434
1721571686043,2.79508403751099
1721571687048,2.776374550038807
1721571688039,2.558097196196671
1721571689100,2.7208130417880816
1721571690096,2.818329158309763
1721571691057,2.8188961124755867
1721571692055,2.8171952499781154
1721571693090,2.8171952499781154
1721571694038,2.7877136333552817
1721571695372,2.808123983324936
1721571696212,2.7854458166919867
1721571697039,2.79508403751099
1721571698074,2.792816220847695
1721571699199,2.7882805875211054
1721571703701,0.0
1721571727680,0.0
1721571735912,0.0
1721571741081,2.4980000546193555
1721571741087,2.4877948796345284
1721571742028,2.4957322379560605
1721571743087,2.4911966046294705
1721571744051,2.5002678712826505
1721571744999,2.5019687337801213
1721571746048,2.5014017796142975
1721571747052,2.503102642111769
1721571748041,2.5019687337801213
1721571749047,2.5087721837700063
1721571750100,2.505370458775064
1721571751092,2.5042365504434163
1721571752047,2.5014017796142975
1721571753105,2.5002678712826505
1721571754098,2.4980000546193555
1721571755079,2.5019687337801213
1721571756111,2.4934644212927655
1721571757104,2.5019687337801213
1721571758098,2.503102642111769
1721571759109,2.515575633759891
1721571760087,2.5184104045890097
1721571761098,2.519544312920657
1721571762118,2.5206782212523047
1721571763125,2.5229460379155997
1721571764104,2.5274816712421893
1721571765110,2.5337181670662505
1721571766103,2.53825380039284
1721571767103,2.5524276545384335
1721571768098,2.5654676003523793
1721571769093,2.578507546166325
1721571770047,2.594949216975213
1721571771050,2.597217033638508
1721571772041,2.6091230711208064
1721571773113,2.6244308335980473
1721571774123,2.637470779411993
1721571775093,2.6431403210702302
1721571776103,2.6476759543968202
1721571777121,2.6476759543968202
1721571778089,2.658448083547471
1721571779111,2.660715900210766
1721571780109,2.6680863043664744
1721571781096,2.671488029361417
1721571782104,2.677157571019654
1721571783104,2.681693204346244
1721571784102,2.6901975168336
1721571785121,2.6958670584918374
1721571786099,2.6987018293209557
1721571787092,2.699835737652603
1721571788109,2.7100409126374303
1721571789121,2.712875683466549
1721571790118,2.719679133456434
1721571791045,2.725348675114671
1721571792049,2.7293173542754374
1721571793112,2.736120804265322
1721571794109,2.743491208421031
1721571795133,2.749160750079268
1721571796115,2.7548302917375054
1721571797099,2.761066787561566
1721571798109,2.770138054214746
1721571799079,2.7775084583704546
1721571800102,2.7809101833653966
1721571801112,2.782044091697044
1721571802096,2.784311908360339
1721571803103,2.7905484041844
1721571804098,2.786579725023634
1721571805094,2.7905484041844
1721571806105,2.7854458166919867
1721571807121,2.7854458166919867
1721571808102,2.784311908360339
1721571809100,2.786579725023634
1721571810115,2.7877136333552817
1721571811116,2.784311908360339
1721571812104,2.7916823125160475
1721571813053,2.786579725023634
1721571814041,2.7984857625059325
1721571815048,2.7877136333552817
1721571816066,2.792816220847695
1721571817042,2.7905484041844
1721571818046,2.7939501291793425
1721571819113,2.7905484041844
1721571820098,2.7962179458426375
1721571821107,2.79961967083758
1721571822108,2.803021395832522
1721571823109,2.813793524983173
1721571824100,2.8211639291388817
1721571825126,2.8302351957920613
1721571826092,2.836471691616122
1721571827116,2.841007324942712
1721571828114,2.8551811790883055
1721571829042,2.859716812414895
1721571830046,2.8880645207060818
1721571831107,2.890332337369377
1721571832076,2.9175461373289155
1721571833081,2.9141444123339735
1721571834094,2.933987808137804
1721571835081,2.923215678987153
1721571836074,2.9305860831428614
1721571837052,2.9305860831428614
1721571838041,2.9492955706150448
1721571839047,2.9413582122935122
1721571840051,2.95156338727834
1721571841041,2.9481616622833973
1721571842045,2.9634694247606377
1721571843117,2.9458938456201023
1721571844088,2.9680050580872277
1721571845104,2.9504294789466923
1721571846099,2.9657372414239327
1721571847085,2.933987808137804
1721571848098,2.9577998831024006
1721571849106,2.9249165414846243
1721571850078,2.9492955706150448
1721571851092,2.9249165414846243
1721571852109,2.9373895331327464
1721571853097,2.9118765956706785
1721571854046,2.9328538998061564
1721571855054,2.9141444123339735
1721571856053,2.9328538998061564
1721571857041,2.9141444123339735
1721571858046,2.9271843581479193
1721571859051,2.9249165414846243
1721571860042,2.9305860831428614
1721571861044,2.929452174811214
1721571862071,2.9328538998061564
1721571863042,2.9351217164694514
1721571864051,2.9413582122935122
1721571865057,2.9447599372884548
1721571866093,2.9436260289568073
1721571867055,2.95156338727834
1721571868069,2.9504294789466923
1721571869057,2.9600676997656956
1721571870062,2.954398158107458
1721571871087,2.952697295609987
1721571872044,2.954398158107458
1721571873048,2.9555320664391056
1721571874057,2.9481616622833973
1721571875060,2.956665974770753
1721571876067,2.95156338727834
1721571877058,2.952697295609987
1721571878045,2.9424921206251597
1721571879054,2.9481616622833973
1721571880057,2.9373895331327464
1721571881044,2.940224303961865
1721571882068,2.933987808137804
1721571883057,2.9305860831428614
1721571884041,2.9249165414846243
1721571885053,2.929452174811214
1721571886055,2.9249165414846243
1721571887046,2.9305860831428614
1721571888052,2.9305860831428614
1721571889059,2.9328538998061564
1721571890048,2.928318266479567
1721571891053,2.9271843581479193
1721571892061,2.9249165414846243
1721571893046,2.918680045660563
1721571894048,2.920947862323858
1721571895056,2.910742687339031
1721571896048,2.9141444123339735
1721571897049,2.9067740081782647
1721571898057,2.913010504002326
1721571899046,2.910742687339031
1721571900051,2.913010504002326
1721571901055,2.913010504002326
1721571902047,2.9067740081782647
1721571903051,2.9067740081782647
1721571904100,2.90450619151497
1721571905046,2.89997055818838
1721571906052,2.9011044665200276
1721571907058,2.90450619151497
1721571908047,2.89997055818838
1721571909046,2.9011044665200276
1721571910070,2.90450619151497
1721571911047,2.9056400998466176
1721571912095,2.9118765956706785
1721571913057,2.918680045660563
1721571914047,2.9175461373289155
1721571915063,2.918680045660563
1721571916056,2.9175461373289155
1721571917048,2.913010504002326
1721571918051,2.910742687339031
1721571919057,2.9011044665200276
1721571920046,2.8965688331934376
1721571921081,2.8846627957111393
1721571922057,2.877292391555431
1721571923045,2.8682211249022513
1721571924082,2.856315087419953
1721571925057,2.8506455457617155
1721571926045,2.845542958269302
1721571927066,2.841007324942712
1721571928071,2.835337783284475
1721571929041,2.8188961124755867
1721571930079,2.813793524983173
1721571931056,2.7962179458426375
1721571932046,2.7939501291793425
1721571933051,2.7786423667021016
1721571934058,2.7667363292198037
1721571935045,2.7582320167324474
1721571936052,2.7559642000691524
1721571937053,2.7480268417476204
1721571938044,2.746892933415973
1721571939050,2.742924254255207
1721571940056,2.740656437591912
1721571941047,2.7372547125969695
1721571942065,2.733852987602027
1721571943087,2.740656437591912
1721571944047,2.740656437591912
1721571945384,2.736120804265322
1721571946162,2.733852987602027
1721571947092,2.7372547125969695
1721571948412,2.7417903459235595
1721571949403,2.736120804265322
1721571950226,2.7395225292602645
1721571951078,2.727616491777966
1721571952445,2.7395225292602645
1721571953042,2.677051334856367
1721571954080,2.6999894967642275
1721571955192,2.668659324402272
1721571956270,2.6860028126740687
1721571957699,2.660267313948177
1721571958131,2.6860028126740687
1721571959769,2.653553705584901
1721571960802,2.6708971938566974
1721571961771,2.6513158361304754
1721571962526,2.6630646507662084
1721571967312,2.646280629858018
1721571967385,2.6613862486753894
1721571967387,2.6513158361304754
1721571967388,2.6569105097665386
1721571967392,2.6546726403121133
1721571968105,2.6569105097665386
1721571969111,2.6569105097665386
1721571970085,2.653553705584901
1721571974256,2.655791575039326
1721571974256,2.64907796667605
1721571974257,2.6513158361304754
1721571974258,2.6373291520403166
1721571975278,2.6418048909491674
1721571976016,2.6322939457678594
1721571977076,2.61998566376852
1721571978302,2.610474718587212
1721571980196,2.6026421754967233
1721571980198,2.5998448386786914
1721571981620,2.5920122955882023
1721571982143,2.589774426133777
1721571983055,2.5836202851341072
1721571984078,2.5869770893157455
1721571985055,2.5836202851341072
1721571986062,2.5869770893157455
1721571987065,2.5869770893157455
1721571988057,2.5869770893157455
1721571989060,2.5858581545885326
1721571990051,2.5869770893157455
1721571991056,2.5942501650426277
1721571992080,2.5931312303154153
1721571993050,2.5886554914065645
1721571994055,2.597606969224266
1721571995062,2.600963773405904
1721571996051,2.610474718587212
1721571997053,2.617188326950488
1721571998062,2.630056076313434
1721571999008,2.6362102173131037
1721572000058,2.639567021494742
1721572001060,2.6513158361304754
1721572002053,2.6451616951308052
1721572003055,2.653553705584901
1721572004061,2.64907796667605
1721572005052,2.653553705584901
1721572006057,2.659148379220964
1721572007060,2.653553705584901
1721572008053,2.6613862486753894
1721572009057,2.6630646507662084
1721572010060,2.6641835854934213
1721572011049,2.6697782591294845
1721572012054,2.6708971938566974
1721572013061,2.6742539980383353
1721572014054,2.6697782591294845
1721572015053,2.6697782591294845
1721572016060,2.668659324402272
1721572017051,2.661945716038996
1721572018057,2.660267313948177
1721572019056,2.660267313948177
1721572020050,2.647959031948837
1721572021055,2.6513158361304754
1721572022055,2.652434770857688
1721572023062,2.6473995645852306
1721572024022,2.1617818929749224
1721572025057,2.0235934541641547
1721572026047,2.0487694855264404
1721572027052,2.6473995645852306
1721572028072,2.156746686702465
1721572029048,2.0526857570716848
1721572030052,2.421934217051873
1721572031057,2.006809433255964
1721572032044,2.020796117346123
1721572033068,2.558444253771822
1721572034090,2.250177736424725
1721572035050,2.516484201501346
1721572036057,2.6026421754967233
1721572037059,2.578025611498044
1721572038047,2.536065559227568
1721572039100,2.5746688073164057
1721572040074,2.544457569681663
1721572041094,2.5383034286819934
1721572042100,2.5416602328636313
1721572043061,2.528233016137079
1721572044067,2.5231978098646217
1721572045055,2.519841005682984
1721572046075,2.515365266774133
1721572047063,2.5125679299561012
1721572048054,2.5092111257744634
1721572049061,2.505854321592825
1721572050066,2.505854321592825
1721572051054,2.499140713229549
1721572052062,2.49746231113873
1721572053083,2.486272963866603
1721572054057,2.4851540291393905
1721572055089,2.4801188228669333
1721572056067,2.472286279776444
1721572057065,2.470048410322019
1721572058058,2.4683700082312
1721572059067,2.4627753345951366
1721572060068,2.458299595686286
1721572061064,2.457180660959073
1721572062066,2.4532643894138286
1721572063055,2.4499075852321908
1721572064058,2.44543184632334
1721572065063,2.4420750421417017
1721572066050,2.4398371726872763
1721572067073,2.435920901142032
1721572068065,2.435920901142032
1721572069071,2.435920901142032
1721572070090,2.435920901142032
1721572071073,2.4381587705964574
1721572072072,2.440956107414489
1721572073076,2.4381587705964574
1721572074065,2.4381587705964574
1721572075056,2.4336830316876066
1721572076062,2.4381587705964574
1721572077064,2.43927770532367
1721572078055,2.43927770532367
1721572079060,2.4465507810505525
1721572080066,2.457180660959073
1721572081057,2.4689294755948064
1721572082018,2.476762018685295
1721572083067,2.483475627048571
1721572084072,2.483475627048571
1721572085063,2.4789998881397204
1721572086081,2.477880953412508
1721572087054,2.4756430839580825
1721572088060,2.472286279776444
1721572089066,2.465013204049562
1721572090084,2.4532643894138286
1721572091090,2.435920901142032
1721572092063,2.421934217051873
1721572093051,2.4096259350525338
1721572094087,2.403471794052864
1721572095065,2.396758185689588
1721572096141,2.3978771204168003
1721572097062,2.3917229794171306
1721572098064,2.3906040446899177
1721572099055,2.386128305781067
1721572100060,2.3805336321450037
1721572101079,2.3766173605997594
1721572102054,2.373260556418121
1721572103074,2.367665882782058
1721572104096,2.364868545964026
1721572105056,2.360392807055175
1721572106059,2.352560263964686
1721572107082,2.3475250576922293
1721572108102,2.33969251460174
1721572109063,2.3352167756928894
1721572110068,2.331300504147645
1721572111055,2.3290626346932197
1721572112061,2.3223490263299436
1721572113063,2.321230091602731
1721572114051,2.320111156875518
1721572115075,2.315075950603061
1721572116077,2.315075950603061
1721572117086,2.3139570158758485
1721572118075,2.3128380811486355
1721572119063,2.31060021169421
1721572120053,2.3083623422397848
1721572121077,2.3094812769669977
1721572122066,2.3094812769669977
1721572123073,2.3083623422397848
1721572124056,2.3061244727853594
1721572125077,2.3010892665129026
1721572126051,2.298851397058477
1721572127061,2.296613527604052
1721572128083,2.295494592876839
1721572129100,2.296613527604052
1721572130074,2.2943756581496264
1721572131080,2.2932567234224135
1721572132100,2.2943756581496264
1721572133076,2.291018853967988
1721572134066,2.2882215171499567
1721572135101,2.2859836476955313
1721572136105,2.279270039332255
1721572137081,2.274234833059798
1721572138085,2.2708780288781596
1721572139072,2.2652833552420963
1721572140110,2.260248148969639
1721572141100,2.2580102795152137
1721572142076,2.250177736424725
1721572143064,2.2468209322430868
1721572144055,2.244023595425055
1721572145062,2.239547856516204
1721572146065,2.2350721176073534
1721572147054,2.2328342481529284
1721572148074,2.2289179766076836
1721572149068,2.2266801071532583
1721572150071,2.224442237698833
1721572151074,2.224442237698833
1721572152070,2.221085433517195
1721572153069,2.221085433517195
1721572154164,2.219966498789982
1721572155137,2.2222043682444075
1721572156102,2.221085433517195
1721572157061,2.224442237698833
1721572158108,2.2222043682444075
1721572159056,2.219966498789982
1721572160062,2.2222043682444075
1721572161059,2.2177286293355567
1721572162053,2.2138123577903124
1721572163060,2.2126934230631
1721572164064,2.2126934230631
1721572165101,2.208217684154249
1721572166061,2.2059798146998237
1721572167095,2.204860879972611
1721572168071,2.2059798146998237
1721572169107,2.2026230105181854
1721572170081,2.2059798146998237
1721572171064,2.2037419452453983
1721572172089,2.2037419452453983
1721572173068,2.2037419452453983
1721572174054,2.204860879972611
1721572175136,2.204860879972611
1721572176066,2.2026230105181854
1721572177070,2.2026230105181854
1721572178088,2.2059798146998237
1721572179064,2.2037419452453983
1721572180084,2.2009446084273665
1721572181075,2.1998256737001536
1721572182063,2.2009446084273665
1721572183070,2.1998256737001536
1721572184060,2.197587804245728
1721572185080,2.198706738972941
1721572186069,2.1964688695185157
1721572187091,2.1964688695185157
1721572188067,2.1931120653368774
1721572189055,2.1897552611552396
1721572190164,2.187517391700814
1721572191083,2.18360112015557
1721572192068,2.18360112015557
1721572193059,2.1847200548827823
1721572194065,2.179125381246719
1721572195070,2.179125381246719
1721572196074,2.1757685770650808
1721572197095,2.1735307076106554
1721572198057,2.170733370792624
1721572199090,2.169614436065411
1721572200066,2.1673765666109857
1721572201055,2.1617818929749224
1721572202060,2.1606629582477095
1721572203080,2.1617818929749224
1721572204085,2.158425088793284
1721572205078,2.156746686702465
1721572206064,2.1556277519752522
1721572207057,2.1545088172480398
1721572208089,2.159544023520497
1721572209065,2.1545088172480398
1721572210085,2.153389882520827
1721572211073,2.1522709477936144
1721572212081,2.1511520130664015
1721572213045,2.1477952088847636
1721572214070,2.1444384047031253
1721572215061,2.145557339430338
1721572216068,2.1382842637034556
1721572217061,2.1394031984306685
1721572218082,2.1394031984306685
1721572219054,2.137165328976243
1721572220211,2.137165328976243
1721572221063,2.1382842637034556
1721572222070,2.1326895900673923
1721572223075,2.133808524794605
1721572224065,2.133808524794605
1721572225161,2.1326895900673923
1721572226151,2.133808524794605
1721572227099,2.1326895900673923
1721572228054,2.1326895900673923
1721572229063,2.1326895900673923
1721572230081,2.1349274595218177
1721572231058,2.1315706553401794
1721572232063,2.129332785885754
1721572233112,2.130451720612967
1721572234052,2.1270949164313286
1721572235089,2.124297579613297
1721572236112,2.1220597101588714
1721572237053,2.117583971250021
1721572238060,2.116465036522808
1721572239065,2.1035972871598623
1721572240053,2.0980026135237986
1721572241135,2.1024783524326494
1721572242078,2.095205276705767
1721572243101,2.0907295377969164
1721572244061,2.087372733615278
1721572245111,2.0828969947064273
1721572246054,2.0828969947064273
1721572247119,2.0851348641608527
1721572248094,2.0828969947064273
1721572249066,2.0828969947064273
1721572250059,2.0812185926156084
1721572251110,2.078980723161183
1721572252055,2.07786178843397
1721572253088,2.07786178843397
1721572254064,2.0733860495251193
1721572255143,2.072267114797907
1721572256239,2.071148180070694
1721572257064,2.071148180070694
1721572258115,2.071148180070694
1721572259061,2.0700292453434814
1721572260109,2.067791375889056
1721572261057,2.064994039071024
1721572262090,2.059399365434961
1721572263095,2.0605183001621734
1721572264099,2.0538046917988972
1721572265061,2.0521262897080783
1721572266079,2.046531616072015
1721572267059,2.0420558771631643
1721572268056,2.0375801382543135
1721572269023,2.0347828014362817
1721572270098,2.0314259972546433
1721572271059,2.030307062527431
1721572272079,2.02583132361858
1721572273056,2.0219150520733358
1721572274088,2.016320378437272
1721572275064,2.016320378437272
1721572276129,2.0140825089828467
1721572277194,2.009606770073996
1721572278065,2.012963574255634
1721572279053,2.007928367983177
1721572280063,2.0084878353467834
1721572281063,2.007928367983177
1721572282055,2.009606770073996
1721572283134,2.007928367983177
1721572284080,2.0118446395284213
1721572285055,2.009606770073996
1721572286058,2.0140825089828467
1721572287110,2.0196771826189104
1721572288010,2.016320378437272
1721572289131,2.017439313164485
1721572290061,2.020796117346123
1721572291086,2.022474519436942
1721572292073,2.0235934541641547
1721572293078,2.02583132361858
1721572294100,2.02583132361858
1721572295074,2.030307062527431
1721572296065,2.030307062527431
1721572297052,2.0314259972546433
1721572298072,2.035901736163494
1721572299065,2.035901736163494
1721572300099,2.035901736163494
1721572301103,2.037020670890707
1721572302079,2.037020670890707
1721572303069,2.035901736163494
1721572304059,2.0347828014362817
1721572305065,2.0314259972546433
1721572306070,2.030307062527431
1721572307058,2.0314259972546433
1721572308067,2.0280691930730055
1721572309070,2.0280691930730055
1721572310057,2.02583132361858
1721572311062,2.022474519436942
1721572312072,2.022474519436942
1721572313060,2.020796117346123
1721572314065,2.020796117346123
1721572315067,2.020796117346123
1721572316075,2.0152014437100596
1721572317065,2.0152014437100596
1721572318068,2.0118446395284213
1721572319057,2.009606770073996
1721572320138,2.0056904985287516
1721572321084,2.004571563801539
1721572322062,1.9978579554382627
1721572323079,1.9978579554382627
1721572324100,1.991703814438593
1721572325059,1.9905848797113803
1721572326139,1.9894659449841676
1721572327068,1.9872280755297422
1721572328064,1.9861091408025295
1721572329080,1.9849902060753168
1721572330098,1.9816334018936788
1721572331133,1.9782765977120407
1721572332065,1.9782765977120407
1721572333069,1.9782765977120407
1721572334089,1.9782765977120407
1721572335063,1.9754792608940088
1721572336084,1.9732413914395834
1721572337088,1.9732413914395834
1721572338079,1.9721224567123707
1721572339067,1.9732413914395834
1721572340060,1.9721224567123707
1721572341065,1.9687656525307327
1721572342098,1.96764671780352
1721572343058,1.96764671780352
1721572344094,1.96764671780352
1721572345069,1.9642899136218819
1721572346073,1.962611511531063
1721572347063,1.9614925768038503
1721572348069,1.9614925768038503
1721572349075,1.9603736420766376
1721572350064,1.9570168378949995
1721572351069,1.9536600337133614
1721572352059,1.9525410989861487
1721572353064,1.9491842948045106
1721572354065,1.9475058927136917
1721572355014,1.9419112190776282
1721572356063,1.9385544148959901
1721572357069,1.929043469714682
1721572358054,1.9268056002602567
1721572359061,1.9234487960786186
1721572360068,1.9116999814428854
1721572361059,1.88036980908093
1721572362064,1.8943564931710886
1721572363099,1.9083431772612474
1721572364010,1.9049863730796093
1721572365057,1.896594362625514
1721572366020,1.9021890362615774
1721572367067,1.8977132973527266
1721572368057,1.8988322320799393
1721572369065,1.9010701015343647
1721572370086,1.8988322320799393
1721572371076,1.896594362625514
1721572372065,1.8909996889894505
1721572373055,1.889880754262238
1721572374017,1.8954754278983013
1721572375069,1.8943564931710886
1721572376057,1.8848455479897808
1721572377169,1.8887618195350253
1721572378098,1.8882023521714189
1721572379060,1.8792508743537173
1721572380063,1.877013004899292
1721572381069,1.877013004899292
1721572382075,1.8730967333540476
1721572383064,1.8697399291724095
1721572384143,1.867502059717984
1721572385073,1.864145255536346
1721572386063,1.860788451354708
1721572387070,1.8557532450822507
1721572388060,1.8512775061734
1721572389064,1.8501585714461872
1721572390070,1.8468017672645491
1721572391057,1.8440044304465175
1721572392079,1.8406476262648794
1721572393068,1.838409756810454
1721572394058,1.835052952628816
1721572395063,1.8316961484471779
1721572396087,1.8294582789927525
1721572397076,1.8288988116291462
1721572398064,1.8255420074475082
1721572399063,1.8233041379930828
1721572400059,1.8210662685386574
1721572401060,1.8165905296298066
1721572402066,1.8143526601753812
1721572403057,1.8104363886301367
1721572404061,1.8081985191757113
1721572405082,1.8026038455396478
1721572406058,1.8003659760852224
1721572407093,1.796449704539978
1721572408066,1.7942118350855527
1721572409073,1.7886171614494892
1721572410064,1.7852603572678512
1721572411085,1.7874982267222765
1721572412059,1.7813440857226066
1721572413065,1.783581955177032
1721572414070,1.780225150995394
1721572415055,1.7779872815409685
1721572416079,1.7712736731776926
1721572417068,1.7723926079049053
1721572418058,1.7695952710868734
1721572419066,1.7662384669052353
1721572420069,1.7651195321780226
1721572421059,1.7662384669052353
1721572422065,1.7628816627235973
1721572423084,1.7617627279963846
1721572424014,1.7595248585419592
1721572425063,1.756168054360321
1721572426069,1.7544896522695022
1721572427059,1.751132848087864
1721572428063,1.751132848087864
1721572429068,1.744419239724588
1721572430059,1.744419239724588
1721572431078,1.7466571091790133
1721572432067,1.7421813702701625
1721572433057,1.7371461639977053
1721572434062,1.7371461639977053
1721572435074,1.7079026056799183
1721572436058,1.7068010883592604
1721572437063,1.7023950190766293
1721572438069,1.7001919844353137
1721572439059,1.7012935017559714
1721572440078,1.6990904671146558
1721572441067,1.6941336391716957
1721572442073,1.693032121851038
1721572443063,1.6886260525684067
1721572444068,1.6853215006064333
1721572445055,1.6853215006064333
1721572446076,1.681466189984131
1721572447063,1.6836692246254465
1721572448070,1.6842199832857756
1721572449064,1.675958603380842
1721572450068,1.6781616380221576
1721572451059,1.6781616380221576
1721572452063,1.6693494994568951
1721572453071,1.6676972234759087
1721572454061,1.6693494994568951
1721572455062,1.6632911541932773
1721572456067,1.6621896368726194
1721572457072,1.6566820502693305
1721572458110,1.654479015628015
1721572459092,1.6528267396470282
1721572460061,1.6506237050057126
1721572461071,1.6506237050057126
1721572462083,1.6473191530437392
1721572463080,1.6473191530437392
1721572464078,1.6440146010817658
1721572465081,1.6429130837611081
1721572466069,1.6407100491197923
1721572467086,1.6429130837611081
1721572468086,1.6407100491197923
1721572469083,1.6396085317991347
1721572470013,1.637956255818148
1721572471093,1.632448669214859
1721572472079,1.6335501865355166
1721572473017,1.6241872893099254
1721572474094,1.6357532211768324
1721572475084,1.6280425999322277
1721572476075,1.6258395652909121
1721572477021,1.6186797027066364
1721572478077,1.6164766680653209
1721572479015,1.6186797027066364
1721572480080,1.6131721161033474
1721572481088,1.615375150744663
1721572482084,1.615375150744663
1721572483085,1.615375150744663
1721572484080,1.6071137708397296
1721572485081,1.6005046669157827
1721572486089,1.5178908678664478
1721572487113,1.5101802466218432
1721572488072,1.6120705987826898
1721572489081,1.6109690814620319
1721572490113,1.5636038366737466
1721572491069,1.6109690814620319
1721572492087,1.5250507304507235
1721572493080,1.5795758378232845
1721572494072,1.6071137708397296
1721572495080,1.593344804331507
1721572496087,1.5911417696901915
1721572497076,1.6016061842364406
1721572498073,1.5041219013582252
1721572499070,1.5145863159044743
1721572500079,1.5360659036573014
1721572501078,1.5421242489209195
1721572502070,1.5360659036573014
1721572503082,1.527253765092039
1721572504080,1.5079772119805277
1721572505069,1.533862869015986
1721572506078,1.5625023193530887
1721572507078,1.5316598343746703
1721572508070,1.5707636992580223
1721572509076,1.5762712858613113
1721572510075,1.5751697685406534
1721572511065,1.5856341830869025
1721572512074,1.57186521657868
1721572513101,1.5762712858613113
1721572514068,1.5580962500704574
1721572515074,1.5602992847117731
1721572516075,1.5558932154291418
1721572517069,1.5123832812631588
1721572518067,1.5569947327497997
1721572519079,1.5239492131300656
1721572520080,1.5569947327497997
1721572521077,1.5525886634671684
1721572522062,1.5558932154291418
1721572523053,1.5465303182035506
1721572524098,1.5399212142796037
1721572525098,1.5465303182035506
1721572526099,1.5360659036573014
1721572527102,1.5349643863366438
1721572528078,1.5294567997333548
1721572529067,1.5316598343746703
1721572530122,1.528355282412697
1721572531222,1.528355282412697
1721572532072,1.527253765092039
1721572533103,1.5250507304507235
1721572534078,1.5239492131300656
1721572535065,1.5200939025077633
1721572536074,1.5189923851871057
1721572537097,1.5189923851871057
1721572538066,1.5178908678664478
1721572539074,1.527253765092039
1721572540077,1.5250507304507235
1721572541077,1.5178908678664478
1721572542072,1.5123832812631588
1721572543079,1.5079772119805277
1721572544074,1.5074264533201986
1721572545089,1.506324935999541
1721572546094,1.505223418678883
1721572547068,1.505223418678883
1721572548087,1.505223418678883
1721572549063,1.505223418678883
1721572550088,1.5211954198284212
1721572551089,1.4997158320755941
1721572552089,1.5074264533201986
1721572553088,1.495309762792963
1721572554085,1.4964112801136207
1721572555087,1.4964112801136207
1721572556068,1.495309762792963
1721572557085,1.4881499002086873
1721572558084,1.4931067281516472
1721572559085,1.4881499002086873
1721572560083,1.4903529348500029
1721572561088,1.4881499002086873
1721572562084,1.4859468655673715
1721572563084,1.4881499002086873
1721572564017,1.483743830926056
1721572565083,1.4787870029830958
1721572566083,1.4903529348500029
1721572567083,1.4914544521706605
1721572568083,1.4859468655673715
1721572569083,1.4787870029830958
1721572570085,1.4804392789640826
1721572571081,1.4776854856624382
1721572572081,1.4743809337004647
1721572573079,1.4804392789640826
1721572574079,1.4754824510211224
1721572575082,1.4628150018335577
1721572576084,1.483743830926056
1721572577053,1.4710763817384913
1721572578014,1.4688733470971758
1721572579063,1.482642313605398
1721572580065,1.4732794163798069
1721572581059,1.4754824510211224
1721572582063,1.4743809337004647
1721572583067,1.4754824510211224
1721572584015,1.483743830926056
1721572585079,1.4688733470971758
1721572586068,1.4710763817384913
1721572587060,1.4754824510211224
1721572588076,1.4639165191542156
1721572589087,1.4688733470971758
1721572590074,1.4666703124558602
1721572591081,1.4617134845129
1721572592074,1.4617134845129
1721572593075,1.456205897909611
1721572594085,1.4540028632682955
1721572595073,1.4517998286269798
1721572596081,1.4495967939856642
1721572597083,1.4517998286269798
1721572598072,1.4517998286269798
1721572599071,1.4517998286269798
1721572600080,1.4517998286269798
1721572601070,1.4495967939856642
1721572602106,1.4479445180046775
1721572603085,1.4517998286269798
1721572604069,1.4517998286269798
1721572605070,1.4551043805889532
1721572606069,1.4540028632682955
1721572607067,1.4540028632682955
1721572608074,1.4573074152302687
1721572609063,1.4540028632682955
1721572610053,1.4495967939856642
1721572611059,1.4595104498715845
1721572612064,1.4495967939856642
1721572613055,1.445741483363362
1721572614059,1.4551043805889532
1721572615078,1.4495967939856642
1721572616072,1.4479445180046775
1721572617013,1.4495967939856642
1721572618018,1.444639966042704
1721572619046,1.4314211298166055
1721572620014,1.4281367983523992
1721572621058,1.43032635266187
1721572622066,1.4281367983523992
1721572623034,1.4232103011560895
1721572624060,1.4292315755071345
1721572625082,1.4253998554655605
1721572626012,1.4232103011560895
1721572627058,1.4199259696918831
1721572628063,1.424305078310825
1721572629055,1.424305078310825
1721572630057,1.4336106841260763
1721572631022,1.4368950155902827
1721572632055,1.4472953985602695
1721572633056,1.4281367983523992
1721572634063,1.432515906971341
1721572635052,1.422115524001354
1721572636060,1.4199259696918831
1721572637069,1.43032635266187
1721572638053,1.4111677524539996
1721572639016,1.4281367983523992
1721572640030,1.424305078310825
1721572641054,1.4199259696918831
1721572642123,1.412262529608735
1721572643069,1.4358002384355473
1721572644123,1.412262529608735
1721572645066,1.4166416382276767
1721572646112,1.414452083918206
1721572647113,1.412262529608735
1721572648117,1.4166416382276767
1721572649134,1.412262529608735
1721572650058,1.412262529608735
1721572651062,1.4177364153824124
1721572652068,1.4166416382276767
1721572653072,1.412262529608735
1721572654066,1.4166416382276767
1721572655074,1.4095255867218963
1721572656117,1.4166416382276767
1721572657118,1.412262529608735
1721572658132,1.410620363876632
1721572659134,1.414452083918206
1721572660123,1.412262529608735
1721572661132,1.412262529608735
1721572662109,1.4111677524539996
1721572663134,1.412262529608735
1721572664131,1.410620363876632
1721572665062,1.410620363876632
1721572666072,1.408430809567161
1721572667067,1.4095255867218963
1721572668056,1.410620363876632
1721572669060,1.4095255867218963
1721572670071,1.4095255867218963
1721572671058,1.4111677524539996
1721572672065,1.410620363876632
1721572673066,1.408430809567161
1721572674060,1.4111677524539996
1721572675065,1.4095255867218963
1721572676071,1.408430809567161
1721572677056,1.4095255867218963
1721572678062,1.4095255867218963
1721572679081,1.408430809567161
1721572680057,1.4051464781029546
1721572681061,1.410620363876632
1721572682066,1.408430809567161
1721572683056,1.4073360324124256
1721572684060,1.4073360324124256
1721572685064,1.4095255867218963
1721572686014,1.4073360324124256
1721572687068,1.4051464781029546
1721572688071,1.4051464781029546
1721572689063,1.4073360324124256
1721572690068,1.4040517009482192
1721572691072,1.4051464781029546
1721572692062,1.4073360324124256
1721572693067,1.4051464781029546
1721572694072,1.4029569237934836
1721572695062,1.4029569237934836
1721572696064,1.4040517009482192
1721572697077,1.4051464781029546
1721572698064,1.4040517009482192
1721572699073,1.4029569237934836
1721572700087,1.4007673694840128
1721572701058,1.4029569237934836
1721572702082,1.4018621466387482
1721572703083,1.4018621466387482
1721572704058,1.4007673694840128
1721572705063,1.4007673694840128
1721572706068,1.3996725923292774
1721572707057,1.4007673694840128
1721572708063,1.3974830380198064
1721572709068,1.3996725923292774
1721572710080,1.3996725923292774
1721572711077,1.3996725923292774
1721572712076,1.3996725923292774
1721572713065,1.4018621466387482
1721572714086,1.3974830380198064
1721572715063,1.3996725923292774
1721572716116,1.3996725923292774
1721572717191,1.3996725923292774
1721572718114,1.3996725923292774
1721572719058,1.4018621466387482
1721572720075,1.4007673694840128
1721572721238,1.4029569237934836
1721572722068,1.4018621466387482
1721572723118,1.4029569237934836
1721572724078,1.4029569237934836
1721572725122,1.4018621466387482
1721572726114,1.4029569237934836
1721572727111,1.4007673694840128
1721572728070,1.4007673694840128
1721572729165,1.4007673694840128
1721572730086,1.3996725923292774
1721572731087,1.4029569237934836
1721572732559,1.3996725923292774
1721572733112,1.4007673694840128
1721572734101,1.4018621466387482
1721572735528,1.4040517009482192
1721572736908,1.3996725923292774
1721572737106,1.4040517009482192
1721572738094,1.4018621466387482
1721572739076,1.4040517009482192
1721572741300,1.4040517009482192
1721572741670,1.4029569237934836
1721572742176,1.4029569237934836
1721572743084,1.4018621466387482
1721572744194,1.4018621466387482
1721572745224,1.4018621466387482
1721572746517,1.4029569237934836
1721572747521,1.4018621466387482
1721572748096,1.4040517009482192
1721572749307,1.4018621466387482
1721572750096,1.4029569237934836
1721572751104,1.4029569237934836
1721572752091,1.4029569237934836
1721572753070,1.4029569237934836
1721572754219,1.4040517009482192
1721572758233,0.0
1721572792859,1.4177364153824124
1721572792867,1.4177364153824124
1721572793039,1.4177364153824124
1721572794075,1.4188311925371477
1721572795060,1.4177364153824124
1721572796052,1.4199259696918831
1721572797093,1.4199259696918831
1721572798063,1.4188311925371477
1721572799066,1.4188311925371477
1721572800044,1.4199259696918831
1721572801271,1.422115524001354
1721572802217,1.422115524001354
1721572803103,1.424305078310825
1721572804107,1.4232103011560895
1721572805263,1.4253998554655605
1721572806273,1.4232103011560895
1721572807077,1.4232103011560895
1721572808171,1.424305078310825
1721572809150,1.4253998554655605
1721572810082,1.4253998554655605
1721572811080,1.4253998554655605
1721572812084,1.424305078310825
1721572813088,1.4281367983523992
1721572814110,1.4259472440429282
1721572815081,1.4281367983523992
1721572816090,1.4281367983523992
1721572817287,1.4292315755071345
1721572818148,1.4292315755071345
1721572819070,1.43032635266187
1721572820263,1.43032635266187
1721572821132,1.43032635266187
1721572822070,1.432515906971341
1721572823067,1.4314211298166055
1721572824111,1.432515906971341
1721572825082,1.432515906971341
1721572826076,1.4336106841260763
1721572827155,1.4358002384355473
1721572828070,1.4368950155902827
1721572829078,1.4358002384355473
1721572830096,1.4358002384355473
1721572831178,1.4379897927450183
1721572832083,1.4358002384355473
1721572833080,1.4390845698997536
1721572834083,1.4390845698997536
1721572835076,1.4390845698997536
1721572836098,1.440179347054489
1721572837070,1.440726735631857
1721572838086,1.4429162899413277
1721572839082,1.4429162899413277
1721572840070,1.4429162899413277
1721572841104,1.4451058442507987
1721572842079,1.444011067096063
1721572843116,1.4451058442507987
1721572844100,1.446200621405534
1721572845117,1.4472953985602695
1721572846087,1.4505797300244758
1721572847077,1.4505797300244758
1721572848080,1.4516745071792114
1721572849078,1.4538640614886822
1721572850107,1.4527692843339468
1721572851165,1.4527692843339468
1721572852137,1.4516745071792114
1721572853075,1.4538640614886822
1721572854093,1.4527692843339468
1721572855134,1.4549588386434178
1721572856105,1.4527692843339468
1721572857100,1.4538640614886822
1721572858115,1.4538640614886822
1721572859093,1.4555062272207855
1721572860191,1.4555062272207855
1721572861112,1.4576957815302563
1721572862083,1.4576957815302563
1721572863103,1.4587905586849919
1721572864135,1.4609801129944626
1721572865773,1.4620748901491982
1721572866119,1.4587905586849919
1721572867162,1.468643553077611
1721572868099,1.4598853358397272
1721572869115,1.4653592216134046
1721572870292,1.464264444458669
1721572871153,1.46645399876814
1721572872208,1.4697383302323463
1721572873088,1.4620748901491982
1721572874131,1.4675487759228754
1721572875110,1.468643553077611
1721572876145,1.468643553077611
1721572877132,1.46645399876814
1721572878129,1.4713804959644494
1721572879084,1.4768543817381268
1721572880136,1.4790439360475978
1721572881130,1.4812334903570685
1721572882142,1.4812334903570685
1721572883097,1.4735700502739204
1721572884081,1.4713804959644494
1721572886896,1.4812334903570685
1721572886897,1.4735700502739204
1721572888431,1.4746648274286558
1721572888431,1.4790439360475978
1721572889573,1.4790439360475978
1721572890125,1.4839704332439072
1721572891085,1.4746648274286558
1721572892215,1.4823282675118041
1721572893524,1.4790439360475978
1721572894278,1.4768543817381268
1721572895155,1.4801387132023331
1721572896123,1.4790439360475978
1721572897131,1.4823282675118041
1721572898857,1.4812334903570685
1721572899592,1.4801387132023331
1721572901257,1.4823282675118041
1721572901257,1.4823282675118041
1721572903017,1.4823282675118041
1721572903096,1.4839704332439072
1721572904103,1.4861599875533782
1721572905079,1.4861599875533782
1721572906086,1.4872547647081136
1721572907078,1.4872547647081136
1721572908089,1.4894443190175846
1721572909078,1.4872547647081136
1721572910095,1.4872547647081136
1721572911142,1.4872547647081136
1721572912095,1.4894443190175846
1721572913076,1.49053909617232
1721572914088,1.49053909617232
1721572915101,1.49053909617232
1721572916079,1.4916338733270553
1721572917118,1.4938234276365263
1721572918093,1.4938234276365263
1721572919066,1.4949182047912617
1721572920030,1.4949182047912617
1721572921152,1.4971077591007327
1721572922077,1.4971077591007327
1721572923096,1.4971077591007327
1721572924087,1.498202536255468
1721572925076,1.498749924832836
1721572926092,1.498749924832836
1721572927085,1.5020342562970421
1721572928075,1.5031290334517777
1721572929071,1.5086029192254549
1721572930077,1.5107924735349259
1721572931080,1.5075081420707195
1721572932084,1.5096976963801905
1721572933073,1.5096976963801905
1721572934113,1.5118872506896612
1721572935071,1.5086029192254549
1721572936074,1.5118872506896612
1721572937022,1.5107924735349259
1721572938095,1.5096976963801905
1721572939114,1.5107924735349259
1721572940085,1.5118872506896612
1721572941080,1.5107924735349259
1721572942114,1.5118872506896612
1721572943070,1.5129820278443968
1721572944087,1.5118872506896612
1721572945086,1.5146241935765
1721572946081,1.5157189707312353
1721572947091,1.5157189707312353
1721572948087,1.5179085250407063
1721572949079,1.516813747885971
1721572950081,1.516813747885971
1721572951085,1.516813747885971
1721572952073,1.516813747885971
1721572953109,1.5190033021954417
1721572954086,1.5190033021954417
1721572955087,1.522287633659648
1721572956082,1.5200980793501773
1721572957087,1.5315932394748994
1721572958074,1.52666674227859
1721572959078,1.530498462320164
1721572960088,1.5315932394748994
1721572961076,1.5348775709391058
1721572962081,1.5337827937843704
1721572963108,1.5370671252485768
1721572964077,1.5255719651238544
1721572965087,1.5326880166296348
1721572966082,1.5348775709391058
1721572967077,1.530498462320164
1721572968109,1.530498462320164
1721572969110,1.5370671252485768
1721572970076,1.530498462320164
1721572971083,1.5294036851654285
1721572972071,1.5392566795580476
1721572973078,1.5348775709391058
1721572974082,1.5315932394748994
1721572975087,1.5315932394748994
1721572976075,1.5315932394748994
1721572977083,1.5315932394748994
1721572978104,1.530498462320164
1721572979072,1.5294036851654285
1721572980081,1.5326880166296348
1721572981083,1.5315932394748994
1721572982079,1.5315932394748994
1721572983104,1.530498462320164
1721572984086,1.5315932394748994
1721572985101,1.530498462320164
1721572986116,1.5337827937843704
1721572987102,1.5326880166296348
1721572988076,1.5326880166296348
1721572989082,1.5315932394748994
1721572990084,1.5326880166296348
1721572991065,1.5326880166296348
1721572992071,1.5337827937843704
1721572993035,1.5326880166296348
1721572994076,1.5326880166296348
1721572995101,1.5337827937843704
1721572996100,1.5337827937843704
1721572997071,1.5348775709391058
1721572998081,1.5348775709391058
1721572999100,1.5337827937843704
1721573000074,1.5337827937843704
1721573001081,1.5348775709391058
1721573002100,1.5337827937843704
1721573003078,1.5326880166296348
1721573004080,1.5337827937843704
1721573005099,1.5348775709391058
1721573006078,1.5337827937843704
1721573007077,1.5348775709391058
1721573008102,1.5348775709391058
1721573009076,1.5337827937843704
1721573010097,1.5348775709391058
1721573011097,1.5370671252485768
1721573012096,1.5337827937843704
1721573013077,1.5348775709391058
1721573014096,1.5348775709391058
1721573015076,1.5337827937843704
1721573016092,1.5337827937843704
1721573017073,1.5337827937843704
1721573018091,1.5370671252485768
1721573019095,1.5337827937843704
1721573020094,1.5326880166296348
1721573021093,1.5337827937843704
1721573022093,1.5337827937843704
1721573023072,1.5326880166296348
1721573024092,1.5326880166296348
1721573025094,1.5326880166296348
1721573026092,1.5326880166296348
1721573027074,1.5326880166296348
1721573028090,1.5337827937843704
1721573029076,1.5348775709391058
1721573030114,1.5326880166296348
1721573031090,1.5337827937843704
1721573032090,1.5326880166296348
1721573033073,1.5337827937843704
1721573034092,1.5326880166296348
1721573035091,1.5326880166296348
1721573036091,1.5326880166296348
1721573037097,1.5315932394748994
1721573038068,1.530498462320164
1721573039091,1.5326880166296348
1721573040092,1.5326880166296348
1721573041088,1.5326880166296348
1721573042090,1.5326880166296348
1721573043093,1.5326880166296348
1721573044090,1.5315932394748994
1721573045088,1.5326880166296348
1721573046089,1.5315932394748994
1721573047069,1.5315932394748994
1721573048087,1.5294036851654285
1721573049087,1.5315932394748994
1721573050084,1.530498462320164
1721573051087,1.530498462320164
1721573052091,1.5315932394748994
1721573053083,1.530498462320164
1721573054086,1.5315932394748994
1721573055088,1.5315932394748994
1721573056066,1.5326880166296348
1721573057084,1.5315932394748994
1721573058086,1.5315932394748994
1721573059083,1.5315932394748994
1721573060090,1.5315932394748994
1721573061085,1.5337827937843704
1721573062083,1.530498462320164
1721573063084,1.5315932394748994
1721573064085,1.5326880166296348
1721573065084,1.5294036851654285
1721573066088,1.530498462320164
1721573067091,1.5326880166296348
1721573068085,1.530498462320164
1721573069082,1.5337827937843704
1721573070082,1.5326880166296348
1721573071083,1.5326880166296348
1721573072082,1.5326880166296348
1721573073093,1.5326880166296348
1721573074082,1.5315932394748994
1721573075081,1.530498462320164
1721573076080,1.530498462320164
1721573077079,1.5315932394748994
1721573078079,1.5294036851654285
1721573079081,1.52666674227859
1721573080079,1.5277615194333254
1721573081092,1.5294036851654285
1721573082094,1.5294036851654285
1721573083080,1.5294036851654285
1721573084089,1.530498462320164
1721573085093,1.5315932394748994
1721573086082,1.5294036851654285
1721573087093,1.5294036851654285
1721573088090,1.530498462320164
1721573089077,1.5277615194333254
1721573090076,1.5277615194333254
1721573091082,1.5294036851654285
1721573092082,1.5277615194333254
1721573093074,1.5277615194333254
1721573094083,1.52666674227859
1721573095079,1.5255719651238544
1721573096078,1.5294036851654285
1721573097082,1.5277615194333254
1721573098072,1.5255719651238544
1721573099075,1.5255719651238544
1721573100090,1.5233824108143836
1721573101073,1.524477187969119
1721573102076,1.524477187969119
1721573103078,1.5233824108143836
1721573104080,1.5233824108143836
1721573105075,1.5233824108143836
1721573106082,1.522287633659648
1721573107084,1.522287633659648
1721573108075,1.522287633659648
1721573109080,1.5233824108143836
1721573110070,1.522287633659648
1721573111072,1.5200980793501773
1721573112081,1.5200980793501773
1721573113083,1.5200980793501773
1721573114076,1.5200980793501773
1721573115096,1.5200980793501773
1721573116087,1.5200980793501773
1721573117079,1.5200980793501773
1721573118078,1.5179085250407063
1721573119089,1.5190033021954417
1721573120071,1.5179085250407063
1721573121072,1.5190033021954417
1721573122075,1.5157189707312353
1721573123075,1.5179085250407063
1721573124077,1.5179085250407063
1721573125082,1.5179085250407063
1721573126078,1.5179085250407063
1721573127091,1.5157189707312353
1721573128083,1.5157189707312353
1721573129079,1.5157189707312353
1721573130026,1.516813747885971
1721573131083,1.5157189707312353
1721573132081,1.5157189707312353
1721573133077,1.5146241935765
1721573134102,1.5146241935765
1721573135075,1.5129820278443968
1721573136090,1.5129820278443968
1721573137088,1.5146241935765
1721573138079,1.5129820278443968
1721573139025,1.5107924735349259
1721573140084,1.5129820278443968
1721573141081,1.5107924735349259
1721573142080,1.5129820278443968
1721573143098,1.5118872506896612
1721573144077,1.5107924735349259
1721573145080,1.5096976963801905
1721573146104,1.5107924735349259
1721573147073,1.5096976963801905
1721573148082,1.5086029192254549
1721573149045,1.5086029192254549
1721573150091,1.5075081420707195
1721573151081,1.5075081420707195
1721573152083,1.5086029192254549
1721573153084,1.5053185877612485
1721573154091,1.5053185877612485
1721573155086,1.5053185877612485
1721573156086,1.5042238106065131
1721573157091,1.5042238106065131
1721573158088,1.5042238106065131
1721573159100,1.5031290334517777
1721573160091,1.5020342562970421
1721573161091,1.5031290334517777
1721573162088,1.5031290334517777
1721573163090,1.5009394791423067
1721573164099,1.5020342562970421
1721573165080,1.5009394791423067
1721573166090,1.5009394791423067
1721573167085,1.5009394791423067
1721573168086,1.498749924832836
1721573169092,1.5009394791423067
1721573170087,1.498749924832836
1721573171103,1.4971077591007327
1721573172103,1.498202536255468
1721573173076,1.498202536255468
1721573174227,1.4971077591007327
1721573175085,1.4971077591007327
1721573176373,1.4960129819459973
1721573177403,1.4971077591007327
1721573178400,1.4971077591007327
1721573179303,1.4960129819459973
1721573181363,1.4938234276365263
1721573181363,1.4949182047912617
1721573182095,1.4960129819459973
1721573183148,1.4949182047912617
1721573184113,1.4949182047912617
1721573185118,1.4916338733270553
1721573186185,1.4916338733270553
1721573187114,1.4916338733270553
1721573188118,1.4916338733270553
1721573189333,1.4916338733270553
1721573190123,1.4916338733270553
1721573191083,1.4894443190175846
1721573192070,1.4894443190175846
1721573193080,1.4894443190175846
1721573194084,1.4894443190175846
1721573195086,1.4872547647081136
1721573196080,1.488349541862849
1721573197096,1.4894443190175846
1721573198087,1.4872547647081136
1721573199158,1.4894443190175846
1721573200102,1.488349541862849
1721573201076,1.4861599875533782
1721573202079,1.488349541862849
1721573203112,1.4861599875533782
1721573204090,1.4872547647081136
1721573205116,1.4839704332439072
1721573206076,1.4861599875533782
1721573207078,1.4834230446665395
1721573208085,1.4834230446665395
1721573209087,1.4823282675118041
1721573210076,1.4834230446665395
1721573211092,1.4861599875533782
1721573212129,1.4834230446665395
1721573213089,1.4823282675118041
1721573214089,1.4812334903570685
1721573215082,1.4823282675118041
1721573216074,1.4823282675118041
1721573217083,1.4801387132023331
1721573218089,1.4801387132023331
1721573219070,1.4801387132023331
1721573220079,1.4790439360475978
1721573221086,1.4790439360475978
1721573222076,1.4790439360475978
1721573223082,1.4757596045833914
1721573224083,1.4768543817381268
1721573225074,1.4790439360475978
1721573226154,1.4790439360475978
1721573227099,1.4768543817381268
1721573228078,1.4768543817381268
1721573229072,1.4768543817381268
1721573230035,1.4746648274286558
1721573231064,1.4757596045833914
1721573232067,1.4735700502739204
1721573233048,1.4735700502739204
1721573234066,1.4746648274286558
1721573235127,1.4790439360475978
1721573236087,1.4746648274286558
1721573237089,1.4746648274286558
1721573238077,1.4746648274286558
1721573239085,1.472475273119185
1721573240082,1.4713804959644494
1721573241088,1.4713804959644494
1721573242085,1.4713804959644494
1721573243087,1.4713804959644494
1721573244200,1.468643553077611
1721573245292,1.4735700502739204
1721573246100,1.472475273119185
1721573247573,1.468643553077611
1721573248144,1.46645399876814
1721573249313,1.46645399876814
1721573254347,1.4675487759228754
1721573254347,1.4675487759228754
1721573254406,1.46645399876814
1721573254406,1.4620748901491982
1721573254407,1.464264444458669
1721573255105,1.4609801129944626
1721573256549,1.4598853358397272
1721573257210,1.4598853358397272
1721573258199,1.4576957815302563
1721573259130,1.4576957815302563
1721573260076,1.4555062272207855
1721573261080,1.4549588386434178
1721573262070,1.4527692843339468
1721573263077,1.4538640614886822
1721573264090,1.4516745071792114
1721573265081,1.4516745071792114
1721573266033,1.4505797300244758
1721573267103,1.4516745071792114
1721573268095,1.448390175715005
1721573269075,1.4472953985602695
1721573270097,1.4472953985602695
1721573271079,1.446200621405534
1721573272083,1.4451058442507987
1721573273062,1.4451058442507987
1721573274070,1.446200621405534
1721573275083,1.444011067096063
1721573276085,1.4429162899413277
1721573277083,1.444011067096063
1721573278075,1.440726735631857
1721573279021,1.440179347054489
1721573280080,1.440179347054489
1721573281072,1.4390845698997536
1721573282020,1.4390845698997536
1721573283094,1.4379897927450183
1721573284069,1.4368950155902827
1721573285062,1.4379897927450183
1721573286063,1.4368950155902827
1721573287069,1.4368950155902827
1721573288019,1.4368950155902827
1721573289065,1.4336106841260763
1721573290085,1.4358002384355473
1721573291060,1.4358002384355473
1721573292063,1.4336106841260763
1721573293073,1.4336106841260763
1721573294060,1.432515906971341
1721573295024,1.4314211298166055
1721573296044,1.432515906971341
1721573297059,1.43032635266187
1721573298064,1.4314211298166055
1721573299073,1.43032635266187
1721573300019,1.4281367983523992
1721573301068,1.4281367983523992
1721573302074,1.4281367983523992
1721573303084,1.4281367983523992
1721573304094,1.4281367983523992
1721573305116,1.4292315755071345
1721573306099,1.4259472440429282
1721573307116,1.4259472440429282
1721573308114,1.4253998554655605
1721573309117,1.4253998554655605
1721573310114,1.4281367983523992
1721573311186,1.4253998554655605
1721573312116,1.4253998554655605
1721573313112,1.4253998554655605
1721573314112,1.424305078310825
1721573315112,1.4199259696918831
1721573316091,1.4232103011560895
1721573317108,1.422115524001354
1721573318113,1.4188311925371477
1721573319067,1.4232103011560895
1721573320110,1.4188311925371477
1721573321083,1.4199259696918831
1721573322072,1.4166416382276767
1721573323078,1.4177364153824124
1721573324068,1.4188311925371477
1721573325091,1.4166416382276767
1721573326113,1.4155468610729414
1721573327107,1.4155468610729414
1721573328105,1.4199259696918831
1721573329113,1.4177364153824124
1721573330111,1.4166416382276767
1721573331105,1.4166416382276767
1721573332111,1.4166416382276767
1721573333104,1.4155468610729414
1721573334106,1.4177364153824124
1721573335108,1.4177364153824124
1721573336102,1.4166416382276767
1721573337103,1.4166416382276767
1721573338111,1.414452083918206
1721573339136,1.4155468610729414
1721573340110,1.4155468610729414
1721573341105,1.414452083918206
1721573342172,1.414452083918206
1721573343103,1.414452083918206
1721573344107,1.414452083918206
1721573345119,1.4111677524539996
1721573346107,1.412262529608735
1721573347126,1.4111677524539996
1721573348100,1.4111677524539996
1721573349108,1.4111677524539996
1721573350111,1.410620363876632
1721573351102,1.410620363876632
1721573352105,1.410620363876632
1721573353141,1.4095255867218963
1721573354121,1.4095255867218963
1721573355108,1.4095255867218963
1721573356117,1.410620363876632
1721573357118,1.4095255867218963
1721573358119,1.4095255867218963
1721573359121,1.4095255867218963
1721573360121,1.410620363876632
1721573361100,1.4095255867218963
1721573362115,1.4051464781029546
1721573363116,1.410620363876632
1721573364107,1.4095255867218963
1721573365110,1.4095255867218963
1721573366142,1.408430809567161
1721573367105,1.4040517009482192
1721573368139,1.408430809567161
1721573369116,1.4051464781029546
1721573370111,1.4051464781029546
1721573371108,1.4051464781029546
1721573372113,1.4040517009482192
1721573373107,1.4051464781029546
1721573374110,1.4073360324124256
1721573375112,1.4051464781029546
1721573376108,1.4051464781029546
1721573377117,1.4073360324124256
1721573378114,1.4040517009482192
1721573379111,1.4073360324124256
1721573380111,1.4040517009482192
1721573381116,1.4051464781029546
1721573382103,1.4040517009482192
1721573383132,1.4040517009482192
1721573384217,1.4040517009482192
1721573385103,1.4040517009482192
1721573386109,1.4029569237934836
1721573387121,1.4029569237934836
1721573388072,1.4029569237934836
1721573389077,1.4040517009482192
1721573390113,1.4029569237934836
1721573391104,1.4029569237934836
1721573392075,1.4018621466387482
1721573393100,1.4018621466387482
1721573394104,1.4029569237934836
1721573395156,1.4040517009482192
1721573396113,1.4018621466387482
1721573397131,1.4018621466387482
1721573398111,1.4018621466387482
1721573399129,1.4051464781029546
1721573400101,1.4029569237934836
1721573401125,1.4029569237934836
1721573402123,1.4040517009482192
1721573403108,1.4029569237934836
1721573404121,1.4040517009482192
1721573405112,1.4029569237934836
1721573406108,1.4018621466387482
1721573407107,1.4029569237934836
1721573408054,1.4073360324124256
1721573409125,1.4051464781029546
1721573410108,1.4029569237934836
1721573411117,1.4051464781029546
1721573412105,1.4040517009482192
1721573413109,1.4051464781029546
1721573414134,1.4040517009482192
1721573415107,1.4040517009482192
1721573416112,1.4040517009482192
1721573417112,1.4051464781029546
1721573418183,1.4073360324124256
1721573419125,1.4051464781029546
1721573420113,1.4051464781029546
1721573421105,1.408430809567161
1721573422113,1.408430809567161
1721573423113,1.4073360324124256
1721573424100,1.408430809567161
1721573425126,1.4095255867218963
1721573426118,1.4095255867218963
1721573427108,1.4095255867218963
1721573428110,1.4095255867218963
1721573429121,1.410620363876632
1721573430105,1.410620363876632
1721573431110,1.4111677524539996
1721573432133,1.412262529608735
1721573433124,1.4111677524539996
1721573434128,1.412262529608735
1721573435114,1.412262529608735
1721573436119,1.414452083918206
1721573437109,1.414452083918206
1721573438117,1.414452083918206
1721573439107,1.4166416382276767
1721573440033,1.4155468610729414
1721573441114,1.4166416382276767
1721573442125,1.4155468610729414
1721573443107,1.4166416382276767
1721573444081,1.4188311925371477
1721573445071,1.4177364153824124
1721573446129,1.4188311925371477
1721573447113,1.4199259696918831
1721573448102,1.4188311925371477
1721573449109,1.4177364153824124
1721573450121,1.4232103011560895
1721573451105,1.422115524001354
1721573452111,1.422115524001354
1721573453114,1.4232103011560895
1721573454106,1.4232103011560895
1721573455076,1.4253998554655605
1721573456081,1.424305078310825
1721573457032,1.424305078310825
1721573458118,1.4232103011560895
1721573459122,1.4292315755071345
1721573460105,1.4292315755071345
1721573461108,1.4253998554655605
1721573462116,1.4259472440429282
1721573463101,1.43032635266187
1721573464109,1.4281367983523992
1721573465115,1.43032635266187
1721573466103,1.4314211298166055
1721573467112,1.4292315755071345
1721573468118,1.4281367983523992
1721573469104,1.43032635266187
1721573470111,1.4292315755071345
1721573471108,1.4314211298166055
1721573472121,1.432515906971341
1721573473111,1.432515906971341
1721573474120,1.43032635266187
1721573475075,1.43032635266187
1721573476072,1.432515906971341
1721573477126,1.4314211298166055
1721573478070,1.4336106841260763
1721573479108,1.4314211298166055
1721573480117,1.4358002384355473
1721573481121,1.4358002384355473
1721573482113,1.4336106841260763
1721573483117,1.4336106841260763
1721573484102,1.4358002384355473
1721573485114,1.3950621875739861
1721573486082,1.390813806340415
1721573487116,1.396124282882379
1721573488092,1.3929379969572007
1721573489117,1.3950621875739861
1721573490105,1.3929379969572007
1721573491113,1.3940000922655933
1721573492130,1.396124282882379
1721573493114,1.3940000922655933
1721573494111,1.3950621875739861
1721573495111,1.3950621875739861
1721573496105,1.3971863781907718
1721573497111,1.396124282882379
1721573498116,1.396124282882379
1721573499104,1.396124282882379
1721573500106,1.3971863781907718
1721573501133,1.3971863781907718
1721573502101,1.3977174258449683
1721573503138,1.399841616461754
1721573504109,1.4019658070785397
1721573505103,1.399841616461754
1721573506108,1.399841616461754
1721573507116,1.4009037117701468
1721573508107,1.4019658070785397
1721573509091,1.4019658070785397
1721573510143,1.4051520930037182
1721573511107,1.4051520930037182
1721573512106,1.4051520930037182
1721573513117,1.4030279023869325
1721573514104,1.4051520930037182
1721573515109,1.4040899976953254
1721573516113,1.4072762836205037
1721573517107,1.4104625695456823
1721573518141,1.4072762836205037
1721573519129,1.4072762836205037
1721573520070,1.4083383789288966
1721573521138,1.4083383789288966
1721573522113,1.4083383789288966
1721573523108,1.4083383789288966
1721573524114,1.4094004742372894
1721573525148,1.4083383789288966
1721573526345,1.4094004742372894
1721573527142,1.4094004742372894
1721573528133,1.4115246648540751
1721573529110,1.4094004742372894
1721573530110,1.4094004742372894
1721573531129,1.4104625695456823
1721573532235,1.4115246648540751
1721573533154,1.4104625695456823
1721573534165,1.4115246648540751
1721573535201,1.4115246648540751
1721573536586,1.4120557125082716
1721573537113,1.4115246648540751
1721573538071,1.4141799031250573
1721573539091,1.4120557125082716
1721573540080,1.41524199843345
1721573541071,1.41524199843345
1721573542075,1.41524199843345
1721573543079,1.4173661890502358
1721573544098,1.416304093741843
1721573545119,1.4141799031250573
1721573546109,1.416304093741843
1721573547110,1.4184282843586287
1721573548110,1.4173661890502358
1721573549113,1.416304093741843
1721573550068,1.41524199843345
1721573551090,1.4184282843586287
1721573552117,1.4184282843586287
1721573553106,1.4205524749754141
1721573554261,1.4205524749754141
1721573556145,1.4205524749754141
1721573556146,1.4184282843586287
1721573557151,1.421614570283807
1721573558080,1.421614570283807
1721573559118,1.421614570283807
1721573560123,1.421614570283807
1721573561111,1.4226766655921999
1721573562105,1.4237387609005927
1721573563146,1.4184282843586287
1721573564116,1.4226766655921999
1721573565107,1.4226766655921999
1721573566136,1.4248008562089856
1721573567115,1.4237387609005927
1721573568108,1.4237387609005927
1721573569112,1.4226766655921999
1721573570117,1.4248008562089856
1721573571112,1.4237387609005927
1721573572077,1.4248008562089856
1721573573080,1.4237387609005927
1721573574073,1.4237387609005927
1721573575077,1.4237387609005927
1721573576078,1.4226766655921999
1721573577072,1.4248008562089856
1721573578110,1.4248008562089856
1721573579113,1.4248008562089856
1721573580104,1.4248008562089856
1721573581110,1.4237387609005927
1721573582115,1.4248008562089856
1721573583101,1.4248008562089856
1721573584108,1.4285181897883605
1721573585038,1.4258629515173784
1721573586109,1.4248008562089856
1721573587034,1.4274560944799677
1721573588115,1.4258629515173784
1721573589101,1.4274560944799677
1721573590111,1.4285181897883605
1721573591079,1.4295802850967534
1721573592071,1.4285181897883605
1721573593116,1.4285181897883605
1721573594115,1.4285181897883605
1721573595105,1.4295802850967534
1721573596125,1.4295802850967534
1721573597133,1.4295802850967534
1721573598108,1.4317044757135389
1721573599073,1.4295802850967534
1721573600082,1.4295802850967534
1721573601126,1.4306423804051462
1721573602108,1.4306423804051462
1721573603115,1.4317044757135389
1721573604121,1.4317044757135389
1721573605111,1.4306423804051462
1721573606050,1.4306423804051462
1721573607133,1.4306423804051462
1721573608106,1.4317044757135389
1721573609111,1.4317044757135389
1721573610123,1.4295802850967534
1721573611109,1.4348907616387174
1721573612112,1.4317044757135389
1721573613135,1.4317044757135389
1721573614110,1.4317044757135389
1721573615112,1.4359528569471103
1721573616113,1.4359528569471103
1721573617119,1.4348907616387174
1721573618128,1.438077047563896
1721573619123,1.4370149522555031
1721573620114,1.4370149522555031
1721573621116,1.4370149522555031
1721573622119,1.4348907616387174
1721573623105,1.4327665710219317
1721573624107,1.4370149522555031
1721573625120,1.4348907616387174
1721573626108,1.4359528569471103
1721573627134,1.438077047563896
1721573628105,1.4391391428722888
1721573629075,1.4359528569471103
1721573630116,1.4391391428722888
1721573631103,1.4359528569471103
1721573632109,1.4428564764516638
1721573633125,1.4370149522555031
1721573634133,1.4391391428722888
1721573635112,1.4348907616387174
1721573636117,1.4391391428722888
1721573637119,1.4370149522555031
1721573638108,1.4391391428722888
1721573639279,1.4391391428722888
1721573640116,1.4370149522555031
1721573641171,1.4391391428722888
1721573642201,1.441794381143271
1721573643139,1.438077047563896
1721573644170,1.441794381143271
1721573645135,1.441794381143271
1721573646119,1.441794381143271
1721573647109,1.4391391428722888
1721573648118,1.441794381143271
1721573649199,1.4396701905264853
1721573650119,1.4428564764516638
1721573651114,1.4396701905264853
1721573652135,1.4396701905264853
1721573653125,1.441794381143271
1721573654159,1.4428564764516638
1721573655116,1.4391391428722888
1721573656141,1.4428564764516638
1721573657115,1.441794381143271
1721573658134,1.4428564764516638
1721573659109,1.441794381143271
1721573660132,1.4439185717600564
1721573661121,1.4428564764516638
1721573662110,1.4439185717600564
1721573663126,1.4439185717600564
1721573664119,1.4428564764516638
1721573665114,1.441794381143271
1721573666126,1.4449806670684493
1721573667127,1.4391391428722888
1721573668141,1.447104857685235
1721573669116,1.4428564764516638
1721573670117,1.4449806670684493
1721573671123,1.441794381143271
1721573672147,1.4460427623768422
1721573673118,1.4460427623768422
1721573674111,1.4428564764516638
1721573675146,1.4439185717600564
1721573676145,1.4492290483020207
1721573677187,1.441794381143271
1721573678112,1.447104857685235
1721573679115,1.4513532389188064
1721573680108,1.447104857685235
1721573681129,1.4449806670684493
1721573682116,1.4439185717600564
1721573683184,1.4460427623768422
1721573684112,1.4460427623768422
1721573685147,1.447104857685235
1721573686116,1.447104857685235
1721573687111,1.447104857685235
1721573688085,1.447104857685235
1721573689075,1.4492290483020207
1721573690081,1.447104857685235
1721573691124,1.4524153342271993
1721573692085,1.4502911436104136
1721573693188,1.4460427623768422
1721573694122,1.447104857685235
1721573695305,1.4513532389188064
1721573696536,1.4492290483020207
1721573697465,1.4492290483020207
1721573698661,1.4492290483020207
1721573699453,1.4502911436104136
1721573700676,1.4502911436104136
1721573701469,1.4502911436104136
1721573705057,1.4492290483020207
1721573705057,1.4534774295355921
1721573705058,1.4534774295355921
1721573705513,1.4492290483020207
1721573706865,1.4534774295355921
1721573707048,1.4534774295355921
1721573708128,1.4502911436104136
1721573709122,1.4502911436104136
1721573710242,1.4502911436104136
1721573711126,1.4502911436104136
1721573712085,1.4534774295355921
1721573713112,1.4502911436104136
1721573714117,1.4513532389188064
1721573715174,1.4513532389188064
1721573716124,1.4524153342271993
1721573717118,1.4561326678065742
1721573718122,1.4571947631149669
1721573719110,1.4571947631149669
1721573720156,1.4561326678065742
1721573721177,1.4582568584233597
1721573722107,1.4582568584233597
1721573723176,1.4571947631149669
1721573724131,1.4513532389188064
1721573725154,1.4582568584233597
1721573726225,1.4571947631149669
1721573727129,1.4513532389188064
1721573728107,1.4492290483020207
1721573729173,1.4524153342271993
1721573730120,1.4492290483020207
1721573731124,1.4460427623768422
1721573732216,1.4460427623768422
1721573733169,1.4428564764516638
1721573734179,1.4524153342271993
1721573735127,1.4449806670684493
1721573736149,1.438077047563896
1721573737122,1.4449806670684493
1721573738203,1.4370149522555031
1721573739266,1.4439185717600564
1721573740227,1.4391391428722888
1721573741172,1.4391391428722888
1721573742240,1.4396701905264853
1721573743150,1.441794381143271
1721573744166,1.4396701905264853
1721573745101,1.438077047563896
1721573746069,1.438077047563896
1721573747038,1.441794381143271
1721573748157,1.4396701905264853
1721573749152,1.438077047563896
1721573750170,1.4396701905264853
1721573751165,1.438077047563896
1721573752199,1.4391391428722888
1721573753145,1.438077047563896
1721573754193,1.4249477950712444
1721573755128,1.4275768500437005
1721573756390,1.4249477950712444
1721573757281,1.4275768500437005
1721573758123,1.4254736060657356
1721573759111,1.4249477950712444
1721573760135,1.4275768500437005
1721573761201,1.4254736060657356
1721573762178,1.4249477950712444
1721573763192,1.4249477950712444
1721573764167,1.4254736060657356
1721573765157,1.428628472032683
1721573766161,1.4254736060657356
1721573767112,1.4254736060657356
1721573768197,1.4254736060657356
1721573769134,1.4249477950712444
1721573770156,1.4249477950712444
1721573771232,1.4249477950712444
1721573772117,1.4254736060657356
1721573773182,1.4254736060657356
1721573774156,1.4254736060657356
1721573775298,1.4254736060657356
1721573776106,1.4249477950712444
1721573777251,1.4254736060657356
1721573778153,1.4254736060657356
1721573779254,1.4254736060657356
1721573780128,1.4254736060657356
1721573781174,1.4275768500437005
1721573782100,1.423896173082262
1721573783096,1.4254736060657356
1721573784083,1.4254736060657356
1721573785256,1.4275768500437005
1721573786335,1.4254736060657356
1721573787083,1.428628472032683
1721573788326,1.4275768500437005
1721573789237,1.428628472032683
1721573790151,1.428628472032683
1721573791132,1.428628472032683
1721573792049,1.4275768500437005
1721573793080,1.4249477950712444
1721573794193,1.4275768500437005
1721573795074,1.4249477950712444
1721573796078,1.4249477950712444
1721573797066,1.4249477950712444
1721573798072,1.4249477950712444
1721573799078,1.4249477950712444
1721573800028,1.4254736060657356
1721573801074,1.4254736060657356
1721573802078,1.4249477950712444
1721573803082,1.4254736060657356
1721573804073,1.4254736060657356
1721573805078,1.4254736060657356
1721573806078,1.4254736060657356
1721573807079,1.4249477950712444
1721573808084,1.4249477950712444
1721573809074,1.4249477950712444
1721573810073,1.4275768500437005
1721573811093,1.4254736060657356
1721573812157,1.423896173082262
1721573813076,1.4254736060657356
1721573814083,1.4254736060657356
1721573815099,1.4249477950712444
1721573816092,1.4249477950712444
1721573817097,1.4254736060657356
1721573818089,1.423896173082262
1721573819078,1.4249477950712444
1721573820037,1.4249477950712444
1721573821062,1.4249477950712444
1721573822082,1.423896173082262
1721573823086,1.423896173082262
1721573824090,1.4249477950712444
1721573825154,1.4249477950712444
1721573826116,1.4249477950712444
1721573827086,1.423896173082262
1721573828074,1.423896173082262
1721573829086,1.4249477950712444
1721573830091,1.4249477950712444
1721573831096,1.4228445510932795
1721573832117,1.4228445510932795
1721573833108,1.423896173082262
1721573834084,1.4228445510932795
1721573835085,1.4228445510932795
1721573836106,1.4228445510932795
1721573837083,1.423896173082262
1721573838066,1.423896173082262
1721573839046,1.421792929104297
1721573841018,1.421792929104297
1721573841038,1.4228445510932795
1721573842130,1.4228445510932795
1721573843074,1.421792929104297
1721573844138,1.421792929104297
1721573845535,1.4207413071153145
1721573846268,1.4207413071153145
1721573847144,1.421792929104297
1721573848360,1.421792929104297
1721573851678,1.421792929104297
1721573851705,1.4207413071153145
1721573851707,1.4186380631373496
1721573852098,1.4186380631373496
1721573853087,1.4207413071153145
1721573854093,1.421792929104297
1721573855148,1.421792929104297
1721573856144,1.4186380631373496
1721573857149,1.4175864411483672
1721573858109,1.4175864411483672
1721573859104,1.4186380631373496
1721573860111,1.4186380631373496
1721573861119,1.4175864411483672
1721573862209,1.4175864411483672
1721573863135,1.4175864411483672
1721573864101,1.4186380631373496
1721573865413,1.415483197170402
1721573866108,1.4175864411483672
1721573867107,1.415483197170402
1721573868109,1.415483197170402
1721573869117,1.4165348191593847
1721573870119,1.4144315751814196
1721573871102,1.4165348191593847
1721573872146,1.4133799531924371
1721573873161,1.415483197170402
1721573874172,1.4144315751814196
1721573875101,1.4144315751814196
1721573876171,1.415483197170402
1721573877098,1.4144315751814196
1721573878088,1.4133799531924371
1721573879120,1.4133799531924371
1721573880104,1.4118025202089635
1721573881149,1.4118025202089635
1721573882454,1.4133799531924371
1721573883725,1.4118025202089635
1721573884135,1.410750898219981
1721573885108,1.410750898219981
1721573886247,1.4118025202089635
1721573887132,1.410750898219981
1721573888487,1.410750898219981
1721573892897,0.0
1721573899087,1.4075960322530336
1721573899088,1.408647654242016
1721573900119,1.4075960322530336
1721573901067,1.4075960322530336
1721573902060,1.4075960322530336
1721573903230,1.4075960322530336
1721573904125,1.4075960322530336
1721573905102,1.408647654242016
1721573906107,1.4065444102640512
1721573907082,1.4065444102640512
1721573908086,1.4065444102640512
1721573909053,1.4065444102640512
1721573910098,1.4065444102640512
1721573912258,1.4044411662860863
1721573912271,1.4033895442971038
1721573913080,1.4044411662860863
1721573914386,1.4044411662860863
1721573915089,1.4033895442971038
1721573916081,1.4033895442971038
1721573917114,1.4033895442971038
1721573918092,1.401286300319139
1721573919082,1.4033895442971038
1721573920101,1.4023379223081214
1721573921164,1.401286300319139
1721573922114,1.4033895442971038
1721573923045,1.401286300319139
1721573924950,1.401286300319139
1721573925688,1.4002346783301565
1721573926415,1.4002346783301565
1721573927091,1.4002346783301565
1721573928294,1.401286300319139
1721573929226,1.3981314343521913
1721573930397,1.3976056233577
1721573931193,1.4002346783301565
1721573933623,1.3981314343521913
1721573933632,1.3976056233577
1721573934132,1.3976056233577
1721573935139,1.3976056233577
1721573936123,1.3976056233577
1721573937143,1.3976056233577
1721573938184,1.3955023793797352
1721573939109,1.3965540013687177
1721573940115,1.3955023793797352
1721573941122,1.3944507573907527
1721573942258,1.3955023793797352
1721573943131,1.3944507573907527
1721573944169,1.3944507573907527
1721573945147,1.3944507573907527
1721573946120,1.3955023793797352
1721573947133,1.3944507573907527
1721573948254,1.3944507573907527
1721573949131,1.3944507573907527
1721573950167,1.3944507573907527
1721573951219,1.3933991354017703
1721573952147,1.3933991354017703
1721573953133,1.3933991354017703
1721573954460,1.3912958914238054
1721573955293,1.390244269434823
1721573957492,1.390244269434823
1721573957493,1.3912958914238054
1721573958151,1.3933991354017703
1721573959332,1.3912958914238054
1721573960126,1.390244269434823
1721573961848,1.390244269434823
1721573962204,1.390244269434823
1721573963139,1.3891926474458405
1721573964150,1.3912958914238054
1721573965446,1.388141025456858
1721573966858,1.388141025456858
1721573967324,1.388141025456858
1721573968111,1.388141025456858
1721573969255,1.388141025456858
1721573970182,1.388141025456858
1721573971904,1.3891926474458405
1721573972559,1.388141025456858
1721573973100,1.388141025456858
1721573974150,1.3870894034678756
1721573975132,1.3870894034678756
1721573976166,1.3870894034678756
1721573977334,1.3860377814788931
1721573978089,1.3839345375009282
1721573979115,1.3860377814788931
1721573980283,1.3839345375009282
1721573981481,1.3839345375009282
1721573982115,1.3839345375009282
1721573983107,1.3839345375009282
1721573984155,1.383408726506437
1721573985902,1.383408726506437
1721573986514,1.383408726506437
1721573988681,1.383408726506437
1721573988682,1.3823571045174543
1721573989373,1.383408726506437
1721573990212,1.3823571045174543
1721573991213,1.3823571045174543
1721573992107,1.3823571045174543
1721573993176,1.3802538605394894
1721573994379,1.3813054825284719
1721573995231,1.3802538605394894
1721573996773,1.3813054825284719
1721573997182,1.3802538605394894
1721574001340,0.0
1721574008058,1.3739441286055947
1721574012058,1.3739441286055947
1721574016058,1.3728925066166122
1721574020058,1.3697376406496649
1721574024058,1.3681602076661912
1721574028058,1.3671085856772087
1721574031415,0.0
1721574032058,1.366056963688226
1721574036058,1.366056963688226
1721574040058,1.3629020977212787
1721574044058,1.3597472317543313
1721574048058,1.3607988537433138
1721574052058,1.3586956097653489
1721574056058,1.3555407437984015
1721574060058,1.3550149328039103
1721574061490,0.0
1721574064058,1.3550149328039103
1721574068058,1.351860066836963
1721574072058,1.351860066836963
1721574076058,1.3476535788810329
1721574080058,1.3466019568920504
1721574084058,1.345550334903068
1721574088058,1.345550334903068
1721574092058,1.340818035952647
1721574092739,0.0
1721574096058,1.3397664139636645
1721574100058,1.3418696579416294
1721574104058,1.340818035952647
1721574108058,1.3397664139636645
1721574112058,1.340818035952647
1721574116058,1.340818035952647
1721574120058,1.340818035952647
1721574122783,0.0
1721574124058,1.340818035952647
1721574128058,1.3418696579416294
1721574132058,1.3418696579416294
1721574136058,1.3418696579416294
1721574140058,1.3423954689361206
1721574144058,1.3444987129140855
1721574148058,1.3466019568920504
1721574152058,1.3444987129140855
1721574153733,0.0
1721574156058,1.3423954689361206
1721574160058,1.345550334903068
1721574164058,1.3397664139636645
1721574168058,1.3397664139636645
1721574172058,1.3397664139636645
1721574176058,1.3376631699856996
1721574180058,1.3376631699856996
1721574184058,1.3376631699856996
1721574184721,0.0
1721574188058,1.3355599260077347
1721574192058,1.332405060040787
1721574196058,1.3334566820297695
1721574200058,1.3345083040187522
1721574204058,1.3345083040187522
1721574208058,1.3345083040187522
1721574212058,1.3345083040187522
1721574215735,0.0
1721574216058,1.3355599260077347
1721574220058,1.3345083040187522
1721574224058,1.3345083040187522
1721574228058,1.3355599260077347
1721574232058,1.3355599260077347
1721574236058,1.3355599260077347
1721574240058,1.3376631699856996
1721574244058,1.338714791974682
1721574246727,0.0
1721574248058,1.3397664139636645
1721574252058,1.340818035952647
1721574256058,1.3418696579416294
1721574260058,1.3418696579416294
1721574264058,1.3423954689361206
1721574268058,1.3444987129140855
1721574272058,1.3466019568920504
1721574276058,1.3466019568920504
1721574277727,0.0
1721574280058,1.3476535788810329
1721574284058,1.351860066836963
1721574288058,1.351860066836963
1721574292058,1.3529116888259454
1721574296058,1.3555407437984015
1721574300058,1.3555407437984015
1721574304058,1.356592365787384
1721574307772,0.0
1721574308058,1.3586956097653489
1721574312058,1.3586956097653489
1721574316058,1.3607988537433138
1721574320058,1.3618504757322962
1721574324058,1.3639537197102611
1721574328058,1.366056963688226
1721574332058,1.366056963688226
1721574336058,1.3681602076661912
1721574338720,0.0
1721574340058,1.3671085856772087
1721574344058,1.3681602076661912
1721574348058,1.3692118296551736
1721574352058,1.3692118296551736
1721574356058,1.3718408846276298
1721574360058,1.3697376406496649
1721574364058,1.3728925066166122
1721574368058,1.3739441286055947
1721574369727,0.0
1721574372058,1.3739441286055947
1721574376058,1.3739441286055947
1721574380058,1.3728925066166122
1721574384058,1.3728925066166122
1721574388058,1.3739441286055947
1721574392058,1.3749957505945771
1721574396058,1.3749957505945771
1721574400058,1.3760473725835596
1721574400731,0.0
1721574404058,1.3749957505945771
1721574408058,1.3760473725835596
1721574412058,1.3749957505945771
1721574414207,0.0
1721574415243,0.0
1721574416058,1.377098994572542
1721574420058,1.377098994572542
1721574424058,1.3760473725835596
1721574446730,0.0
1721574462058,1.3760473725835596
1721574466058,1.3760473725835596
1721574470058,1.3760473725835596
1721574474058,1.379202238550507
1721574476766,0.0
1721574478058,1.379202238550507
1721574482058,1.379202238550507
1721574486058,1.379202238550507
1721574490058,1.379202238550507
1721574494058,1.377098994572542
1721574498058,1.377098994572542
1721574502058,1.377098994572542
1721574506058,1.379202238550507
1721574507349,0.0
1721574510058,1.3760473725835596
1721574514058,1.377098994572542
1721574514064,1.3760473725835596
1721574515109,1.3749957505945771
1721574516119,1.3354200549437694
1721574517290,1.3354200549437694
1721574518102,1.3364414087142809
1721574519085,1.3354200549437694
1721574520056,1.3364414087142809
1721574521061,1.3374627624847923
1721574522361,1.3364414087142809
1721574524057,1.3364414087142809
1721574524073,1.3364414087142809
1721574525093,1.3364414087142809
1721574526321,1.3354200549437694
1721574528892,1.3343987011732579
1721574528893,1.3354200549437694
1721574529220,1.3354200549437694
1721574530151,1.3364414087142809
1721574531244,1.3364414087142809
1721574532371,1.3364414087142809
1721574533120,1.3364414087142809
1721574534098,1.3354200549437694
1721574535119,1.3364414087142809
1721574536111,1.3364414087142809
1721574537099,1.3364414087142809
1721574538109,1.3364414087142809
1721574539125,1.3354200549437694
1721574540095,1.3354200549437694
1721574541165,1.3364414087142809
1721574542123,1.3354200549437694
1721574543144,1.3343987011732579
1721574549456,1.3354200549437694
1721574549456,1.3343987011732579
1721574549458,1.3364414087142809
1721574549459,1.3354200549437694
1721574549461,1.3364414087142809
1721574549461,1.3343987011732579
1721574550099,1.3354200549437694
1721574554268,1.3343987011732579
1721574554269,1.332355993632235
1721574554270,1.3333773474027464
1721574554271,1.3354200549437694
1721574555246,1.332355993632235
1721574556309,1.3343987011732579
1721574561238,0.0
1721574565269,1.332355993632235
1721574569269,1.332355993632235
1721574573269,1.332355993632235
1721574577269,1.332355993632235
1721574581269,1.332355993632235
1721574585269,1.332355993632235
1721574589269,1.3298026092059563
1721574592765,0.0
1721574593269,1.330313286091212
1721574597269,1.3287812554354448
1721574601269,1.3277599016649333
1721574605269,1.3277599016649333
1721574609269,1.3267385478944218
1721574613269,1.3267385478944218
1721574617269,1.3246958403533988
1721574621269,1.3267385478944218
1721574623761,0.0
1721574625269,1.3246958403533988
1721574630269,1.3236744865828873
1721574634269,1.3216317790418644
1721574638269,1.3206104252713529
1721574642269,1.3206104252713529
1721574646269,1.316525010189307
1721574650269,1.3195890715008414
1721574653864,0.0
1721574654269,1.316525010189307
1721574658269,1.316014333304051
1721574662269,1.316014333304051
1721574666269,1.3149929795335396
1721574670269,1.3129502719925166
1721574674269,1.3109075644514936
1721574678269,1.3109075644514936
1721574683952,0.0
1721574709269,1.3088648569104706
1721574709273,1.302226057402146
1721574710082,1.302226057402146
1721574711177,1.302226057402146
1721574712107,1.3032474111726575
1721574713283,1.3012047036316345
1721574714363,1.300183349861123
1721574715059,1.2991619960906116
1721574716222,1.300183349861123
1721574717099,1.300183349861123
1721574718164,1.300183349861123
1721574719187,1.300183349861123
1721574720154,1.2991619960906116
1721574721167,1.2991619960906116
1721574722165,1.2991619960906116
1721574723156,1.2971192885495886
1721574724199,1.2971192885495886
1721574725162,1.2971192885495886
1721574726196,1.2971192885495886
1721574727150,1.296097934779077
1721574728193,1.2971192885495886
1721574729171,1.296097934779077
1721574730163,1.296097934779077
1721574731201,1.2950765810085656
1721574732406,1.2950765810085656
1721574733158,1.2950765810085656
1721574734175,1.296097934779077
1721574735179,1.294055227238054
1721574736252,1.2950765810085656
1721574737185,1.2930338734675426
1721574738191,1.2930338734675426
1721574739170,1.294055227238054
1721574740108,1.2920125196970311
1721574741117,1.2930338734675426
1721574742172,1.2920125196970311
1721574743179,1.2930338734675426
1721574744122,1.2920125196970311
1721574745182,1.2920125196970311
1721574746193,1.2920125196970311
1721574747112,1.2920125196970311
1721574748170,1.2899698121560081
1721574749164,1.2899698121560081
1721574750166,1.2894591352707525
1721574751150,1.2920125196970311
1721574752173,1.2894591352707525
1721574753147,1.2894591352707525
1721574754155,1.2894591352707525
1721574755157,1.288437781500241
1721574756138,1.288437781500241
1721574757167,1.288437781500241
1721574758156,1.288437781500241
1721574759149,1.2874164277297295
1721574760165,1.2874164277297295
1721574761205,1.2874164277297295
1721574762147,1.286395073959218
1721574763166,1.2874164277297295
1721574764118,1.286395073959218
1721574765110,1.286395073959218
1721574766097,1.286395073959218
1721574767199,1.284352366418195
1721574768162,1.284352366418195
1721574769152,1.2833310126476836
1721574770160,1.284352366418195
1721574771148,1.284352366418195
1721574772187,1.284352366418195
1721574773105,1.2833310126476836
1721574774093,1.2833310126476836
1721574775125,1.2833310126476836
1721574776154,1.282309658877172
1721574777169,1.282309658877172
1721574778152,1.282309658877172
1721574779153,1.282309658877172
1721574780170,1.282309658877172
1721574781194,1.2812883051066606
1721574782163,1.280266951336149
1721574783155,1.280266951336149
1721574784223,1.2812883051066606
1721574785162,1.2812883051066606
1721574786153,1.280266951336149
1721574787150,1.280266951336149
1721574788165,1.280266951336149
1721574789532,1.2792455975656376
1721574790103,1.2792455975656376
1721574791111,1.2772028900246146
1721574792130,1.2792455975656376
1721574793207,1.2772028900246146
1721574794191,1.2772028900246146
1721574795286,1.2772028900246146
1721574796200,1.2761815362541031
1721574797156,1.2761815362541031
1721574798144,1.2761815362541031
1721574799152,1.2761815362541031
1721574800160,1.2761815362541031
1721574801160,1.2761815362541031
1721574802182,1.2746495055983358
1721574803173,1.2756708593688473
1721574804560,1.2756708593688473
1721574805177,1.2761815362541031
1721574806219,1.2746495055983358
1721574807166,1.2746495055983358
1721574808160,1.2746495055983358
1721574809175,1.2746495055983358
1721574810308,1.2746495055983358
1721574811308,1.2736281518278245
1721574812210,1.2746495055983358
1721574813230,1.2736281518278245
1721574814158,1.2746495055983358
1721574815160,1.272606798057313
1721574816174,1.272606798057313
1721574817153,1.272606798057313
1721574818258,1.27056409051629
1721574819113,1.272606798057313
1721574820131,1.27056409051629
1721574821179,1.272606798057313
1721574822185,1.27056409051629
1721574823198,1.2695427367457786
1721574824174,1.27056409051629
1721574825215,1.268521382975267
1721574826194,1.2695427367457786
1721574827670,1.2695427367457786
1721574828337,1.27056409051629
1721574829570,1.268521382975267
1721574830105,1.268521382975267
1721574831179,1.2675000292047556
1721574832161,1.2675000292047556
1721574833193,1.266478675434244
1721574834171,1.266478675434244
1721574835164,1.2675000292047556
1721574836363,1.2654573216637326
1721574837189,1.266478675434244
1721574838165,1.266478675434244
1721574839157,1.2654573216637326
1721574840167,1.2634146141227096
1721574841161,1.2634146141227096
1721574842161,1.2634146141227096
1721574843177,1.2634146141227096
1721574844181,1.2634146141227096
1721574845417,1.2623932603521981
1721574846232,1.2623932603521981
1721574847176,1.2623932603521981
1721574848161,1.2618825834669423
1721574849203,1.2623932603521981
1721574850157,1.2623932603521981
1721574851163,1.2623932603521981
1721574852162,1.2618825834669423
1721574853161,1.2618825834669423
1721574854172,1.2608612296964308
1721574855192,1.2608612296964308
1721574856158,1.2618825834669423
1721574857170,1.2598398759259193
1721574858169,1.2598398759259193
1721574859158,1.2608612296964308
1721574860183,1.2598398759259193
1721574861167,1.2598398759259193
1721574862151,1.2588185221554078
1721574863171,1.2588185221554078
1721574864180,1.2567758146143848
1721574865102,1.2588185221554078
1721574866108,1.2567758146143848
1721574867172,1.2567758146143848
1721574868161,1.2588185221554078
1721574869159,1.2567758146143848
1721574870179,1.2567758146143848
1721574871156,1.2567758146143848
1721574872169,1.2557544608438733
1721574873172,1.2547331070733618
1721574874163,1.2557544608438733
1721574875163,1.2547331070733618
1721574876167,1.2557544608438733
1721574877169,1.2537117533028503
1721574878161,1.2547331070733618
1721574879162,1.2547331070733618
1721574880247,1.2537117533028503
1721574881254,1.2547331070733618
1721574882200,1.2547331070733618
1721574883157,1.2526903995323388
1721574884163,1.2526903995323388
1721574885187,1.2506476919913159
1721574886173,1.2506476919913159
1721574887186,1.2506476919913159
1721574888170,1.2526903995323388
1721574889193,1.2506476919913159
1721574890204,1.2506476919913159
1721574891179,1.2506476919913159
1721574892204,1.2496263382208044
1721574893319,1.2486049844502929
1721574894115,1.2486049844502929
1721574895216,1.2496263382208044
1721574896682,1.2506476919913159
1721574897336,1.2480943075650373
1721574898352,1.2486049844502929
1721574899225,1.2480943075650373
1721574900555,1.2470729537945258
1721574901643,1.2480943075650373
1721574902250,1.2460516000240143
1721574903197,1.2460516000240143
1721574904183,1.2470729537945258
1721574905176,1.2460516000240143
1721574906179,1.2470729537945258
1721574907171,1.2460516000240143
1721574908145,1.2265029467396071
1721574909166,1.2265025447184728
1721574910167,1.2244918848090982
1721574911155,1.2265025447184728
1721574912243,1.2244918848090982
1721574913169,1.2244918848090982
1721574914165,1.2224812248997237
1721574915165,1.2244918848090982
1721574916159,1.223486554854411
1721574917163,1.223486554854411
1721574918161,1.2224812248997237
1721574919172,1.223486554854411
1721574920163,1.223486554854411
1721574921182,1.2214758949450364
1721574922181,1.2214758949450364
1721574923170,1.2214758949450364
1721574924168,1.2214758949450364
1721574925158,1.2214758949450364
1721574926144,1.2214758949450364
1721574927187,1.2214758949450364
1721574928174,1.2204705649903491
1721574929171,1.2204705649903491
1721574930173,1.2204705649903491
1721574931195,1.2194652350356618
1721574932170,1.2204705649903491
1721574933165,1.2194652350356618
1721574934173,1.2174545751262873
1721574935166,1.2174545751262873
1721574936164,1.2164492451716
1721574937175,1.2194652350356618
1721574938170,1.2159465801942564
1721574939170,1.2164492451716
1721574940177,1.2159465801942564
1721574941163,1.2159465801942564
1721574942162,1.2159465801942564
1721574943208,1.2164492451716
1721574944157,1.2149412502395691
1721574945156,1.2159465801942564
1721574946180,1.2159465801942564
1721574947263,1.2149412502395691
1721574948171,1.2149412502395691
1721574949173,1.2149412502395691
1721574950159,1.2139359202848818
1721574951165,1.2149412502395691
1721574952191,1.2139359202848818
1721574953162,1.2139359202848818
1721574954114,1.2139359202848818
1721574955119,1.2139359202848818
1721574956164,1.2129305903301946
1721574957154,1.21091993042082
1721574958117,1.2129305903301946
1721574959200,1.2129305903301946
1721574960176,1.2099146004661328
1721574961176,1.21091993042082
1721574962165,1.2099146004661328
1721574963162,1.2089092705114455
1721574964175,1.2089092705114455
1721574965161,1.2089092705114455
1721574966166,1.2089092705114455
1721574967178,1.2089092705114455
1721574968201,1.2089092705114455
1721574969480,1.2089092705114455
1721574970181,1.2079039405567582
1721574971841,1.206898610602071
1721574972154,1.2079039405567582
1721574973191,1.2058932806473837
1721574974203,1.2079039405567582
1721574975186,1.206898610602071
1721574976195,1.206898610602071
1721574977159,1.206898610602071
1721574978168,1.2058932806473837
1721574979339,1.2058932806473837
1721574980133,1.2038826207380091
1721574981575,1.2038826207380091
1721574982172,1.2038826207380091
1721574983155,1.2028772907833218
1721574984228,1.2028772907833218
1721574985170,1.2028772907833218
1721574986164,1.2038826207380091
1721574987211,1.2028772907833218
1721574988117,1.2028772907833218
1721574989110,1.2028772907833218
1721574990177,1.201369295851291
1721574991172,1.2023746258059782
1721574992392,1.2023746258059782
1721574993169,1.201369295851291
1721574994300,1.201369295851291
1721574995157,1.2003639658966037
1721574996167,1.201369295851291
1721574997179,1.201369295851291
1721574998176,1.1993586359419164
1721574999164,1.1993586359419164
1721575000349,1.2003639658966037
1721575001150,1.2003639658966037
1721575002166,1.1993586359419164
1721575003281,1.1973479760325418
1721575004167,1.1973479760325418
1721575005223,1.1963426460778546
1721575008127,1.1973479760325418
1721575008128,1.1963426460778546
1721575008129,1.1973479760325418
1721575009225,1.19433198616848
1721575010173,1.1953373161231673
1721575011165,1.1953373161231673
1721575012352,1.19433198616848
1721575013121,1.1953373161231673
1721575014112,1.1953373161231673
1721575015120,1.19433198616848
1721575016170,1.19433198616848
1721575017221,1.19433198616848
1721575018326,1.19433198616848
1721575019270,1.19433198616848
1721575020683,1.1913159963044182
1721575021200,1.19433198616848
1721575022914,1.1913159963044182
1721575023069,1.1933266562137927
1721575024233,1.190310666349731
1721575025164,1.1913159963044182
1721575026178,1.1913159963044182
1721575027843,1.190310666349731
1721575028187,1.1893053363950437
1721575029168,1.1893053363950437
1721575030532,1.190310666349731
1721575031172,1.1893053363950437
1721575032178,1.1893053363950437
1721575033170,1.1893053363950437
1721575034174,1.1893053363950437
1721575035210,1.1888026714177
1721575036156,1.1888026714177
1721575037163,1.1888026714177
1721575038166,1.1877973414630127
1721575039172,1.1877973414630127
1721575040167,1.1888026714177
1721575041165,1.1877973414630127
1721575042163,1.1867920115083255
1721575043164,1.1867920115083255
1721575044159,1.1877973414630127
1721575045209,1.1877973414630127
1721575046187,1.1867920115083255
1721575047175,1.1867920115083255
1721575048176,1.1867920115083255
1721575049172,1.184781351598951
1721575050174,1.184781351598951
1721575051175,1.1837760216442637
1721575052159,1.1837760216442637
1721575053109,1.1837760216442637
1721575054156,1.1837760216442637
1721575055207,1.1837760216442637
1721575056177,1.1827706916895764
1721575057176,1.1827706916895764
1721575058174,1.181765361734889
1721575059151,1.181765361734889
1721575060118,1.181765361734889
1721575061105,1.1807600317802018
1721575062114,1.1807600317802018
1721575063116,1.1807600317802018
1721575064110,1.1807600317802018
1721575065113,1.1797547018255146
1721575066170,1.1797547018255146
1721575067182,1.1797547018255146
1721575068169,1.1767387119614527
1721575069173,1.1797547018255146
1721575070180,1.1797547018255146
1721575071172,1.17774404191614
1721575072167,1.17774404191614
1721575073176,1.1767387119614527
1721575074179,1.1767387119614527
1721575075170,1.17774404191614
1721575076158,1.1757333820067655
1721575077128,1.1767387119614527
1721575078169,1.1757333820067655
1721575079204,1.1757333820067655
1721575080176,1.1757333820067655
1721575081175,1.1752307170294218
1721575082180,1.1752307170294218
1721575083202,1.1752307170294218
1721575084181,1.1742253870747346
1721575085199,1.1742253870747346
1721575086174,1.1752307170294218
1721575087171,1.1732200571200473
1721575088199,1.1732200571200473
1721575089215,1.1732200571200473
1721575090117,1.1712093972106727
1721575091079,1.1712093972106727
1721575092171,1.1712093972106727
1721575093167,1.1712093972106727
1721575094176,1.1712093972106727
1721575095111,1.1712093972106727
1721575096196,1.1702040672559855
1721575097198,1.1691987373012982
1721575098171,1.1702040672559855
1721575099195,1.1691987373012982
1721575100197,1.1702040672559855
1721575101160,1.1691987373012982
1721575102166,1.1691987373012982
1721575103169,1.1691987373012982
1721575104157,1.1671880773919237
1721575105196,1.168193407346611
1721575106174,1.168193407346611
1721575107170,1.1671880773919237
1721575108169,1.1661827474372364
1721575109193,1.1671880773919237
1721575110169,1.1661827474372364
1721575111178,1.1661827474372364
1721575112192,1.1641720875278618
1721575113173,1.1661827474372364
1721575114173,1.1661827474372364
1721575115192,1.1641720875278618
1721575116175,1.1631667575731746
1721575117194,1.1631667575731746
1721575118172,1.1631667575731746
1721575119160,1.1631667575731746
1721575120191,1.1631667575731746
1721575121189,1.1631667575731746
1721575122192,1.1616587626411436
1721575123190,1.1616587626411436
1721575124189,1.1616587626411436
1721575125172,1.1616587626411436
1721575126151,1.1586427727770818
1721575127172,1.1606534326864564
1721575128168,1.1606534326864564
1721575129171,1.1606534326864564
1721575130190,1.1606534326864564
1721575131167,1.1606534326864564
1721575132163,1.1606534326864564
1721575133121,1.1586427727770818
1721575134110,1.1586427727770818
1721575135148,1.1576374428223946
1721575136188,1.1576374428223946
1721575137163,1.1576374428223946
1721575138190,1.1566321128677073
1721575139195,1.1576374428223946
1721575140189,1.1566321128677073
1721575141188,1.1566321128677073
1721575142189,1.1566321128677073
1721575143187,1.1566321128677073
1721575144188,1.1566321128677073
1721575145187,1.15562678291302
1721575146185,1.1566321128677073
1721575147182,1.1546214529583327
1721575148191,1.1546214529583327
1721575149186,1.1546214529583327
1721575150183,1.1546214529583327
1721575151185,1.1536161230036455
1721575152165,1.1546214529583327
1721575153186,1.151605463094271
1721575154187,1.1536161230036455
1721575155181,1.1506001331395836
1721575156183,1.151605463094271
1721575157182,1.151605463094271
1721575158159,1.151605463094271
1721575159244,1.151605463094271
1721575160198,1.151605463094271
1721575161186,1.1506001331395836
1721575162194,1.1506001331395836
1721575163183,1.1495948031848964
1721575164194,1.1495948031848964
1721575165195,1.1495948031848964
1721575166181,1.1495948031848964
1721575167179,1.1490921382075527
1721575168184,1.1490921382075527
1721575169153,1.1480868082528655
1721575170156,1.1490921382075527
1721575171145,1.1490921382075527
1721575172120,1.1480868082528655
1721575173115,1.1470814782981782
1721575174120,1.1450708183888036
1721575175122,1.1470814782981782
1721575176112,1.1450708183888036
1721575177116,1.1450708183888036
1721575178137,1.1450708183888036
1721575179111,1.1450708183888036
1721575180148,1.1440654884341164
1721575181124,1.1450708183888036
1721575182112,1.1440654884341164
1721575183131,1.143060158479429
1721575184122,1.143060158479429
1721575185111,1.143060158479429
1721575186133,1.1420548285247418
1721575187122,1.1420548285247418
1721575188113,1.143060158479429
1721575189116,1.1420548285247418
1721575190135,1.1420548285247418
1721575191186,1.1420548285247418
1721575192117,1.1420548285247418
1721575193120,1.1400441686153673
1721575194111,1.1410494985700546
1721575195066,1.1400441686153673
1721575196114,1.1400441686153673
1721575197122,1.1410494985700546
1721575198114,1.1400441686153673
1721575199120,1.1400441686153673
1721575200118,1.1380335087059927
1721575201070,1.1380335087059927
1721575202252,1.1380335087059927
1721575203124,1.1380335087059927
1721575204114,1.1370281787513055
1721575205118,1.1370281787513055
1721575206121,1.1370281787513055
1721575207116,1.1360228487966182
1721575208121,1.1370281787513055
1721575209128,1.1355201838192746
1721575210161,1.1360228487966182
1721575211119,1.1370281787513055
1721575212141,1.1360228487966182
1721575213114,1.1355201838192746
1721575214116,1.1355201838192746
1721575215125,1.1345148538645873
1721575216117,1.1355201838192746
1721575217135,1.1345148538645873
1721575218126,1.1335095239099
1721575219113,1.1335095239099
1721575220118,1.1335095239099
1721575221123,1.1314988640005255
1721575222112,1.1314988640005255
1721575223122,1.1314988640005255
1721575224126,1.1314988640005255
1721575225116,1.1304935340458382
1721575226123,1.1304935340458382
1721575227126,1.1304935340458382
1721575228114,1.1304935340458382
1721575229122,1.129488204091151
1721575230117,1.1284828741364636
1721575231116,1.1284828741364636
1721575232123,1.1284828741364636
1721575233122,1.1284828741364636
1721575234115,1.1284828741364636
1721575235122,1.1274775441817764
1721575236127,1.1274775441817764
1721575237118,1.126472214227089
1721575238121,1.126472214227089
1721575239128,1.126472214227089
1721575240116,1.1244615543177146
1721575241079,1.1244615543177146
1721575242126,1.1244615543177146
1721575243110,1.12245089440834
1721575244123,1.1244615543177146
1721575245125,1.1234562243630273
1721575246117,1.12245089440834
1721575247122,1.12245089440834
1721575248125,1.1234562243630273
1721575249118,1.1219482294309964
1721575250120,1.12245089440834
1721575251126,1.120942899476309
1721575252115,1.12245089440834
1721575253121,1.120942899476309
1721575254125,1.1219482294309964
1721575255112,1.120942899476309
1721575256122,1.1189322395669346
1721575257129,1.120942899476309
1721575258115,1.1179269096122473
1721575259123,1.1189322395669346
1721575260124,1.1179269096122473
1721575261117,1.1179269096122473
1721575262122,1.11692157965756
1721575263124,1.1179269096122473
1721575264119,1.11692157965756
1721575265123,1.1159162497028727
1721575266127,1.1159162497028727
1721575267116,1.1149109197481855
1721575268122,1.1149109197481855
1721575269126,1.1149109197481855
1721575270116,1.1149109197481855
1721575271138,1.1139055897934982
1721575272127,1.1139055897934982
1721575273118,1.1118949298841236
1721575274121,1.1139055897934982
1721575275128,1.1118949298841236
1721575276116,1.1118949298841236
1721575277122,1.1108895999294364
1721575278125,1.109884269974749
1721575279115,1.109884269974749
1721575280121,1.1088789400200618
1721575281121,1.109884269974749
1721575282131,1.1088789400200618
1721575283136,1.109884269974749
1721575284128,1.1088789400200618
1721575285132,1.1088789400200618
1721575286122,1.1088789400200618
1721575287121,1.1053602851786564
1721575288114,1.1083762750427182
1721575289120,1.107370945088031
1721575290127,1.1053602851786564
1721575291130,1.1053602851786564
1721575292121,1.1053602851786564
1721575293127,1.1053602851786564
1721575294115,1.1053602851786564
1721575295122,1.1053602851786564
1721575296126,1.1033496252692818
1721575297116,1.1023442953145945
1721575298139,1.1033496252692818
1721575299143,1.1023442953145945
1721575300117,1.1023442953145945
1721575301120,1.1023442953145945
1721575302128,1.1023442953145945
1721575303119,1.1013389653599073
1721575304122,1.10033363540522
1721575305142,1.1013389653599073
1721575306116,1.10033363540522
1721575307120,1.0983229754958455
1721575308126,1.10033363540522
1721575309131,1.0983229754958455
1721575310122,1.0973176455411582
1721575311122,1.0973176455411582
1721575312131,1.096312315586471
1721575313122,1.0973176455411582
1721575314127,1.0958096506091273
1721575315120,1.096312315586471
1721575316120,1.0958096506091273
1721575317126,1.09480432065444
1721575318116,1.0958096506091273
1721575319120,1.09480432065444
1721575320125,1.0937989906997527
1721575321067,1.0937989906997527
1721575322115,1.09480432065444
1721575323118,1.0937989906997527
1721575324122,1.0749979672620638
1721575325073,1.0749979672620638
1721575326161,1.073021868057538
1721575327105,1.0720338184552751
1721575328114,1.0720338184552751
1721575329120,1.0700577192507492
1721575330105,1.0710457688530122
1721575331072,1.0710457688530122
1721575332121,1.0700577192507492
1721575333123,1.0700577192507492
1721575334086,1.0700577192507492
1721575335077,1.0670935704439604
1721575336108,1.0690696696484863
1721575337111,1.0670935704439604
1721575338118,1.0690696696484863
1721575339125,1.0670935704439604
1721575340113,1.0670935704439604
1721575341123,1.0661055208416976
1721575342128,1.0661055208416976
1721575343118,1.0651174712394347
1721575344139,1.0661055208416976
1721575345131,1.0651174712394347
1721575346119,1.0641294216371717
1721575347137,1.0651174712394347
1721575348132,1.0636353968360401
1721575349119,1.0626473472337772
1721575350128,1.0626473472337772
1721575351133,1.0636353968360401
1721575352121,1.0626473472337772
1721575353124,1.0636353968360401
1721575354132,1.0626473472337772
1721575355123,1.0596831984269885
1721575356116,1.0606712480292515
1721575357082,1.0586951488247256
1721575358116,1.0606712480292515
1721575359136,1.0596831984269885
1721575360128,1.0586951488247256
1721575361117,1.0586951488247256
1721575362146,1.0586951488247256
1721575363141,1.0577070992224626
1721575364138,1.0577070992224626
1721575365149,1.0577070992224626
1721575366146,1.0567190496201997
1721575367136,1.0567190496201997
1721575368137,1.0557310000179367
1721575369149,1.0567190496201997
1721575370136,1.0567190496201997
1721575371135,1.0567190496201997
1721575372147,1.0537549008134108
1721575373139,1.0537549008134108
1721575374139,1.0537549008134108
1721575375149,1.052766851211148
1721575376148,1.052766851211148
1721575377138,1.0537549008134108
1721575378148,1.0517788016088851
1721575379142,1.0517788016088851
1721575380137,1.0517788016088851
1721575381147,1.0507907520066222
1721575382135,1.0502967272054906
1721575383141,1.0493086776032279
1721575384143,1.0493086776032279
1721575385139,1.0493086776032279
1721575386142,1.0493086776032279
1721575387147,1.0493086776032279
1721575388141,1.0493086776032279
1721575389141,1.047332578398702
1721575390142,1.047332578398702
1721575391118,1.046344528796439
1721575392122,1.045356479194176
1721575393086,1.045356479194176
1721575394146,1.0443684295919131
1721575395151,1.046344528796439
1721575396144,1.0443684295919131
1721575397155,1.0443684295919131
1721575398143,1.0433803799896502
1721575399146,1.0443684295919131
1721575400138,1.0443684295919131
1721575401148,1.0433803799896502
1721575402143,1.0433803799896502
1721575403141,1.0423923303873872
1721575404147,1.0404162311828615
1721575405150,1.0423923303873872
1721575406139,1.0394281815805986
1721575407137,1.0394281815805986
1721575408153,1.0394281815805986
1721575409135,1.0394281815805986
1721575410151,1.0384401319783356
1721575411154,1.0384401319783356
1721575412131,1.0384401319783356
1721575413140,1.0374520823760727
1721575414140,1.036958057574941
1721575415139,1.0374520823760727
1721575416141,1.036958057574941
1721575417148,1.036958057574941
1721575418143,1.036958057574941
1721575419145,1.036958057574941
1721575420149,1.0359700079726784
1721575421141,1.0359700079726784
1721575422147,1.0330058591658895
1721575423151,1.0330058591658895
1721575424134,1.0330058591658895
1721575425141,1.0330058591658895
1721575426122,1.0320178095636265
1721575427144,1.0330058591658895
1721575428148,1.0320178095636265
1721575429153,1.0300417103591006
1721575430138,1.0310297599613636
1721575431147,1.0310297599613636
1721575432155,1.0300417103591006
1721575433133,1.0300417103591006
1721575434138,1.0300417103591006
1721575435143,1.028065611154575
1721575436139,1.027077561552312
1721575437149,1.028065611154575
1721575438142,1.026089511950049
1721575439135,1.027077561552312
1721575440121,1.026089511950049
1721575441082,1.026089511950049
1721575442111,1.025101462347786
1721575443074,1.026089511950049
1721575444124,1.025101462347786
1721575445135,1.025101462347786
1721575446082,1.025101462347786
1721575447122,1.0241134127455231
1721575448111,1.0236193879443918
1721575449086,1.0241134127455231
1721575450101,1.0241134127455231
1721575451112,1.0236193879443918
1721575452117,1.0236193879443918
1721575453132,1.0216432887398659
1721575454112,1.020655239137603
1721575455120,1.020655239137603
1721575456126,1.020655239137603
1721575457122,1.01966718953534
1721575458125,1.01966718953534
1721575459126,1.01966718953534
1721575460118,1.01966718953534
1721575461131,1.018679139933077
1721575462107,1.018679139933077
1721575463117,1.018679139933077
1721575464115,1.017691090330814
1721575465081,1.017691090330814
1721575466110,1.017691090330814
1721575467116,1.017691090330814
1721575468121,1.016703040728551
1721575469110,1.016703040728551
1721575470117,1.0137388919217625
1721575471122,1.0147269415240254
1721575472111,1.0147269415240254
1721575473117,1.0137388919217625
1721575474120,1.0137388919217625
1721575475126,1.0137388919217625
1721575476116,1.0127508423194995
1721575477120,1.0127508423194995
1721575478111,1.0127508423194995
1721575479117,1.0117627927172366
1721575480121,1.0117627927172366
1721575481121,1.0117627927172366
1721575482126,1.0117627927172366
1721575483120,1.0112687679161052
1721575484153,1.0112687679161052
1721575485076,1.0112687679161052
1721575486132,1.0102807183138423
1721575487126,1.0102807183138423
1721575488117,1.0083046191093163
1721575489121,1.0083046191093163
1721575490126,1.0083046191093163
1721575491121,1.0083046191093163
1721575492141,1.0083046191093163
1721575493129,1.0073165695070534
1721575494132,1.0073165695070534
1721575495122,1.0063285199047904
1721575496127,1.0063285199047904
1721575497143,1.0053404703025275
1721575498129,1.0053404703025275
1721575499136,1.0063285199047904
1721575500117,1.0053404703025275
1721575501121,1.0043524207002645
1721575502137,1.0043524207002645
1721575503116,1.0063285199047904
1721575504121,1.0043524207002645
1721575505125,1.0043524207002645
1721575506116,1.0043524207002645
1721575507127,1.0043524207002645
1721575508138,1.0033643710980018
1721575509126,1.0043524207002645
1721575510133,1.001388271893476
1721575511134,1.001388271893476
1721575512126,1.001388271893476
1721575513130,1.001388271893476
1721575514135,1.0033643710980018
1721575515127,1.001388271893476
1721575516131,1.001388271893476
1721575517131,1.000400222291213
1721575518120,0.99941217268895
1721575519130,1.000400222291213
1721575520177,0.99941217268895
1721575521198,1.000400222291213
1721575522230,0.99941217268895
1721575523194,1.000400222291213
1721575524165,0.99941217268895
1721575525190,0.998424123086687
1721575526184,0.9979300982855556
1721575527183,0.998424123086687
1721575528188,0.998424123086687
1721575529206,0.998424123086687
1721575530193,0.9979300982855556
1721575531187,0.9979300982855556
1721575532211,0.9959539990810298
1721575533173,0.9959539990810298
1721575534177,0.9959539990810298
1721575535189,0.9959539990810298
1721575536174,0.9959539990810298
1721575537181,0.9939778998765039
1721575538136,0.9939778998765039
1721575539123,0.9939778998765039
1721575540217,0.9929898502742409
1721575541188,0.9949659494787668
1721575542175,0.9929898502742409
1721575543189,0.9929898502742409
1721575544190,0.9929898502742409
1721575545179,0.9929898502742409
1721575546190,0.9920018006719781
1721575547210,0.9920018006719781
1721575548189,0.9920018006719781
1721575549086,0.9920018006719781
1721575550188,0.9910137510697151
1721575551175,0.9920018006719781
1721575552192,0.9910137510697151
1721575553192,0.9910137510697151
1721575554176,0.9890376518651892
1721575555180,0.9880496022629264
1721575556176,0.9890376518651892
1721575557177,0.9890376518651892
1721575558186,0.9880496022629264
1721575559177,0.9880496022629264
1721575560175,0.9880496022629264
1721575561184,0.9890376518651892
1721575562190,0.9880496022629264
1721575563182,0.9880496022629264
1721575564190,0.9860735030584005
1721575565188,0.9870615526606634
1721575566174,0.9860735030584005
1721575567185,0.9860735030584005
1721575568191,0.9860735030584005
1721575569123,0.9860735030584005
1721575570129,0.9850854534561375
1721575571133,0.9850854534561375
1721575572125,0.9850854534561375
1721575573129,0.9860735030584005
1721575574139,0.9850854534561375
1721575575124,0.984591428655006
1721575576133,0.984591428655006
1721575577134,0.984591428655006
1721575578124,0.984591428655006
1721575579128,0.984591428655006
1721575580137,0.984591428655006
1721575581128,0.9826153294504802
1721575582129,0.984591428655006
1721575583211,0.984591428655006
1721575584180,0.9826153294504802
1721575585181,0.9816272798482173
1721575586207,0.9816272798482173
1721575587185,0.9816272798482173
1721575588129,0.9816272798482173
1721575589132,0.9816272798482173
1721575590197,0.9796511806436915
1721575591186,0.9796511806436915
1721575592196,0.9806392302459543
1721575593187,0.9796511806436915
1721575594190,0.9806392302459543
1721575595176,0.9786631310414285
1721575596164,0.9786631310414285
1721575597171,0.9786631310414285
1721575598170,0.9786631310414285
1721575599163,0.9796511806436915
1721575600194,0.9796511806436915
1721575601132,0.9786631310414285
1721575602190,0.9776750814391656
1721575603180,0.9776750814391656
1721575604196,0.9756989822346398
1721575605185,0.9786631310414285
1721575606185,0.9776750814391656
1721575607195,0.9786631310414285
1721575608162,0.9756989822346398
1721575609182,0.9756989822346398
1721575610190,0.9747109326323768
1721575611186,0.9747109326323768
1721575612130,0.9756989822346398
1721575613133,0.9747109326323768
1721575614157,0.9747109326323768
1721575615171,0.9747109326323768
1721575616134,0.9747109326323768
1721575617197,0.9747109326323768
1721575618189,0.9737228830301139
1721575619186,0.9614200140516298
1721575620185,0.9614200140516298
1721575621184,0.9614200140516298
1721575622195,0.9614200140516298
1721575623196,0.9604444483346825
1721575624197,0.9604444483346825
1721575625199,0.9604444483346825
1721575626196,0.9594688826177351
1721575627186,0.9589810997592615
1721575628187,0.9594688826177351
1721575629194,0.9594688826177351
1721575630127,0.9594688826177351
1721575631135,0.9594688826177351
1721575632189,0.9589810997592615
1721575633185,0.9594688826177351
1721575634201,0.9570299683253667
1721575635207,0.9594688826177351
1721575636194,0.9589810997592615
1721575637186,0.9570299683253667
1721575638184,0.9570299683253667
1721575639176,0.9570299683253667
1721575640185,0.9570299683253667
1721575641209,0.9570299683253667
1721575642199,0.9560544026084193
1721575643199,0.9560544026084193
1721575644222,0.9560544026084193
1721575645181,0.9560544026084193
1721575646181,0.955078836891472
1721575647194,0.955078836891472
1721575648193,0.955078836891472
1721575649191,0.9560544026084193
1721575650194,0.9560544026084193
1721575651179,0.955078836891472
1721575652197,0.955078836891472
1721575653193,0.9541032711745246
1721575654188,0.9541032711745246
1721575655185,0.9531277054575772
1721575656185,0.9541032711745246
1721575657192,0.9531277054575772
1721575658181,0.9531277054575772
1721575659190,0.9521521397406298
1721575660184,0.9531277054575772
1721575661204,0.9531277054575772
1721575662181,0.9521521397406298
1721575663176,0.9521521397406298
1721575664191,0.9521521397406298
1721575665199,0.9521521397406298
1721575666184,0.9521521397406298
1721575667192,0.9531277054575772
1721575668204,0.9521521397406298
1721575669174,0.9502010083067352
1721575670193,0.9492254425897878
1721575671197,0.9492254425897878
1721575672186,0.9492254425897878
1721575673193,0.9502010083067352
1721575674194,0.9502010083067352
1721575675186,0.9502010083067352
1721575676184,0.9502010083067352
1721575677194,0.9482498768728405
1721575678182,0.9482498768728405
1721575679194,0.9492254425897878
1721575680202,0.9482498768728405
1721575681189,0.9492254425897878
1721575682193,0.9482498768728405
1721575683189,0.947274311155893
1721575684186,0.947274311155893
1721575685184,0.9492254425897878
1721575686202,0.947274311155893
1721575687193,0.947274311155893
1721575688189,0.9462987454389457
1721575689218,0.9462987454389457
1721575690199,0.9448353968635246
1721575691186,0.947274311155893
1721575692197,0.9462987454389457
1721575693184,0.9448353968635246
1721575694196,0.9462987454389457
1721575695199,0.9462987454389457
1721575696181,0.9462987454389457
1721575697190,0.9448353968635246
1721575698194,0.9448353968635246
1721575699175,0.9438598311465772
1721575700133,0.9448353968635246
1721575701137,0.9438598311465772
1721575702153,0.9438598311465772
1721575703185,0.9438598311465772
1721575704140,0.9438598311465772
1721575705211,0.9428842654296299
1721575706197,0.9428842654296299
1721575707195,0.9428842654296299
1721575708195,0.9409331339957352
1721575709193,0.9419086997126825
1721575710202,0.9428842654296299
1721575711192,0.9409331339957352
1721575712189,0.9419086997126825
1721575713201,0.9409331339957352
1721575714201,0.9409331339957352
1721575715185,0.9419086997126825
1721575716183,0.9409331339957352
1721575717194,0.9409331339957352
1721575718209,0.9399575682787877
1721575719204,0.9409331339957352
1721575720200,0.9399575682787877
1721575721192,0.938006436844893
1721575722199,0.9399575682787877
1721575723200,0.9399575682787877
1721575724187,0.9370308711279457
1721575725202,0.938006436844893
1721575726199,0.938006436844893
1721575727191,0.9370308711279457
1721575728200,0.9370308711279457
1721575729199,0.9370308711279457
1721575730189,0.9360553054109984
1721575731202,0.9370308711279457
1721575732191,0.9370308711279457
1721575733200,0.935079739694051
1721575734198,0.9360553054109984
1721575735211,0.9360553054109984
1721575736204,0.9360553054109984
1721575737183,0.9360553054109984
1721575738178,0.9360553054109984
1721575739196,0.9360553054109984
1721575740217,0.935079739694051
1721575741197,0.9341041739771035
1721575742185,0.935079739694051
1721575743191,0.9336163911186299
1721575744198,0.9341041739771035
1721575745167,0.9341041739771035
1721575746170,0.9336163911186299
1721575747210,0.9336163911186299
1721575748201,0.9336163911186299
1721575749198,0.9316652596847351
1721575750206,0.9336163911186299
1721575751182,0.9316652596847351
1721575752198,0.9316652596847351
1721575753202,0.9316652596847351
1721575754191,0.9316652596847351
1721575755194,0.9316652596847351
1721575756204,0.9306896939677878
1721575757180,0.9306896939677878
1721575758194,0.9306896939677878
1721575759202,0.9306896939677878
1721575760191,0.9297141282508404
1721575761154,0.9287385625338931
1721575762142,0.9287385625338931
1721575763134,0.9287385625338931
1721575764139,0.9277629968169457
1721575765142,0.9277629968169457
1721575766091,0.9277629968169457
1721575767179,0.9267874310999983
1721575768204,0.9267874310999983
1721575769180,0.9277629968169457
1721575770195,0.9267874310999983
1721575771193,0.9248362996661036
1721575772185,0.9267874310999983
1721575773197,0.9267874310999983
1721575774192,0.9267874310999983
1721575775194,0.9248362996661036
1721575776198,0.9238607339491562
1721575777202,0.9248362996661036
1721575778191,0.9238607339491562
1721575779190,0.9238607339491562
1721575780195,0.9228851682322089
1721575781170,0.9238607339491562
1721575782177,0.9238607339491562
1721575783174,0.9228851682322089
1721575784174,0.9228851682322089
1721575785172,0.9228851682322089
1721575786186,0.9209340367983141
1721575787191,0.9209340367983141
1721575788200,0.9219096025152616
1721575789207,0.9204462539398405
1721575790183,0.9219096025152616
1721575791185,0.9209340367983141
1721575792202,0.9204462539398405
1721575793187,0.9204462539398405
1721575794198,0.9184951225059457
1721575795207,0.9184951225059457
1721575796188,0.9184951225059457
1721575797197,0.9204462539398405
1721575798195,0.9184951225059457
1721575799196,0.9184951225059457
1721575800195,0.9175195567889983
1721575801187,0.9175195567889983
1721575802200,0.9175195567889983
1721575803204,0.9175195567889983
1721575804203,0.916543991072051
1721575805188,0.916543991072051
1721575806189,0.916543991072051
1721575807205,0.9155684253551036
1721575808194,0.9155684253551036
1721575809195,0.9155684253551036
1721575810195,0.9126417282042615
1721575811188,0.9126417282042615
1721575812190,0.9145928596381563
1721575813204,0.9126417282042615
1721575814186,0.9126417282042615
1721575815195,0.9126417282042615
1721575816198,0.9126417282042615
1721575817194,0.9116661624873141
1721575818194,0.9126417282042615
1721575819199,0.9116661624873141
1721575820133,0.9116661624873141
1721575821136,0.9116661624873141
1721575822196,0.9116661624873141
1721575823174,0.9097150310534194
1721575824138,0.9097150310534194
1721575825144,0.9097150310534194
1721575826135,0.9097150310534194
1721575827139,0.9087394653364721
1721575828160,0.9087394653364721
1721575829091,0.9077638996195246
1721575830095,0.9087394653364721
1721575831191,0.9077638996195246
1721575832188,0.9087394653364721
1721575833232,0.9087394653364721
1721575834232,0.9053249853271562
1721575835194,0.9063005510441037
1721575836227,0.9053249853271562
1721575837206,0.9063005510441037
1721575838165,0.9063005510441037
1721575839192,0.9053249853271562
1721575840139,0.9053249853271562
1721575841130,0.9053249853271562
1721575842224,0.9043494196102089
1721575843189,0.9033738538932615
1721575844185,0.9033738538932615
1721575845190,0.9043494196102089
1721575846223,0.9033738538932615
1721575847196,0.9043494196102089
1721575848196,0.9023982881763142
1721575849197,0.9023982881763142
1721575850203,0.9014227224593668
1721575851199,0.9033738538932615
1721575852190,0.9014227224593668
1721575853181,0.9023982881763142
1721575854180,0.9014227224593668
1721575855195,0.899471591025472
1721575856225,0.899471591025472
1721575857194,0.899471591025472
1721575858218,0.9014227224593668
1721575859220,0.8975204595915773
1721575860219,0.8984960253085247
1721575861192,0.8984960253085247
1721575862199,0.8975204595915773
1721575863194,0.8984960253085247
1721575864216,0.8975204595915773
1721575865216,0.89654489387463
1721575866192,0.89654489387463
1721575867215,0.8975204595915773
1721575868214,0.89654489387463
1721575869191,0.8955693281576826
1721575870196,0.8955693281576826
1721575871224,0.8955693281576826
1721575872217,0.8945937624407352
1721575873215,0.8945937624407352
1721575874216,0.8955693281576826
1721575875192,0.8921548481483669
1721575876211,0.8945937624407352
1721575877226,0.8921548481483669
1721575878209,0.8945937624407352
1721575879207,0.8931304138653142
1721575880209,0.8931304138653142
1721575881226,0.8921548481483669
1721575882215,0.8921548481483669
1721575883205,0.8921548481483669
1721575884207,0.8921548481483669
1721575885206,0.8911792824314194
1721575886210,0.8911792824314194
1721575887206,0.8911792824314194
1721575888144,0.8902037167144721
1721575889147,0.8902037167144721
1721575890204,0.8892281509975247
1721575891204,0.8892281509975247
1721575892203,0.8892281509975247
1721575893200,0.8882525852805774
1721575894200,0.8892281509975247
1721575895222,0.8882525852805774
1721575896202,0.8892281509975247
1721575897216,0.8882525852805774
1721575898210,0.8882525852805774
1721575899199,0.8863014538466826
1721575900142,0.8863014538466826
1721575901142,0.8863014538466826
1721575902198,0.8853258881297352
1721575903144,0.8853258881297352
1721575904197,0.8853258881297352
1721575905198,0.8843503224127879
1721575906203,0.8853258881297352
1721575907207,0.8843503224127879
1721575908167,0.8833747566958405
1721575909173,0.8843503224127879
1721575910192,0.8833747566958405
1721575911172,0.8823991909788932
1721575912207,0.8843503224127879
1721575913198,0.8833747566958405
1721575914256,0.8823991909788932
1721575915203,0.8833747566958405
1721575916240,0.8833747566958405
1721575917285,0.8823991909788932
1721575918209,0.8833747566958405
1721575921352,0.8823991909788932
1721575921353,0.8823991909788932
1721575921579,0.8823991909788932
1721575922354,0.8823991909788932
1721575923418,0.8814236252619457
1721575924214,0.8799602766865248
1721575926786,0.8814236252619457
1721575926787,0.8799602766865248
1721575927496,0.8799602766865248
1721575928223,0.8789847109695774
1721575929354,0.8799602766865248
1721575930397,0.8789847109695774
1721575931210,0.87800914525263
1721575933053,0.87800914525263
1721575933234,0.8789847109695774
1721575934269,0.87800914525263
1721575935359,0.8770335795356826
1721575936276,0.87800914525263
1721575937243,0.87800914525263
1721575938242,0.87800914525263
1721575939267,0.87800914525263
1721575941210,0.8770335795356826
1721575941212,0.8770335795356826
1721575945133,0.8760580138187353
1721575946078,0.0
1721575949133,0.8741068823848406
1721575953133,0.8731313166678931
1721575957133,0.8721557509509458
1721575961133,0.8721557509509458
1721575965133,0.8711801852339984
1721575969133,0.8702046195170511
1721575973133,0.8677657052246827
1721575977133,0.8677657052246827
1721575977760,0.0
1721575981133,0.865814573790788
1721575985133,0.8648390080738405
1721575989133,0.8648390080738405
1721575993133,0.8638634423568932
1721575997133,0.8638634423568932
1721576001133,0.8609367452060511
1721576005133,0.8609367452060511
1721576008763,0.0
1721576018133,0.8589856137721563
1721576022133,0.8570344823382616
1721576026133,0.8560589166213143
1721576030133,0.8570344823382616
1721576032721,0.0
1721576034133,0.8545955680458932
1721576038133,0.8536200023289459
1721576042133,0.8516688708950511
1721576046086,0.0
1721576046133,0.8516688708950511
1721576050133,0.8506933051781037
1721576051261,0.0
1721576054133,0.8477666080272617
1721576054139,0.8448399108764195
1721576055128,0.8448399108764195
1721576056112,0.8448399108764195
1721576057101,0.8448399108764195
1721576058180,0.8438643451594722
1721576059100,0.8438643451594722
1721576060150,0.8424009965840511
1721576061152,0.8424009965840511
1721576062143,0.8424009965840511
1721576063206,0.8414254308671038
1721576064209,0.8424009965840511
1721576065194,0.8414254308671038
1721576066202,0.8404498651501564
1721576067207,0.8414254308671038
1721576068196,0.8414254308671038
1721576069204,0.8404498651501564
1721576070203,0.8404498651501564
1721576071184,0.8394742994332091
1721576072098,0.8404498651501564
1721576073109,0.8394742994332091
1721576074094,0.8394742994332091
1721576075123,0.8394742994332091
1721576076146,0.8384987337162616
1721576077133,0.8384987337162616
1721576078138,0.8384987337162616
1721576079146,0.8384987337162616
1721576080095,0.8375231679993143
1721576081140,0.8375231679993143
1721576082149,0.8375231679993143
1721576083135,0.8375231679993143
1721576084137,0.8355720365654196
1721576085149,0.8345964708484722
1721576086135,0.8345964708484722
1721576087142,0.8345964708484722
1721576088144,0.8336209051315249
1721576089137,0.8336209051315249
1721576090153,0.8326453394145774
1721576091145,0.8336209051315249
1721576092098,0.8336209051315249
1721576093138,0.8326453394145774
1721576094142,0.8326453394145774
1721576095133,0.8326453394145774
1721576096137,0.8326453394145774
1721576097143,0.8316697736976301
1721576098134,0.8316697736976301
1721576099138,0.8306942079806827
1721576100143,0.8316697736976301
1721576101134,0.8292308594052616
1721576102139,0.8292308594052616
1721576103143,0.8306942079806827
1721576104137,0.8292308594052616
1721576105139,0.8282552936883143
1721576106143,0.8292308594052616
1721576107135,0.8292308594052616
1721576108138,0.827279727971367
1721576109159,0.8263041622544196
1721576110134,0.827279727971367
1721576111154,0.8282552936883143
1721576112160,0.827279727971367
1721576113133,0.8253285965374721
1721576114140,0.827279727971367
1721576115153,0.8253285965374721
1721576116134,0.8263041622544196
1721576117142,0.8253285965374721
1721576118144,0.8263041622544196
1721576119134,0.8253285965374721
1721576120139,0.8253285965374721
1721576121147,0.8224018993866301
1721576122157,0.8243530308205248
1721576123139,0.8243530308205248
1721576124154,0.8224018993866301
1721576125141,0.8224018993866301
1721576126144,0.8224018993866301
1721576127144,0.8214263336696828
1721576128150,0.8204507679527354
1721576129139,0.8214263336696828
1721576130143,0.8214263336696828
1721576131144,0.8214263336696828
1721576132154,0.8204507679527354
1721576133103,0.8204507679527354
1721576134143,0.8204507679527354
1721576135147,0.819475202235788
1721576136142,0.8184996365188406
1721576137133,0.819475202235788
1721576138143,0.8184996365188406
1721576139153,0.8175240708018933
1721576140134,0.8184996365188406
1721576141139,0.8184996365188406
1721576142143,0.8175240708018933
1721576143133,0.8175240708018933
1721576144149,0.8160607222264722
1721576145151,0.8150851565095248
1721576146141,0.8160607222264722
1721576147149,0.8160607222264722
1721576148152,0.8141095907925775
1721576149139,0.8150851565095248
1721576150148,0.8141095907925775
1721576151153,0.8141095907925775
1721576152140,0.8131340250756302
1721576153146,0.8131340250756302
1721576154162,0.8121584593586828
1721576155161,0.8121584593586828
1721576156180,0.8131340250756302
1721576157158,0.8131340250756302
1721576158151,0.8131340250756302
1721576159162,0.8111828936417353
1721576160157,0.8121584593586828
1721576161155,0.8111828936417353
1721576162157,0.8082561964908933
1721576163159,0.8092317622078407
1721576164147,0.8092317622078407
1721576165162,0.8082561964908933
1721576166159,0.8092317622078407
1721576167159,0.8082561964908933
1721576168155,0.807280630773946
1721576169159,0.8082561964908933
1721576170139,0.807280630773946
1721576171139,0.807280630773946
1721576172170,0.8063050650569985
1721576173156,0.8063050650569985
1721576174150,0.8063050650569985
1721576175169,0.8053294993400512
1721576176151,0.8053294993400512
1721576177153,0.8038661507646301
1721576178168,0.8053294993400512
1721576179147,0.8038661507646301
1721576180143,0.8038661507646301
1721576181148,0.8028905850476827
1721576182147,0.8028905850476827
1721576183147,0.8019150193307354
1721576184104,0.8019150193307354
1721576185137,0.800939453613788
1721576186142,0.8019150193307354
1721576187104,0.800939453613788
1721576188136,0.800939453613788
1721576189143,0.7999638878968407
1721576190151,0.7999638878968407
1721576191132,0.7989883221798934
1721576192154,0.800939453613788
1721576193100,0.7989883221798934
1721576194179,0.7970371907459985
1721576195102,0.7989883221798934
1721576196142,0.7970371907459985
1721576197146,0.7970371907459985
1721576198096,0.7970371907459985
1721576199157,0.7960616250290512
1721576200147,0.7960616250290512
1721576201152,0.7950860593121039
1721576202144,0.7950860593121039
1721576203148,0.7950860593121039
1721576204139,0.7960616250290512
1721576205143,0.793134927878209
1721576206147,0.7941104935951565
1721576207139,0.7941104935951565
1721576208144,0.7941104935951565
1721576209163,0.7921593621612617
1721576210138,0.7921593621612617
1721576211143,0.7921593621612617
1721576212162,0.793134927878209
1721576213138,0.7906960135858407
1721576214144,0.7906960135858407
1721576215148,0.7906960135858407
1721576216099,0.7897204478688933
1721576217143,0.7877693164349986
1721576218163,0.7887448821519459
1721576219139,0.7877693164349986
1721576220158,0.7877693164349986
1721576221149,0.7887448821519459
1721576222139,0.7867937507180512
1721576223142,0.7867937507180512
1721576224147,0.7867937507180512
1721576225137,0.7858181850011039
1721576226158,0.7858181850011039
1721576227171,0.7858181850011039
1721576228138,0.7838670535672091
1721576229153,0.7867937507180512
1721576230156,0.7838670535672091
1721576231150,0.7838670535672091
1721576232152,0.7828914878502617
1721576233156,0.7828914878502617
1721576234142,0.7828914878502617
1721576235153,0.7819159221333144
1721576236155,0.780940356416367
1721576237149,0.780940356416367
1721576238153,0.780940356416367
1721576239157,0.7799647906994197
1721576240170,0.7799647906994197
1721576241152,0.7775258764070513
1721576242171,0.7789892249824723
1721576243147,0.7789892249824723
1721576244102,0.7775258764070513
1721576245106,0.7775258764070513
1721576246140,0.7775258764070513
1721576247144,0.7765503106901038
1721576248112,0.7755747449731565
1721576249137,0.7755747449731565
1721576250142,0.7736236135392618
1721576251155,0.7745991792562091
1721576252139,0.7736236135392618
1721576253145,0.7736236135392618
1721576254107,0.771672482105367
1721576255179,0.7736236135392618
1721576256124,0.771672482105367
1721576257157,0.7706969163884196
1721576258137,0.7706969163884196
1721576259143,0.7706969163884196
1721576260165,0.7697213506714723
1721576261139,0.7697213506714723
1721576262147,0.768745784954525
1721576263161,0.768745784954525
1721576264155,0.7677702192375776
1721576265158,0.768745784954525
1721576266164,0.7667946535206303
1721576267097,0.7648435220867355
1721576268141,0.7648435220867355
1721576269149,0.7648435220867355
1721576270154,0.7648435220867355
1721576271144,0.7633801735113144
1721576272148,0.7643557392282618
1721576273139,0.7633801735113144
1721576274146,0.762404607794367
1721576275150,0.7402962206378396
1721576276138,0.7402962206378396
1721576277143,0.7402962206378396
1721576278149,0.7393489446037541
1721576279141,0.7384016685696685
1721576280143,0.7365071165014975
1721576281162,0.7384016685696685
1721576282137,0.7365071165014975
1721576283144,0.7365071165014975
1721576284147,0.7346125644333265
1721576285139,0.735559840467412
1721576286142,0.7346125644333265
1721576287157,0.7346125644333265
1721576288138,0.733665288399241
1721576289148,0.7327180123651553
1721576290158,0.7317707363310698
1721576291139,0.7317707363310698
1721576292153,0.7317707363310698
1721576293148,0.7317707363310698
1721576294136,0.7303498222799415
1721576295143,0.729402546245856
1721576296156,0.729402546245856
1721576297147,0.729402546245856
1721576298143,0.7284552702117705
1721576299158,0.727507994177685
1721576300148,0.727507994177685
1721576301142,0.7265607181435995
1721576302147,0.7265607181435995
1721576303137,0.7237188900413428
1721576304142,0.725613442109514
1721576305154,0.7237188900413428
1721576306144,0.7227716140072573
1721576307169,0.7237188900413428
1721576308161,0.7237188900413428
1721576309146,0.7218243379731718
1721576310152,0.7218243379731718
1721576311156,0.7208770619390863
1721576312145,0.7208770619390863
1721576313151,0.7199297859050008
1721576314176,0.7189825098709153
1721576315195,0.7189825098709153
1721576316213,0.717561595819787
1721576317207,0.7189825098709153
1721576318186,0.7166143197857014
1721576319187,0.717561595819787
1721576320196,0.7156670437516158
1721576321180,0.7156670437516158
1721576322224,0.7156670437516158
1721576323208,0.7147197677175303
1721576324219,0.7137724916834448
1721576325218,0.7137724916834448
1721576326286,0.7137724916834448
1721576327344,0.7118779396152738
1721576328600,0.7109306635811883
1721576329327,0.7109306635811883
1721576330265,0.7099833875471027
1721576331559,0.7099833875471027
1721576333085,0.7099833875471027
1721576333462,0.7090361115130172
1721576335483,0.7071415594448461
1721576335483,0.7080888354789316
1721576337972,0.7071415594448461
1721576338801,0.7071415594448461
1721576338802,0.7071415594448461
1721576339191,0.7047733693596323
1721576341335,0.7047733693596323
1721576341336,0.7038260933255468
1721576342460,0.7038260933255468
1721576343146,0.7038260933255468
1721576344694,0.7028788172914613
1721576345557,0.7019315412573758
1721576346186,0.7019315412573758
1721576347221,0.6990897131551191
1721576348233,0.7009842652232902
1721576349929,0.6990897131551191
1721576350889,0.6981424371210336
1721576351607,0.6981424371210336
1721576352987,0.6971951610869481
1721576353203,0.6971951610869481
1721576357471,0.0
1721576359134,0.6924587809165205
1721576363134,0.6910378668653921
1721576367134,0.6891433147972211
1721576371134,0.6863014866949645
1721576375134,0.6825123825586225
1721576379134,0.6806178304904513
1721576383134,0.6796705544563658
1721576387134,0.677302364371152
1721576387629,0.0
1721576391134,0.6744605362688955
1721576395134,0.6716187081666388
1721576399134,0.6697241560984678
1721576403134,0.667355966013254
1721576407134,0.6664086899791685
1721576411134,0.6616723098087408
1721576415134,0.6597777577405698
1721576418757,0.0
1721576419134,0.6578832056723987
1721576423134,0.6545677395530993
1721576427134,0.6536204635190138
1721576449350,0.0
1721576455134,0.6507786354167573
1721576459134,0.6469895312804151
1721576463134,0.643200427144073
1721576463139,0.6304122006839185
1721576464132,0.6304122006839185
1721576465197,0.6304122006839185
1721576466103,0.629464924649833
1721576467190,0.629464924649833
1721576468127,0.6289912866327901
1721576469169,0.6289912866327901
1721576470156,0.6280440105987046
1721576471168,0.6270967345646191
1721576472207,0.6270967345646191
1721576473175,0.6270967345646191
1721576474183,0.6270967345646191
1721576475188,0.6242549064623625
1721576476179,0.623307630428277
1721576477175,0.6242549064623625
1721576478172,0.6242549064623625
1721576479180,0.623307630428277
1721576480182,0.6223603543941915
1721576481174,0.621413078360106
1721576482175,0.6223603543941915
1721576483182,0.6223603543941915
1721576484183,0.621413078360106
1721576485166,0.6195185262919348
1721576486172,0.6195185262919348
1721576487189,0.6195185262919348
1721576488151,0.6176239742237638
1721576489158,0.6166766981896783
1721576490162,0.6176239742237638
1721576491148,0.6166766981896783
1721576492157,0.6166766981896783
1721576493163,0.6162030601726355
1721576494149,0.6162030601726355
1721576495158,0.61525578413855
1721576496162,0.6143085081044645
1721576497151,0.6143085081044645
1721576498174,0.6143085081044645
1721576499186,0.6124139560362934
1721576500178,0.6114666800022078
1721576501190,0.6114666800022078
1721576502187,0.6114666800022078
1721576503179,0.6105194039681223
1721576504180,0.6095721279340368
1721576505187,0.6095721279340368
1721576506177,0.6095721279340368
1721576507172,0.6086248518999513
1721576508181,0.6076775758658658
1721576509167,0.6086248518999513
1721576510171,0.6076775758658658
1721576511190,0.6076775758658658
1721576512148,0.6057830237976947
1721576513157,0.6057830237976947
1721576514184,0.6048357477636092
1721576515178,0.6043621097465665
1721576516176,0.6043621097465665
1721576517187,0.603414833712481
1721576518194,0.603414833712481
1721576519172,0.603414833712481
1721576520185,0.603414833712481
1721576521178,0.603414833712481
1721576522182,0.6024675576783953
1721576523181,0.6015202816443098
1721576524176,0.6015202816443098
1721576525177,0.5996257295761388
1721576526188,0.5996257295761388
1721576527167,0.5986784535420533
1721576528184,0.5996257295761388
1721576529180,0.5977311775079678
1721576530173,0.5986784535420533
1721576531178,0.5977311775079678
1721576532187,0.5967839014738822
1721576533167,0.5967839014738822
1721576534178,0.5977311775079678
1721576535181,0.5958366254397967
1721576536175,0.5958366254397967
1721576537181,0.5958366254397967
1721576538171,0.5948893494057111
1721576539160,0.5948893494057111
1721576540160,0.5929947973375401
1721576541168,0.5929947973375401
1721576542158,0.5929947973375401
1721576543112,0.5915738832864118
1721576544192,0.5915738832864118
1721576545178,0.5915738832864118
1721576546178,0.5915738832864118
1721576547187,0.5906266072523263
1721576548167,0.5896793312182408
1721576549182,0.5896793312182408
1721576550163,0.5887320551841552
1721576551151,0.5887320551841552
1721576552182,0.5887320551841552
1721576553185,0.5887320551841552
1721576554175,0.5858902270818986
1721576555179,0.5858902270818986
1721576556183,0.5858902270818986
1721576557183,0.5849429510478131
1721576558176,0.5849429510478131
1721576559190,0.5839956750137276
1721576560188,0.5839956750137276
1721576561179,0.5839956750137276
1721576562189,0.5839956750137276
1721576563193,0.583048398979642
1721576564184,0.583048398979642
1721576565179,0.5821011229455565
1721576566151,0.5821011229455565
1721576567151,0.5821011229455565
1721576568157,0.5802065708773855
1721576569146,0.5802065708773855
1721576570157,0.5802065708773855
1721576571191,0.5802065708773855
1721576572167,0.5787856568262572
1721576573176,0.5787856568262572
1721576574174,0.5792592948433
1721576575178,0.5787856568262572
1721576576184,0.5778383807921716
1721576577177,0.5778383807921716
1721576578178,0.5768911047580861
1721576579173,0.5768911047580861
1721576580186,0.5749965526899151
1721576581176,0.5749965526899151
1721576582179,0.5749965526899151
1721576583181,0.5740492766558295
1721576584174,0.573102000621744
1721576585177,0.5740492766558295
1721576586185,0.573102000621744
1721576587176,0.573102000621744
1721576588182,0.573102000621744
1721576589181,0.5721547245876585
1721576590193,0.573102000621744
1721576591157,0.571207448553573
1721576592162,0.5721547245876585
1721576593197,0.571207448553573
1721576594174,0.571207448553573
1721576595176,0.571207448553573
1721576596182,0.5702601725194875
1721576597193,0.5702601725194875
1721576598182,0.5683656204513163
1721576599200,0.5683656204513163
1721576600179,0.5683656204513163
1721576601185,0.5683656204513163
1721576602193,0.5674183444172308
1721576603181,0.5664710683831453
1721576604192,0.5664710683831453
1721576605186,0.5664710683831453
1721576606172,0.5659974303661026
1721576607167,0.5664710683831453
1721576608170,0.5659974303661026
1721576609161,0.5659974303661026
1721576610166,0.565050154332017
1721576611164,0.565050154332017
1721576612157,0.5641028782979315
1721576613194,0.565050154332017
1721576614195,0.5641028782979315
1721576615157,0.5622083262297605
1721576616162,0.5622083262297605
1721576617193,0.561261050195675
1721576618182,0.561261050195675
1721576619162,0.561261050195675
1721576620198,0.561261050195675
1721576621183,0.5603137741615895
1721576622186,0.5593664981275038
1721576623191,0.5603137741615895
1721576624179,0.5593664981275038
1721576625185,0.5584192220934183
1721576626193,0.5584192220934183
1721576627179,0.5584192220934183
1721576628187,0.5584192220934183
1721576629185,0.5593664981275038
1721576630181,0.5584192220934183
1721576631176,0.5555773939911618
1721576632190,0.5574719460593328
1721576633174,0.5555773939911618
1721576634184,0.5546301179570763
1721576635189,0.5546301179570763
1721576636202,0.5546301179570763
1721576637181,0.5546301179570763
1721576638190,0.5536828419229907
1721576639178,0.553209203905948
1721576640184,0.5536828419229907
1721576641181,0.5536828419229907
1721576642183,0.553209203905948
1721576643184,0.553209203905948
1721576644169,0.5536828419229907
1721576645159,0.553209203905948
1721576646165,0.553209203905948
1721576647183,0.553209203905948
1721576648204,0.553209203905948
1721576649182,0.5522619278718625
1721576650183,0.5513146518377768
1721576651176,0.5522619278718625
1721576652184,0.5513146518377768
1721576653189,0.5494200997696058
1721576654178,0.5513146518377768
1721576655191,0.5494200997696058
1721576656189,0.5494200997696058
1721576657186,0.5494200997696058
1721576658172,0.5484728237355203
1721576659174,0.5475255477014348
1721576660166,0.5475255477014348
1721576661167,0.5465782716673493
1721576662164,0.5475255477014348
1721576663153,0.5475255477014348
1721576664156,0.5475255477014348
1721576665166,0.5465782716673493
1721576666156,0.5465782716673493
1721576667161,0.5456309956332637
1721576668165,0.5465782716673493
1721576669175,0.5465782716673493
1721576670185,0.5456309956332637
1721576671165,0.5456309956332637
1721576672184,0.5456309956332637
1721576673188,0.5437364435650927
1721576674178,0.5437364435650927
1721576675156,0.5437364435650927
1721576676185,0.5427891675310071
1721576677184,0.5427891675310071
1721576678169,0.5418418914969216
1721576679184,0.5427891675310071
1721576680185,0.5427891675310071
1721576681171,0.5418418914969216
1721576682182,0.5418418914969216
1721576683182,0.5418418914969216
1721576684199,0.5418418914969216
1721576685179,0.5418418914969216
1721576686192,0.5404209774457933
1721576687180,0.5413682534798788
1721576688190,0.5413682534798788
1721576689199,0.5404209774457933
1721576690181,0.5413682534798788
1721576691188,0.5404209774457933
1721576692192,0.5394737014117078
1721576693230,0.5394737014117078
1721576694181,0.5394737014117078
1721576695188,0.5394737014117078
1721576696201,0.5394737014117078
1721576697251,0.5375791493435368
1721576698220,0.5394737014117078
1721576699176,0.5375791493435368
1721576700195,0.5375791493435368
1721576701200,0.5366318733094512
1721576702174,0.5366318733094512
1721576703187,0.5366318733094512
1721576704188,0.5366318733094512
1721576705179,0.5366318733094512
1721576706188,0.5356845972753657
1721576707201,0.5356845972753657
1721576708218,0.5366318733094512
1721576709216,0.5347373212412802
1721576710192,0.5356845972753657
1721576711208,0.5356845972753657
1721576712162,0.5356845972753657
1721576713165,0.5356845972753657
1721576714175,0.5347373212412802
1721576715413,0.5347373212412802
1721576716398,0.5347373212412802
1721576721541,0.5347373212412802
1721576723246,0.5337900452071946
1721576723246,0.5347373212412802
1721576723488,0.5337900452071946
1721576723489,0.5337900452071946
1721576723531,0.5328427691731091
1721576723532,0.5328427691731091
1721576724551,0.5328427691731091
1721576725182,0.5328427691731091
1721576726156,0.5328427691731091
1721576727192,0.5328427691731091
1721576728182,0.5328427691731091
1721576729237,0.530948217104938
1721576730186,0.530948217104938
1721576731182,0.5328427691731091
1721576732156,0.530948217104938
1721576733235,0.530948217104938
1721576734198,0.530948217104938
1721576735157,0.530948217104938
1721576736176,0.530948217104938
1721576737209,0.5300009410708525
1721576738173,0.5300009410708525
1721576739191,0.5300009410708525
1721576740188,0.5300009410708525
1721576741174,0.529053665036767
1721576742233,0.529053665036767
1721576744165,0.529053665036767
1721576744166,0.529053665036767
1721576746261,0.5300009410708525
1721576747029,0.529053665036767
1721576747380,0.5300009410708525
1721576748207,0.529053665036767
1721576749443,0.529053665036767
1721576750196,0.529053665036767
1721576751176,0.529053665036767
1721576752677,0.529053665036767
1721576753427,0.529053665036767
1721576754384,0.5285800270197243
1721576755181,0.529053665036767
1721576756396,0.5285800270197243
1721576757339,0.5285800270197243
1721576758240,0.5285800270197243
1721576759196,0.529053665036767
1721576760231,0.529053665036767
1721576761241,0.529053665036767
1721576762256,0.5285800270197243
1721576763241,0.5285800270197243
1721576764336,0.5285800270197243
1721576765189,0.5285800270197243
1721576766184,0.5285800270197243
1721576767182,0.5285800270197243
1721576768169,0.5285800270197243
1721576769176,0.5285800270197243
1721576770182,0.5285800270197243
1721576771230,0.5285800270197243
1721576772251,0.5285800270197243
1721576773195,0.5285800270197243
1721576774320,0.5285800270197243
1721576775204,0.5276327509856387
1721576776471,0.5276327509856387
1721576777219,0.5285800270197243
1721576778197,0.5285800270197243
1721576779521,0.5276327509856387
1721576780420,0.5276327509856387
1721576781297,0.5285800270197243
1721576782214,0.5276327509856387
1721576783194,0.5276327509856387
1721576784249,0.5276327509856387
1721576785337,0.5276327509856387
1721576786226,0.5285800270197243
1721576787266,0.5276327509856387
1721576788270,0.5285800270197243
1721576789171,0.5285800270197243
1721576790180,0.5285800270197243
1721576791162,0.5285800270197243
1721576792202,0.5276327509856387
1721576793180,0.5285800270197243
1721576794197,0.5285800270197243
1721576795194,0.5285800270197243
1721576796190,0.5276327509856387
1721576797482,0.5285800270197243
1721576798282,0.5285800270197243
1721576799222,0.5276327509856387
1721576800296,0.5276327509856387
1721576801384,0.5285800270197243
1721576802367,0.5285800270197243
1721576803463,0.5276327509856387
1721576805283,0.5285800270197243
1721576805978,0.5285800270197243
1721576806138,0.5285800270197243
1721576807209,0.5285800270197243
1721576808181,0.5285800270197243
1721576809227,0.5285800270197243
1721576812039,0.5285800270197243
1721576812242,0.5276327509856387
1721576812243,0.5285800270197243
1721576813187,0.529053665036767
1721576814184,0.5285800270197243
1721576815223,0.5285800270197243
1721576816230,0.529053665036767
1721576817190,0.529053665036767
1721576818204,0.529053665036767
1721576819227,0.529053665036767
1721576820187,0.5285800270197243
1721576821241,0.529053665036767
1721576822186,0.529053665036767
1721576823202,0.529053665036767
1721576824325,0.529053665036767
1721576825201,0.529053665036767
1721576826200,0.529053665036767
1721576827201,0.5285800270197243
1721576828521,0.529053665036767
1721576829241,0.5300009410708525
1721576830311,0.5300009410708525
1721576831399,0.5300009410708525
1721576832336,0.529053665036767
1721576833285,0.5300009410708525
1721576834260,0.5300009410708525
1721576835177,0.5300009410708525
1721576836233,0.5300009410708525
1721576837197,0.5300009410708525
1721576838324,0.5300009410708525
1721576839346,0.530948217104938
1721576840233,0.5300009410708525
1721576841197,0.5300009410708525
1721576842361,0.5300009410708525
1721576843248,0.530948217104938
1721576844269,0.530948217104938
1721576845240,0.530948217104938
1721576846226,0.530948217104938
1721576848176,0.530948217104938
1721576848178,0.5328427691731091
1721576849193,0.5328427691731091
1721576850193,0.5328427691731091
1721576851197,0.530948217104938
1721576852201,0.5328427691731091
1721576853207,0.5328427691731091
1721576854192,0.5328427691731091
1721576855231,0.5337900452071946
1721576856190,0.5337900452071946
1721576857191,0.5328427691731091
1721576858518,0.5328427691731091
1721576859254,0.5337900452071946
1721576860234,0.5337900452071946
1721576861195,0.5347373212412802
1721576862220,0.5337900452071946
1721576863211,0.5347373212412802
1721576864194,0.5337900452071946
1721576865187,0.5347373212412802
1721576866236,0.5347373212412802
1721576867191,0.5347373212412802
1721576868185,0.5347373212412802
1721576869192,0.5347373212412802
1721576870212,0.5356845972753657
1721576871216,0.5347373212412802
1721576872207,0.5347373212412802
1721576873471,0.5347373212412802
1721576874197,0.5356845972753657
1721576875408,0.5356845972753657
1721576876269,0.5356845972753657
1721576877182,0.5347373212412802
1721576878265,0.5356845972753657
1721576879197,0.5366318733094512
1721576880193,0.5366318733094512
1721576881205,0.5366318733094512
1721576882202,0.5375791493435368
1721576883204,0.5366318733094512
1721576884214,0.5366318733094512
1721576885438,0.5366318733094512
1721576886215,0.5366318733094512
1721576887207,0.5366318733094512
1721576888186,0.5375791493435368
1721576889232,0.5366318733094512
1721576890210,0.5366318733094512
1721576891194,0.5375791493435368
1721576892226,0.5375791493435368
1721576893464,0.5394737014117078
1721576894188,0.5394737014117078
1721576895319,0.5404209774457933
1721576896404,0.5394737014117078
1721576897439,0.5404209774457933
1721576898258,0.5394737014117078
1721576899270,0.5404209774457933
1721576900185,0.5404209774457933
1721576901236,0.5404209774457933
1721576902278,0.5404209774457933
1721576903185,0.5413682534798788
1721576904244,0.5404209774457933
1721576905614,0.5413682534798788
1721576906256,0.5404209774457933
1721576907190,0.5413682534798788
1721576908118,0.5413682534798788
1721576909126,0.5418418914969216
1721576910170,0.5413682534798788
1721576911122,0.5413682534798788
1721576912170,0.5413682534798788
1721576913201,0.5413682534798788
1721576914208,0.5413682534798788
1721576915199,0.5413682534798788
1721576916197,0.5413682534798788
1721576917182,0.5418418914969216
1721576918128,0.5418418914969216
1721576919190,0.5418418914969216
1721576920188,0.5418418914969216
1721576921195,0.5427891675310071
1721576922197,0.5427891675310071
1721576923186,0.5427891675310071
1721576924188,0.5427891675310071
1721576925199,0.5427891675310071
1721576926121,0.527119932295147
1721576927166,0.5262016048869672
1721576928175,0.527119932295147
1721576929162,0.527119932295147
1721576930124,0.5289565871115064
1721576931184,0.527119932295147
1721576932165,0.527119932295147
1721576933171,0.527119932295147
1721576934131,0.5289565871115064
1721576935164,0.527119932295147
1721576936170,0.5289565871115064
1721576937172,0.5289565871115064
1721576938170,0.527119932295147
1721576939173,0.529874914519686
1721576940179,0.5289565871115064
1721576941168,0.5289565871115064
1721576942236,0.5289565871115064
1721576943232,0.529874914519686
1721576944225,0.5289565871115064
1721576945241,0.529874914519686
1721576946192,0.529874914519686
1721576947238,0.529874914519686
1721576948228,0.529874914519686
1721576949228,0.529874914519686
1721576950222,0.5307932419278657
1721576951232,0.529874914519686
1721576952239,0.5307932419278657
1721576953230,0.5307932419278657
1721576954229,0.5317115693360455
1721576955247,0.5307932419278657
1721576956229,0.5317115693360455
1721576957220,0.5307932419278657
1721576958225,0.5307932419278657
1721576959225,0.5307932419278657
1721576960233,0.5317115693360455
1721576961230,0.5317115693360455
1721576962221,0.5317115693360455
1721576963230,0.5317115693360455
1721576964233,0.5344665515605845
1721576965236,0.5326298967442251
1721576966228,0.5344665515605845
1721576967239,0.5326298967442251
1721576968215,0.5326298967442251
1721576969245,0.5317115693360455
1721576970231,0.5326298967442251
1721576971168,0.5326298967442251
1721576972173,0.5326298967442251
1721576973246,0.5344665515605845
1721576974226,0.5344665515605845
1721576975231,0.5344665515605845
1721576976234,0.5326298967442251
1721576977238,0.5344665515605845
1721576978219,0.5344665515605845
1721576979233,0.5344665515605845
1721576980221,0.5344665515605845
1721576981229,0.5326298967442251
1721576982177,0.5344665515605845
1721576983167,0.5344665515605845
1721576984241,0.5344665515605845
1721576985250,0.5344665515605845
1721576986221,0.5353848789687642
1721576987232,0.5353848789687642
1721576988228,0.5353848789687642
1721576989229,0.5353848789687642
1721576990223,0.5353848789687642
1721576991228,0.5353848789687642
1721576992229,0.536303206376944
1721576993240,0.5344665515605845
1721576994228,0.5353848789687642
1721576995225,0.536303206376944
1721576996227,0.5353848789687642
1721576997230,0.5353848789687642
1721576998221,0.5353848789687642
1721576999233,0.5353848789687642
1721577000242,0.536303206376944
1721577001247,0.536303206376944
1721577002230,0.536303206376944
1721577003230,0.536303206376944
1721577004141,0.536303206376944
1721577005236,0.536303206376944
1721577006177,0.536303206376944
1721577007182,0.536303206376944
1721577008230,0.536303206376944
1721577009233,0.536303206376944
1721577010251,0.536303206376944
1721577011230,0.5367623700810338
1721577012229,0.536303206376944
1721577013233,0.536303206376944
1721577014241,0.5367623700810338
1721577015233,0.536303206376944
1721577016269,0.5367623700810338
1721577017226,0.5367623700810338
1721577018236,0.5367623700810338
1721577019228,0.5376806974892134
1721577020223,0.5367623700810338
1721577021235,0.5367623700810338
1721577022243,0.5367623700810338
1721577023224,0.5367623700810338
1721577024250,0.5367623700810338
1721577025246,0.536303206376944
1721577026237,0.5367623700810338
1721577027230,0.5367623700810338
1721577028235,0.5367623700810338
1721577029231,0.5367623700810338
1721577030230,0.5376806974892134
1721577031240,0.5367623700810338
1721577032238,0.5367623700810338
1721577033241,0.5367623700810338
1721577034234,0.5367623700810338
1721577035225,0.5367623700810338
1721577036233,0.5367623700810338
1721577037238,0.5367623700810338
1721577038231,0.5367623700810338
1721577039242,0.5367623700810338
1721577040240,0.5367623700810338
1721577041228,0.536303206376944
1721577042232,0.5367623700810338
1721577043181,0.5367623700810338
1721577044171,0.5367623700810338
1721577045227,0.536303206376944
1721577046237,0.5367623700810338
1721577047228,0.5376806974892134
1721577048242,0.5367623700810338
1721577049239,0.5367623700810338
1721577050223,0.5367623700810338
1721577051232,0.5367623700810338
1721577052237,0.5367623700810338
1721577053188,0.5367623700810338
1721577054233,0.5367623700810338
1721577055241,0.536303206376944
1721577056268,0.536303206376944
1721577057231,0.5367623700810338
1721577058243,0.536303206376944
1721577059245,0.5367623700810338
1721577060241,0.5367623700810338
1721577061226,0.5367623700810338
1721577062247,0.536303206376944
1721577063237,0.5367623700810338
1721577064233,0.5367623700810338
1721577065249,0.536303206376944
1721577066224,0.5367623700810338
1721577067234,0.536303206376944
1721577068244,0.5367623700810338
1721577069237,0.5367623700810338
1721577070239,0.536303206376944
1721577071260,0.536303206376944
1721577072243,0.5367623700810338
1721577073238,0.5353848789687642
1721577074245,0.536303206376944
1721577075238,0.5367623700810338
1721577076235,0.5353848789687642
1721577077243,0.536303206376944
1721577078249,0.536303206376944
1721577079237,0.536303206376944
1721577080247,0.536303206376944
1721577081227,0.5353848789687642
1721577082240,0.536303206376944
1721577083255,0.536303206376944
1721577084234,0.5353848789687642
1721577085242,0.5344665515605845
1721577086182,0.5353848789687642
1721577087128,0.5353848789687642
1721577088178,0.5353848789687642
1721577089206,0.5353848789687642
1721577090166,0.5353848789687642
1721577091165,0.536303206376944
1721577092180,0.5344665515605845
1721577093171,0.5353848789687642
1721577094177,0.5344665515605845
1721577095177,0.5353848789687642
1721577096126,0.5344665515605845
1721577097132,0.5353848789687642
1721577098194,0.5344665515605845
1721577099171,0.5353848789687642
1721577100133,0.5344665515605845
1721577101177,0.5344665515605845
1721577102168,0.5344665515605845
1721577103174,0.5344665515605845
1721577104178,0.5344665515605845
1721577105169,0.5344665515605845
1721577106178,0.5326298967442251
1721577107183,0.5326298967442251
1721577108172,0.5326298967442251
1721577109135,0.5326298967442251
1721577110183,0.5344665515605845
1721577111169,0.5326298967442251
1721577112178,0.5326298967442251
1721577113185,0.5326298967442251
1721577114566,0.5317115693360455
1721577115198,0.5326298967442251
1721577116199,0.5344665515605845
1721577117213,0.5307932419278657
1721577118200,0.5326298967442251
1721577119214,0.5317115693360455
1721577120213,0.5317115693360455
1721577121200,0.5326298967442251
1721577122207,0.5307932419278657
1721577123212,0.5317115693360455
1721577124201,0.5307932419278657
1721577125201,0.5317115693360455
1721577126198,0.5307932419278657
1721577127200,0.5307932419278657
1721577128207,0.5307932419278657
1721577129197,0.529874914519686
1721577130200,0.5307932419278657
1721577131198,0.529874914519686
1721577132173,0.529874914519686
1721577133134,0.529874914519686
1721577134223,0.529874914519686
1721577135199,0.5289565871115064
1721577136202,0.5289565871115064
1721577137215,0.529874914519686
1721577138196,0.529874914519686
1721577139194,0.5289565871115064
1721577140205,0.5289565871115064
1721577141190,0.5289565871115064
1721577142200,0.529874914519686
1721577143208,0.5289565871115064
1721577144200,0.527119932295147
1721577145205,0.5289565871115064
1721577146210,0.527119932295147
1721577147200,0.527119932295147
1721577148201,0.527119932295147
1721577149197,0.527119932295147
1721577150198,0.527119932295147
1721577151194,0.5262016048869672
1721577152187,0.5262016048869672
1721577153186,0.527119932295147
1721577154181,0.5262016048869672
1721577155205,0.5262016048869672
1721577156199,0.5262016048869672
1721577157196,0.5252832774787876
1721577158208,0.5252832774787876
1721577159203,0.5262016048869672
1721577160206,0.5262016048869672
1721577161211,0.5252832774787876
1721577162214,0.5252832774787876
1721577163205,0.5252832774787876
1721577164209,0.5252832774787876
1721577165213,0.5252832774787876
1721577166182,0.5248241137746977
1721577167188,0.5248241137746977
1721577168192,0.523905786366518
1721577169181,0.5248241137746977
1721577170184,0.5248241137746977
1721577171204,0.5248241137746977
1721577172206,0.523905786366518
1721577173202,0.5229874589583383
1721577174209,0.523905786366518
1721577175201,0.523905786366518
1721577176209,0.5229874589583383
1721577177209,0.5229874589583383
1721577178192,0.523905786366518
1721577179206,0.523905786366518
1721577180206,0.5229874589583383
1721577181185,0.5229874589583383
1721577182192,0.5211508041419789
1721577183190,0.5229874589583383
1721577184186,0.5211508041419789
1721577185184,0.5211508041419789
1721577186189,0.5211508041419789
1721577187180,0.5202324767337992
1721577188184,0.5211508041419789
1721577189189,0.5211508041419789
1721577190180,0.5202324767337992
1721577191184,0.5211508041419789
1721577192189,0.5202324767337992
1721577193179,0.5202324767337992
1721577194139,0.5193141493256195
1721577195188,0.5193141493256195
1721577196193,0.5193141493256195
1721577197137,0.5193141493256195
1721577198200,0.5193141493256195
1721577199153,0.5193141493256195
1721577200182,0.5183958219174398
1721577201184,0.5193141493256195
1721577202173,0.5174774945092601
1721577203136,0.5183958219174398
1721577204184,0.5174774945092601
1721577205172,0.5183958219174398
1721577206177,0.5174774945092601
1721577207182,0.5174774945092601
1721577208173,0.5174774945092601
1721577209187,0.5174774945092601
1721577210182,0.5165591671010804
1721577211175,0.5174774945092601
1721577212179,0.5165591671010804
1721577213187,0.5165591671010804
1721577214174,0.5165591671010804
1721577215183,0.5165591671010804
1721577216187,0.514722512284721
1721577217175,0.514722512284721
1721577218182,0.5165591671010804
1721577219186,0.5138041848765413
1721577220177,0.514722512284721
1721577221182,0.5138041848765413
1721577222188,0.5138041848765413
1721577223184,0.5138041848765413
1721577224185,0.5138041848765413
1721577225190,0.5138041848765413
1721577226181,0.5138041848765413
1721577227195,0.5128858574683616
1721577228146,0.5128858574683616
1721577229134,0.5128858574683616
1721577230180,0.5128858574683616
1721577231217,0.5124266937642717
1721577232223,0.5124266937642717
1721577233204,0.5115083663560921
1721577234195,0.5124266937642717
1721577235200,0.5115083663560921
1721577236219,0.5115083663560921
1721577237199,0.5115083663560921
1721577238187,0.5115083663560921
1721577239215,0.5115083663560921
1721577240200,0.5105900389479123
1721577241197,0.5115083663560921
1721577242192,0.5105900389479123
1721577243194,0.508753384131553
1721577244200,0.508753384131553
1721577245216,0.5105900389479123
1721577246218,0.508753384131553
1721577247214,0.508753384131553
1721577248193,0.508753384131553
1721577249214,0.508753384131553
1721577250189,0.508753384131553
1721577251192,0.5078350567233733
1721577252188,0.5078350567233733
1721577253189,0.5069167293151936
1721577254215,0.5078350567233733
1721577255216,0.5069167293151936
1721577256215,0.5069167293151936
1721577257194,0.5069167293151936
1721577258193,0.5069167293151936
1721577259185,0.5059984019070138
1721577260190,0.5059984019070138
1721577261194,0.5059984019070138
1721577262184,0.5059984019070138
1721577263212,0.5050800744988342
1721577264215,0.5050800744988342
1721577265217,0.5050800744988342
1721577266190,0.5059984019070138
1721577267211,0.5050800744988342
1721577268187,0.5041617470906545
1721577269211,0.5050800744988342
1721577270212,0.5041617470906545
1721577271178,0.5041617470906545
1721577272182,0.5023250922742951
1721577273146,0.5050800744988342
1721577274210,0.5023250922742951
1721577275209,0.5023250922742951
1721577276208,0.5023250922742951
1721577277209,0.5023250922742951
1721577278192,0.5023250922742951
1721577279210,0.5004884374579357
1721577280216,0.5014067648661154
1721577281208,0.5014067648661154
1721577282208,0.5004884374579357
1721577283208,0.5004884374579357
1721577284209,0.5014067648661154
1721577285207,0.5004884374579357
1721577286209,0.5004884374579357
1721577287208,0.5004884374579357
1721577288208,0.5000292737538459
1721577289209,0.5000292737538459
1721577290205,0.5000292737538459
1721577291207,0.49911094634566616
1721577292206,0.49911094634566616
1721577293208,0.49911094634566616
1721577294209,0.49911094634566616
1721577295205,0.49911094634566616
1721577296221,0.49911094634566616
1721577297205,0.49819261893748645
1721577298212,0.49635596412112704
1721577299203,0.49819261893748645
1721577300205,0.49635596412112704
1721577301209,0.49635596412112704
1721577302207,0.49635596412112704
1721577303206,0.49635596412112704
1721577304209,0.4954376367129473
1721577305204,0.49635596412112704
1721577306203,0.4954376367129473
1721577307205,0.49635596412112704
1721577308201,0.4954376367129473
1721577309202,0.4954376367129473
1721577310220,0.4945193093047677
1721577311207,0.4954376367129473
1721577312211,0.49360098189658796
1721577313201,0.4945193093047677
1721577314201,0.4945193093047677
1721577315201,0.4945193093047677
1721577316201,0.49360098189658796
1721577317198,0.49360098189658796
1721577318198,0.49360098189658796
1721577319204,0.49360098189658796
1721577320200,0.49360098189658796
1721577321197,0.49360098189658796
1721577322217,0.49084599967204884
1721577323200,0.49268265448840826
1721577324197,0.49268265448840826
1721577325202,0.49084599967204884
1721577326196,0.4899276722638692
1721577327198,0.49084599967204884
1721577328215,0.49084599967204884
1721577329196,0.4899276722638692
1721577330195,0.49084599967204884
1721577331192,0.4899276722638692
1721577332182,0.4899276722638692
1721577333196,0.4890093448556895
1721577334214,0.4899276722638692
1721577335207,0.4890093448556895
1721577336208,0.4890093448556895
1721577337203,0.4890093448556895
1721577338192,0.4899276722638692
1721577339198,0.4890093448556895
1721577340206,0.48809101744750977
1721577341200,0.4876318537434199
1721577342197,0.48809101744750977
1721577343212,0.48809101744750977
1721577344205,0.4876318537434199
1721577345196,0.4876318537434199
1721577346198,0.4876318537434199
1721577347203,0.4876318537434199
1721577348197,0.48671352633524023
1721577349214,0.48671352633524023
1721577350191,0.48671352633524023
1721577351199,0.48671352633524023
1721577352203,0.4848768715188808
1721577353205,0.48671352633524023
1721577354146,0.4848768715188808
1721577355207,0.4848768715188808
1721577356190,0.4848768715188808
1721577357207,0.4848768715188808
1721577358211,0.4839585441107011
1721577359196,0.4839585441107011
1721577360207,0.4830402167025214
1721577361201,0.4839585441107011
1721577362191,0.4830402167025214
1721577363194,0.4830402167025214
1721577364198,0.48212188929434174
1721577365200,0.4830402167025214
1721577366199,0.48212188929434174
1721577367212,0.48212188929434174
1721577368194,0.48212188929434174
1721577369206,0.4830402167025214
1721577370214,0.48212188929434174
1721577371191,0.48120356188616203
1721577372200,0.48120356188616203
1721577373211,0.48120356188616203
1721577374203,0.48120356188616203
1721577375200,0.48120356188616203
1721577376199,0.48120356188616203
1721577377206,0.4802852344779823
1721577378196,0.4802852344779823
1721577379209,0.4784485796616229
1721577380197,0.4802852344779823
1721577381196,0.4802852344779823
1721577382203,0.47753025225344325
1721577383193,0.47753025225344325
1721577384194,0.4784485796616229
1721577385202,0.47753025225344325
1721577386191,0.47753025225344325
1721577387206,0.47753025225344325
1721577388192,0.47753025225344325
1721577389183,0.47753025225344325
1721577390197,0.47753025225344325
1721577391214,0.47661192484526355
1721577392203,0.47661192484526355
1721577393200,0.47661192484526355
1721577394211,0.47569359743708384
1721577395204,0.47569359743708384
1721577396198,0.47569359743708384
1721577397208,0.47569359743708384
1721577398204,0.47523443373299395
1721577399196,0.47661192484526355
1721577400199,0.47523443373299395
1721577401211,0.47523443373299395
1721577402211,0.4743161063248143
1721577403199,0.4743161063248143
1721577404203,0.47523443373299395
1721577405193,0.4743161063248143
1721577406206,0.4743161063248143
1721577407211,0.4743161063248143
1721577408187,0.4743161063248143
1721577409234,0.4724794515084549
1721577410152,0.4724794515084549
1721577411184,0.4724794515084549
1721577412146,0.4724794515084549
1721577413150,0.4715611241002752
1721577414139,0.4601244588966821
1721577415146,0.4601244588966821
1721577416151,0.4601244588966821
1721577417156,0.4592284034752669
1721577418150,0.4592284034752669
1721577419192,0.45833234805385176
1721577420189,0.4592284034752669
1721577421152,0.4592284034752669
1721577422186,0.45833234805385176
1721577423191,0.45833234805385176
1721577424153,0.45833234805385176
1721577425185,0.45743629263243657
1721577426193,0.4571591008205662
1721577427195,0.4580546132609591
1721577428184,0.4571591008205662
1721577429157,0.4571591008205662
1721577430146,0.4571591008205662
1721577431138,0.45626358838017333
1721577432184,0.4571591008205662
1721577433323,0.45626358838017333
1721577434208,0.45626358838017333
1721577435208,0.45626358838017333
1721577436221,0.4544725634993876
1721577437194,0.45357705105899465
1721577438224,0.4544725634993876
1721577439214,0.4544725634993876
1721577440204,0.45357705105899465
1721577441211,0.45357705105899465
1721577442209,0.45357705105899465
1721577443207,0.45357705105899465
1721577444209,0.4526815386186018
1721577445230,0.45357705105899465
1721577446224,0.4526815386186018
1721577447207,0.4526815386186018
1721577448221,0.4526815386186018
1721577449208,0.45223378239840534
1721577450220,0.45223378239840534
1721577451193,0.45223378239840534
1721577452183,0.45223378239840534
1721577453211,0.45223378239840534
1721577454215,0.45133826995801246
1721577455209,0.45133826995801246
1721577456208,0.4495472450772267
1721577457210,0.44865173263683383
1721577458223,0.4495472450772267
1721577459216,0.44865173263683383
1721577460214,0.44865173263683383
1721577461216,0.44865173263683383
1721577462212,0.44865173263683383
1721577463214,0.44865173263683383
1721577464222,0.4495472450772267
1721577465209,0.44865173263683383
1721577466215,0.44775622019644096
1721577467220,0.4468607077560481
1721577468213,0.44775622019644096
1721577469208,0.44775622019644096
1721577470217,0.44775622019644096
1721577471213,0.44775622019644096
1721577472217,0.4468607077560481
1721577473221,0.4459651953156552
1721577474205,0.4459651953156552
1721577475204,0.4459651953156552
1721577476212,0.4450696828752623
1721577477210,0.4450696828752623
1721577478224,0.4450696828752623
1721577479220,0.4432786579944765
1721577480214,0.4450696828752623
1721577481216,0.4432786579944765
1721577482219,0.4432786579944765
1721577483214,0.4432786579944765
1721577484210,0.44238314555408365
1721577485212,0.44238314555408365
1721577486215,0.44238314555408365
1721577487217,0.44238314555408365
1721577488219,0.44148763311369077
1721577489213,0.4405921206732979
1721577490215,0.44148763311369077
1721577491222,0.4405921206732979
1721577492211,0.44148763311369077
1721577493222,0.4405921206732979
1721577494220,0.44014436445310146
1721577495211,0.4405921206732979
1721577496150,0.44014436445310146
1721577497215,0.44014436445310146
1721577498208,0.4392488520127086
1721577499220,0.4374578271319228
1721577500217,0.4392488520127086
1721577501200,0.4374578271319228
1721577502218,0.4374578271319228
1721577503216,0.4374578271319228
1721577504214,0.4365623146915299
1721577505213,0.4374578271319228
1721577506197,0.4365623146915299
1721577507184,0.435666802251137
1721577508220,0.435666802251137
1721577509221,0.435666802251137
1721577510202,0.435666802251137
1721577511219,0.435666802251137
1721577512239,0.43477128981074414
1721577513214,0.43387577737035127
1721577514151,0.43387577737035127
1721577515234,0.43387577737035127
1721577516145,0.43387577737035127
1721577517193,0.43387577737035127
1721577518212,0.4329802649299584
1721577519157,0.4329802649299584
1721577520205,0.43118924004917264
1721577521287,0.43118924004917264
1721577522278,0.43118924004917264
1721577523187,0.43118924004917264
1721577524260,0.43118924004917264
1721577525188,0.43029372760877976
1721577526282,0.4293982151683869
1721577527317,0.4293982151683869
1721577528319,0.4293982151683869
1721577529772,0.42850270272799396
1721577530465,0.42850270272799396
1721577531262,0.42850270272799396
1721577532226,0.4280549465077975
1721577533225,0.42850270272799396
1721577534208,0.4280549465077975
1721577535247,0.42715943406740464
1721577536251,0.42715943406740464
1721577537203,0.4253684091866189
1721577538229,0.4253684091866189
1721577539223,0.4253684091866189
1721577540200,0.42715943406740464
1721577541223,0.424472896746226
1721577542222,0.424472896746226
1721577543188,0.42357738430583314
1721577544193,0.42357738430583314
1721577545239,0.42268187186544026
1721577546222,0.42268187186544026
1721577547217,0.42268187186544026
1721577548219,0.4217863594250474
1721577549220,0.42268187186544026
1721577550221,0.4217863594250474
1721577551219,0.4208908469846545
1721577552196,0.4217863594250474
1721577553217,0.4208908469846545
1721577554236,0.4190998221038687
1721577555217,0.4190998221038687
1721577556223,0.4190998221038687
1721577557215,0.4190998221038687
1721577558215,0.4182043096634758
1721577559218,0.4182043096634758
1721577560215,0.41730879722308295
1721577561188,0.41730879722308295
1721577562217,0.4164132847826901
1721577563220,0.41596552856249364
1721577564213,0.41596552856249364
1721577565212,0.41596552856249364
1721577566219,0.41596552856249364
1721577567216,0.4141745036817079
1721577568216,0.4141745036817079
1721577569219,0.413278991241315
1721577570210,0.4141745036817079
1721577571192,0.413278991241315
1721577572197,0.41238347880092213
1721577573211,0.4114879663605292
1721577574217,0.41238347880092213
1721577575211,0.4114879663605292
1721577576208,0.4114879663605292
1721577577218,0.4105924539201363
1721577578225,0.4105924539201363
1721577579205,0.4105924539201363
1721577580213,0.40969694147974345
1721577581212,0.40969694147974345
1721577582210,0.4079059165989577
1721577583208,0.4079059165989577
1721577584223,0.4070104041585648
1721577585215,0.40611489171817194
1721577586231,0.4070104041585648
1721577587247,0.40611489171817194
1721577588204,0.40611489171817194
1721577589214,0.40611489171817194
1721577590251,0.40521937927777907
1721577591202,0.40521937927777907
1721577592207,0.4043238668373862
1721577593218,0.4043238668373862
1721577594214,0.4043238668373862
1721577595217,0.40387611061718975
1721577596235,0.40208508573640395
1721577597207,0.40208508573640395
1721577598219,0.40118957329601107
1721577599197,0.40118957329601107
1721577600142,0.40118957329601107
1721577601162,0.40118957329601107
1721577602238,0.4002940608556182
1721577603185,0.4002940608556182
1721577604188,0.4002940608556182
1721577605196,0.3993985484152253
1721577606187,0.3993985484152253
1721577607192,0.39850303597483244
1721577608191,0.39760752353443957
1721577609181,0.39760752353443957
1721577610188,0.3958164986536538
1721577611191,0.39760752353443957
1721577612252,0.39760752353443957
1721577613262,0.39492098621326094
1721577614260,0.3958164986536538
1721577615189,0.39492098621326094
1721577616193,0.39492098621326094
1721577617198,0.394025473772868
1721577618190,0.394025473772868
1721577619195,0.39312996133247513
1721577620199,0.3926822051122787
1721577621190,0.39312996133247513
1721577622196,0.3926822051122787
1721577623201,0.3917866926718858
1721577624189,0.3917866926718858
1721577625195,0.3917866926718858
1721577626203,0.3917866926718858
1721577627190,0.38999566779110006
1721577628196,0.3891001553507072
1721577629199,0.3891001553507072
1721577630186,0.3891001553507072
1721577631195,0.3882046429103143
1721577632216,0.3882046429103143
1721577633189,0.38730913046992144
1721577634194,0.38730913046992144
1721577635252,0.38730913046992144
1721577636243,0.38730913046992144
1721577637268,0.38641361802952856
1721577638269,0.38462259314874275
1721577639248,0.38462259314874275
1721577640267,0.38462259314874275
1721577641265,0.38462259314874275
1721577642245,0.3837270807083499
1721577643245,0.382831568267957
1721577644241,0.382831568267957
1721577645242,0.382831568267957
1721577646265,0.382831568267957
1721577647277,0.3819360558275641
1721577648244,0.38104054338717125
1721577649263,0.38104054338717125
1721577650265,0.38104054338717125
1721577651257,0.38104054338717125
1721577652261,0.3805927871669748
1721577653259,0.3805927871669748
1721577654258,0.37880176228618906
1721577655265,0.37880176228618906
1721577656258,0.37880176228618906
1721577657259,0.3779062498457962
1721577658194,0.37701073740540325
1721577659257,0.37701073740540325
1721577660238,0.37701073740540325
1721577661285,0.37701073740540325
1721577662274,0.3761152249650104
1721577663257,0.3761152249650104
1721577664254,0.3752197125246175
1721577665260,0.3743242000842246
1721577666276,0.3752197125246175
1721577667258,0.3743242000842246
1721577668270,0.3752197125246175
1721577669251,0.37253317520343887
1721577670254,0.371637662763046
1721577671251,0.37253317520343887
1721577672251,0.371637662763046
1721577673253,0.371637662763046
1721577674254,0.371637662763046
1721577675257,0.36984663788226024
1721577676250,0.36984663788226024
1721577677252,0.36984663788226024
1721577678252,0.36984663788226024
1721577679250,0.36984663788226024
1721577680260,0.36984663788226024
1721577681248,0.3689511254418673
1721577682254,0.36984663788226024
1721577683258,0.3685033692216709
1721577684248,0.3685033692216709
1721577685260,0.3667123443408851
1721577686257,0.3667123443408851
1721577687256,0.3667123443408851
1721577688208,0.36581683190049225
1721577689201,0.3667123443408851
1721577690218,0.36492131946009937
1721577691196,0.36492131946009937
1721577692199,0.36492131946009937
1721577693281,0.3640258070197065
1721577694256,0.3640258070197065
1721577695254,0.3640258070197065
1721577696267,0.3631302945793136
1721577697257,0.3640258070197065
1721577698271,0.3631302945793136
1721577699163,0.36223478213892074
1721577700151,0.3631302945793136
1721577701256,0.36223478213892074
1721577702260,0.36223478213892074
1721577703253,0.36044375725813493
1721577704258,0.35954824481774206
1721577705264,0.36044375725813493
1721577706295,0.35954824481774206
1721577707258,0.36044375725813493
1721577708252,0.35954824481774206
1721577709149,0.3586527323773492
1721577710257,0.3586527323773492
1721577711267,0.3577572199369563
1721577712247,0.35686170749656343
1721577713254,0.3577572199369563
1721577714262,0.356413951276367
1721577715262,0.35686170749656343
1721577716272,0.35686170749656343
1721577717264,0.356413951276367
1721577718256,0.356413951276367
1721577719258,0.35462292639558124
1721577720263,0.35462292639558124
1721577721239,0.35462292639558124
1721577722270,0.35462292639558124
1721577723263,0.35372741395518836
1721577724280,0.35462292639558124
1721577725255,0.35372741395518836
1721577726258,0.3528319015147955
1721577727172,0.3528319015147955
1721577728264,0.3528319015147955
1721577729205,0.35193638907440256
1721577730165,0.35193638907440256
1721577731242,0.35193638907440256
1721577732259,0.3510408766340097
1721577733240,0.3510408766340097
1721577734254,0.3510408766340097
1721577735264,0.3510408766340097
1721577736251,0.3510408766340097
1721577737281,0.3492498517532239
1721577738283,0.3492498517532239
1721577739254,0.34835433931283105
1721577740257,0.34835433931283105
1721577741261,0.34835433931283105
1721577742249,0.3474588268724382
1721577743256,0.3465633144320453
1721577744258,0.3474588268724382
1721577745251,0.3465633144320453
1721577746262,0.3465633144320453
1721577747260,0.3465633144320453
1721577748263,0.3456678019916524
1721577749287,0.345220045771456
1721577750272,0.3456678019916524
1721577751256,0.345220045771456
1721577752247,0.345220045771456
1721577753268,0.345220045771456
1721577754257,0.345220045771456
1721577755252,0.3434290208906702
1721577756294,0.345220045771456
1721577757253,0.3434290208906702
1721577758259,0.3425335084502773
1721577759162,0.3425335084502773
1721577760244,0.3416379960098844
1721577761246,0.3416379960098844
1721577762268,0.3416379960098844
1721577763267,0.3416379960098844
1721577764262,0.3398469711290987
1721577765256,0.34074248356949155
1721577766253,0.3398469711290987
1721577767254,0.3398469711290987
1721577768256,0.3398469711290987
1721577769261,0.3389514586887058
1721577770252,0.3389514586887058
1721577771268,0.3389514586887058
1721577772254,0.3389514586887058
1721577773259,0.33716043380792005
1721577774259,0.33716043380792005
1721577775260,0.33716043380792005
1721577776262,0.33626492136752717
1721577777267,0.33626492136752717
1721577778274,0.33626492136752717
1721577779252,0.33536940892713424
1721577780264,0.33626492136752717
1721577781254,0.33536940892713424
1721577782266,0.33536940892713424
1721577783276,0.33536940892713424
1721577784278,0.33447389648674136
1721577785245,0.33447389648674136
1721577786261,0.33447389648674136
1721577787193,0.33447389648674136
1721577788198,0.3335783840463485
1721577789252,0.3335783840463485
1721577790244,0.3335783840463485
1721577791200,0.33313062782615205
1721577792205,0.33313062782615205
1721577793193,0.33313062782615205
1721577794198,0.33313062782615205
1721577795246,0.33313062782615205
1721577796237,0.3313396029453663
1721577797199,0.3304440905049734
1721577798251,0.3313396029453663
1721577799256,0.3313396029453663
1721577800262,0.3304440905049734
1721577801263,0.32954857806458054
1721577802248,0.3304440905049734
1721577803254,0.32954857806458054
1721577804255,0.32954857806458054
1721577805264,0.32954857806458054
1721577806249,0.32954857806458054
1721577807265,0.32865306562418767
1721577808246,0.32865306562418767
1721577809269,0.32865306562418767
1721577810260,0.32865306562418767
1721577811194,0.32865306562418767
1721577812200,0.3277575531837948
1721577813262,0.32686204074340186
1721577814250,0.3277575531837948
1721577815252,0.3277575531837948
1721577816248,0.3277575531837948
1721577817251,0.3277575531837948
1721577818260,0.3250710158626161
1721577819254,0.3250710158626161
1721577820247,0.32686204074340186
1721577821254,0.32686204074340186
1721577822264,0.3250710158626161
1721577823264,0.3250710158626161
1721577824273,0.3250710158626161
1721577825279,0.3250710158626161
1721577826252,0.32417550342222323
1721577827256,0.32417550342222323
1721577828263,0.32417550342222323
1721577829249,0.32327999098183036
1721577830247,0.32327999098183036
1721577831268,0.32417550342222323
1721577832253,0.32417550342222323
1721577833255,0.32327999098183036
1721577834249,0.32327999098183036
1721577835240,0.32327999098183036
1721577836253,0.32327999098183036
1721577837260,0.32327999098183036
1721577838249,0.3223844785414375
1721577839266,0.3223844785414375
1721577840260,0.3214889661010446
1721577841248,0.3214889661010446
1721577842258,0.3214889661010446
1721577843250,0.3214889661010446
1721577844247,0.3201456974404553
1721577845255,0.3214889661010446
1721577846265,0.3201456974404553
1721577847258,0.3214889661010446
1721577848249,0.3201456974404553
1721577849262,0.3201456974404553
1721577850252,0.3192501850000624
1721577851251,0.3192501850000624
1721577852264,0.3192501850000624
1721577853249,0.3192501850000624
1721577854262,0.3192501850000624
1721577855258,0.3183546725596695
1721577856245,0.3183546725596695
1721577857252,0.3183546725596695
1721577858297,0.3183546725596695
1721577859241,0.3174591601192766
1721577860256,0.3174591601192766
1721577861254,0.3174591601192766
1721577862243,0.3174591601192766
1721577863257,0.3174591601192766
1721577864260,0.3183546725596695
1721577865248,0.3174591601192766
1721577866260,0.3183546725596695
1721577867252,0.31656364767888373
1721577868272,0.3192501850000624
1721577869155,0.3183546725596695
1721577870262,0.3192501850000624
1721577871253,0.31656364767888373
1721577872256,0.3174591601192766
1721577873259,0.31656364767888373
1721577874249,0.31656364767888373
1721577875251,0.31656364767888373
1721577876254,0.31656364767888373
1721577877244,0.31566813523849085
1721577878262,0.31566813523849085
1721577879272,0.3138771103577051
1721577880260,0.31566813523849085
1721577881252,0.31566813523849085
1721577882262,0.3138771103577051
1721577883253,0.3138771103577051
1721577884264,0.3138771103577051
1721577885259,0.3138771103577051
1721577886247,0.3129815979173122
1721577887251,0.31566813523849085
1721577888260,0.3138771103577051
1721577889260,0.3138771103577051
1721577890256,0.3138771103577051
1721577891265,0.3129815979173122
1721577892248,0.3138771103577051
1721577893254,0.3138771103577051
1721577894246,0.3129815979173122
1721577895244,0.3129815979173122
1721577896260,0.3129815979173122
1721577897252,0.3129815979173122
1721577898252,0.3129815979173122
1721577899256,0.3129815979173122
1721577900254,0.3129815979173122
1721577901242,0.31208608547691935
1721577902259,0.3129815979173122
1721577903256,0.31208608547691935
1721577904253,0.31208608547691935
1721577905254,0.3111905730365265
1721577906262,0.31208608547691935
1721577907262,0.31208608547691935
1721577908261,0.3111905730365265
1721577909256,0.3111905730365265
1721577910267,0.3111905730365265
1721577911256,0.3111905730365265
1721577912267,0.3102950605961336
1721577913271,0.3111905730365265
1721577914256,0.3111905730365265
1721577915258,0.3102950605961336
1721577916266,0.3102950605961336
1721577917274,0.3111905730365265
1721577918258,0.3111905730365265
1721577919260,0.3102950605961336
1721577920256,0.3102950605961336
1721577921252,0.3102950605961336
1721577922251,0.30939954815574067
1721577923253,0.3102950605961336
1721577924255,0.3102950605961336
1721577925245,0.3102950605961336
1721577926260,0.30939954815574067
1721577927250,0.3111905730365265
1721577928247,0.30939954815574067
1721577929258,0.30939954815574067
1721577930279,0.3102950605961336
1721577931194,0.3102950605961336
1721577932197,0.30805627949515135
1721577933267,0.30939954815574067
1721577934248,0.30805627949515135
1721577935250,0.30805627949515135
1721577936257,0.30939954815574067
1721577937250,0.30805627949515135
1721577938258,0.30805627949515135
1721577939255,0.30939954815574067
1721577940245,0.30805627949515135
1721577941260,0.30805627949515135
1721577942272,0.30805627949515135
1721577943255,0.3071607670547585
1721577944263,0.3071607670547585
1721577945257,0.30805627949515135
1721577946255,0.30805627949515135
1721577947265,0.30805627949515135
1721577948263,0.3071607670547585
1721577949254,0.30805627949515135
1721577950248,0.30805627949515135
1721577951264,0.3071607670547585
1721577952252,0.30805627949515135
1721577953253,0.3071607670547585
1721577954257,0.3071607670547585
1721577955260,0.30805627949515135
1721577956259,0.3062652546143656
1721577957265,0.3071607670547585
1721577958250,0.3071607670547585
1721577959256,0.3071607670547585
1721577960265,0.3071607670547585
1721577961269,0.3071607670547585
1721577962244,0.3071607670547585
1721577963255,0.3071607670547585
1721577964256,0.3071607670547585
1721577965244,0.3062652546143656
1721577966263,0.3071607670547585
1721577967252,0.3071607670547585
1721577968266,0.3071607670547585
1721577969270,0.3071607670547585
1721577970260,0.3062652546143656
1721577971254,0.3062652546143656
1721577972257,0.3062652546143656
1721577973242,0.3062652546143656
1721577974253,0.3062652546143656
1721577975265,0.3062652546143656
1721577976194,0.3062652546143656
1721577977171,0.3071607670547585
1721577978238,0.3071607670547585
1721577979251,0.3062652546143656
1721577980246,0.3062652546143656
1721577981261,0.3062652546143656
1721577982253,0.3062652546143656
1721577983255,0.3062652546143656
1721577984258,0.3053697421739727
1721577985248,0.3053697421739727
1721577986258,0.3062652546143656
1721577987263,0.3053697421739727
1721577988193,0.3053697421739727
1721577989197,0.3062652546143656
1721577990250,0.3053697421739727
1721577991248,0.3053697421739727
1721577992250,0.3053697421739727
1721577993259,0.3053697421739727
1721577994251,0.3053697421739727
1721577995251,0.3053697421739727
1721577996249,0.3053697421739727
1721577997253,0.30447422973357985
1721577998256,0.3053697421739727
1721577999261,0.3053697421739727
1721578000254,0.3053697421739727
1721578001251,0.3053697421739727
1721578002256,0.3053697421739727
1721578003249,0.30447422973357985
1721578004258,0.30447422973357985
1721578005266,0.303578717293187
1721578006249,0.30447422973357985
1721578007257,0.30447422973357985
1721578008258,0.30447422973357985
1721578009245,0.30447422973357985
1721578010254,0.30447422973357985
1721578011254,0.30447422973357985
1721578012231,0.30447422973357985
1721578013260,0.303578717293187
1721578014255,0.30447422973357985
1721578015254,0.30447422973357985
1721578016268,0.30447422973357985
1721578017259,0.303578717293187
1721578018245,0.30447422973357985
1721578019261,0.30447422973357985
1721578020256,0.30447422973357985
1721578021250,0.303578717293187
1721578022254,0.30447422973357985
1721578023259,0.303578717293187
1721578024250,0.303578717293187
1721578025255,0.303578717293187
1721578026256,0.30447422973357985
1721578027275,0.30447422973357985
1721578028252,0.30447422973357985
1721578029273,0.303578717293187
1721578030275,0.303578717293187
1721578031256,0.30447422973357985
1721578032270,0.303578717293187
1721578033265,0.303578717293187
1721578034255,0.303578717293187
1721578035250,0.30447422973357985
1721578036166,0.303578717293187
1721578037251,0.303578717293187
1721578038305,0.303578717293187
1721578039281,0.303578717293187
1721578040271,0.3017876924124012
1721578041245,0.303578717293187
1721578042258,0.303578717293187
1721578043250,0.3017876924124012
1721578044258,0.303578717293187
1721578045233,0.3017876924124012
1721578046261,0.3017876924124012
1721578047161,0.3017876924124012
1721578048269,0.3017876924124012
1721578049261,0.3017876924124012
1721578050274,0.3017876924124012
1721578051208,0.3017876924124012
1721578052214,0.3017876924124012
1721578053268,0.303578717293187
1721578054260,0.303578717293187
1721578055256,0.303578717293187
1721578056265,0.303578717293187
1721578057279,0.3017876924124012
1721578058251,0.3017876924124012
1721578059258,0.3017876924124012
1721578060257,0.3017876924124012
1721578061256,0.3017876924124012
1721578062202,0.3017876924124012
1721578063208,0.3017876924124012
1721578064228,0.3017876924124012
1721578065203,0.3017876924124012
1721578066222,0.3017876924124012
1721578067197,0.3017876924124012
1721578068219,0.3017876924124012
1721578069268,0.3008921799720083
1721578070263,0.3017876924124012
1721578071257,0.3017876924124012
1721578072264,0.3008921799720083
1721578073254,0.3008921799720083
1721578074251,0.3017876924124012
1721578075263,0.3017876924124012
1721578076268,0.3017876924124012
1721578077264,0.3017876924124012
1721578078263,0.3008921799720083
1721578079248,0.2999966675316154
1721578080261,0.3008921799720083
1721578081266,0.3008921799720083
1721578082253,0.2999966675316154
1721578083286,0.2999966675316154
1721578084257,0.3008921799720083
1721578085285,0.2999966675316154
1721578086265,0.3017876924124012
1721578087261,0.3017876924124012
1721578088262,0.2999966675316154
1721578089257,0.3008921799720083
1721578090264,0.3008921799720083
1721578091253,0.3008921799720083
1721578092264,0.2999966675316154
1721578093263,0.3008921799720083
1721578094257,0.2999966675316154
1721578095262,0.2999966675316154
1721578096278,0.3008921799720083
1721578097259,0.2999966675316154
1721578098305,0.3008921799720083
1721578099294,0.2999966675316154
1721578100279,0.3008921799720083
1721578101286,0.2999966675316154
1721578102278,0.2999966675316154
1721578103249,0.2999966675316154
1721578104276,0.2999966675316154
1721578105277,0.3008921799720083
1721578106257,0.2999966675316154
1721578107299,0.2999966675316154
1721578108243,0.2999966675316154
1721578109245,0.28927305869302167
1721578110273,0.28927305869302167
1721578111246,0.28927305869302167
1721578112273,0.2884095570252813
1721578113272,0.28927305869302167
1721578114244,0.2884095570252813
1721578115250,0.2884095570252813
1721578116272,0.28927305869302167
1721578117272,0.2884095570252813
1721578118272,0.28927305869302167
1721578119272,0.2884095570252813
1721578120471,0.2884095570252813
1721578121273,0.2884095570252813
1721578122315,0.2884095570252813
1721578123270,0.2884095570252813
1721578124249,0.28754605535754096
1721578125289,0.2866825536898006
1721578126238,0.28754605535754096
1721578127267,0.2884095570252813
1721578128273,0.2884095570252813
1721578129247,0.28754605535754096
1721578130267,0.28754605535754096
1721578131275,0.28754605535754096
1721578132246,0.2866825536898006
1721578133268,0.2884095570252813
1721578134266,0.2866825536898006
1721578135246,0.28754605535754096
1721578136243,0.28754605535754096
1721578137267,0.2866825536898006
1721578138246,0.28754605535754096
1721578139264,0.2866825536898006
1721578140263,0.2866825536898006
1721578141264,0.28754605535754096
1721578142272,0.2866825536898006
1721578143278,0.28538730118819006
1721578144264,0.2866825536898006
1721578145266,0.28538730118819006
1721578146261,0.28538730118819006
1721578147265,0.28538730118819006
1721578148267,0.2866825536898006
1721578149263,0.28538730118819006
1721578150266,0.28538730118819006
1721578151263,0.2845237995204497
1721578152267,0.28538730118819006
1721578153258,0.2845237995204497
1721578154257,0.2845237995204497
1721578155265,0.28538730118819006
1721578156259,0.28538730118819006
1721578157256,0.2845237995204497
1721578158260,0.2845237995204497
1721578159254,0.2845237995204497
1721578160255,0.28366029785270935
1721578161255,0.28366029785270935
1721578162296,0.28366029785270935
1721578163252,0.28366029785270935
1721578164271,0.28279679618496895
1721578165316,0.28279679618496895
1721578166251,0.28366029785270935
1721578167262,0.28366029785270935
1721578168151,0.28279679618496895
1721578169259,0.28279679618496895
1721578170254,0.28279679618496895
1721578171193,0.28279679618496895
1721578172198,0.28279679618496895
1721578173280,0.2819332945172286
1721578174249,0.2819332945172286
1721578175197,0.2819332945172286
1721578176202,0.28279679618496895
1721578177194,0.2819332945172286
1721578178197,0.2819332945172286
1721578179202,0.2819332945172286
1721578180193,0.2819332945172286
1721578181201,0.28106979284948824
1721578182201,0.2819332945172286
1721578183193,0.2819332945172286
1721578184198,0.2819332945172286
1721578185268,0.28106979284948824
1721578186246,0.28106979284948824
1721578187253,0.2793427895140075
1721578188259,0.28106979284948824
1721578189265,0.2793427895140075
1721578190253,0.2793427895140075
1721578191259,0.2793427895140075
1721578192257,0.2793427895140075
1721578193254,0.2793427895140075
1721578194263,0.27847928784626713
1721578195223,0.27847928784626713
1721578196199,0.27847928784626713
1721578197250,0.2793427895140075
1721578198262,0.27847928784626713
1721578199259,0.2776157861785268
1721578200263,0.2776157861785268
1721578201261,0.27847928784626713
1721578202249,0.2776157861785268
1721578203261,0.2776157861785268
1721578204261,0.27675228451078643
1721578205249,0.2776157861785268
1721578206272,0.2776157861785268
1721578207270,0.27675228451078643
1721578208241,0.2776157861785268
1721578209258,0.27675228451078643
1721578210209,0.2758887828430461
1721578211246,0.2758887828430461
1721578212234,0.2758887828430461
1721578213256,0.2758887828430461
1721578214255,0.2758887828430461
1721578215272,0.2758887828430461
1721578216256,0.2745935303414355
1721578217249,0.27373002867369517
1721578218275,0.2745935303414355
1721578219269,0.2745935303414355
1721578220256,0.2745935303414355
1721578221259,0.27373002867369517
1721578222264,0.27286652700595476
1721578223251,0.27373002867369517
1721578224258,0.27286652700595476
1721578225273,0.2720030253382144
1721578226252,0.27373002867369517
1721578227253,0.27286652700595476
1721578228248,0.2720030253382144
1721578229244,0.27113952367047406
1721578230254,0.2720030253382144
1721578231268,0.2720030253382144
1721578232257,0.27113952367047406
1721578233249,0.2720030253382144
1721578234267,0.27113952367047406
1721578235256,0.2720030253382144
1721578236260,0.2702760220027337
1721578237269,0.27113952367047406
1721578238253,0.2702760220027337
1721578239263,0.27113952367047406
1721578240264,0.2702760220027337
1721578241253,0.2702760220027337
1721578242262,0.2702760220027337
1721578243260,0.26854901866725295
1721578244253,0.26854901866725295
1721578245266,0.26854901866725295
1721578246264,0.2676855169995126
1721578247256,0.2676855169995126
1721578248251,0.2676855169995126
1721578249261,0.26682201533177224
1721578250260,0.26682201533177224
1721578251203,0.26682201533177224
1721578252208,0.2659585136640319
1721578253257,0.26682201533177224
1721578254248,0.2659585136640319
1721578255266,0.2659585136640319
1721578256247,0.2659585136640319
1721578257197,0.26509501199629154
1721578258272,0.26423151032855113
1721578259247,0.26509501199629154
1721578260250,0.26423151032855113
1721578261265,0.26423151032855113
1721578262251,0.26423151032855113
1721578263202,0.26423151032855113
1721578264207,0.26293625782694063
1721578265251,0.26293625782694063
1721578266203,0.26293625782694063
1721578267250,0.26293625782694063
1721578268265,0.2620727561592002
1721578269204,0.2620727561592002
1721578270223,0.2620727561592002
1721578271198,0.2612092544914599
1721578272263,0.2620727561592002
1721578273254,0.2612092544914599
1721578274256,0.2603457528237195
1721578275266,0.2603457528237195
1721578276258,0.2603457528237195
1721578277253,0.2603457528237195
1721578278240,0.25948225115597917
1721578279248,0.25948225115597917
1721578280235,0.25948225115597917
1721578281240,0.2586187494882388
1721578282265,0.2586187494882388
1721578283279,0.25689174615275806
1721578284202,0.25689174615275806
1721578285207,0.25689174615275806
1721578286249,0.2560282444850177
1721578287246,0.25689174615275806
1721578288209,0.2560282444850177
1721578289196,0.2560282444850177
1721578290275,0.25516474281727736
1721578291207,0.2560282444850177
1721578292195,0.25516474281727736
1721578293264,0.25430124114953695
1721578294248,0.2534377394817966
1721578295196,0.25430124114953695
1721578296244,0.25430124114953695
1721578297205,0.2534377394817966
1721578298193,0.25257423781405625
1721578299215,0.25257423781405625
1721578300210,0.2512789853124457
1721578301197,0.25257423781405625
1721578302202,0.2512789853124457
1721578303208,0.2512789853124457
1721578304196,0.25041548364470534
1721578305202,0.2512789853124457
1721578306207,0.2512789853124457
1721578307193,0.25041548364470534
1721578308248,0.25041548364470534
1721578309208,0.249551981976965
1721578310195,0.2486884803092246
1721578311201,0.2486884803092246
1721578312205,0.24782497864148426
1721578313195,0.2486884803092246
1721578314203,0.24782497864148426
1721578315206,0.24782497864148426
1721578316193,0.24609797530600352
1721578317269,0.24609797530600352
1721578318218,0.24609797530600352
1721578319226,0.24609797530600352
1721578320200,0.24523447363826317
1721578321247,0.2443709719705228
1721578322193,0.2443709719705228
1721578323225,0.2443709719705228
1721578324264,0.24350747030278244
1721578325253,0.24350747030278244
1721578326201,0.24264396863504206
1721578327207,0.24264396863504206
1721578328265,0.24264396863504206
1721578329255,0.24264396863504206
1721578330244,0.24264396863504206
1721578331223,0.2417804669673017
1721578332200,0.2417804669673017
1721578333204,0.2396217127979508
1721578334210,0.24048521446569116
1721578335256,0.2396217127979508
1721578336238,0.2396217127979508
1721578337213,0.23875821113021042
1721578338224,0.23875821113021042
1721578339273,0.23789470946247007
1721578340262,0.23789470946247007
1721578341202,0.23789470946247007
1721578342206,0.23789470946247007
1721578343249,0.23703120779472972
1721578344242,0.23703120779472972
1721578345204,0.23616770612698934
1721578346251,0.23616770612698934
1721578347254,0.2344407027915086
1721578348248,0.23616770612698934
1721578349249,0.2344407027915086
1721578350234,0.2344407027915086
1721578351265,0.23357720112376826
1721578352211,0.23357720112376826
1721578353260,0.2327136994560279
1721578354265,0.2327136994560279
1721578355265,0.23185019778828753
1721578356251,0.23185019778828753
1721578357264,0.23185019778828753
1721578358259,0.23185019778828753
1721578359264,0.23185019778828753
1721578360271,0.2301231944528068
1721578361265,0.22882794195119627
1721578362245,0.2301231944528068
1721578363257,0.22882794195119627
1721578364271,0.22882794195119627
1721578365257,0.2279644402834559
1721578366259,0.22882794195119627
1721578367254,0.22710093861571554
1721578368241,0.22710093861571554
1721578369241,0.2279644402834559
1721578370267,0.22623743694797516
1721578371244,0.22623743694797516
1721578372244,0.2253739352802348
1721578373246,0.2253739352802348
1721578374231,0.2253739352802348
1721578375250,0.2253739352802348
1721578376263,0.22451043361249445
1721578377260,0.22451043361249445
1721578378265,0.22278343027701372
1721578379263,0.22278343027701372
1721578380259,0.22191992860927334
1721578381256,0.221056426941533
1721578382265,0.221056426941533
1721578383251,0.221056426941533
1721578384170,0.221056426941533
1721578385306,0.22019292527379264
1721578386238,0.22019292527379264
1721578387201,0.21932942360605226
1721578388211,0.21932942360605226
1721578389196,0.2184659219383119
1721578390171,0.2184659219383119
1721578391215,0.21932942360605226
1721578392202,0.21717066943670135
1721578393162,0.21717066943670135
1721578394209,0.216307167768961
1721578395200,0.216307167768961
1721578396207,0.216307167768961
1721578397211,0.216307167768961
1721578398201,0.21544366610122062
1721578399205,0.21544366610122062
1721578400207,0.21458016443348027
1721578401198,0.21458016443348027
1721578402205,0.2137166627657399
1721578403207,0.2137166627657399
1721578404223,0.2119896594302592
1721578405214,0.2119896594302592
1721578406207,0.2111261577625188
1721578407226,0.2111261577625188
1721578408218,0.21026265609477846
1721578409227,0.21026265609477846
1721578410198,0.20939915442703808
1721578411203,0.20939915442703808
1721578412222,0.20853565275929772
1721578413228,0.20853565275929772
1721578414210,0.20767215109155737
1721578415251,0.20767215109155737
1721578416220,0.20767215109155737
1721578417218,0.20637689858994682
1721578418208,0.20637689858994682
1721578419198,0.20637689858994682
1721578420222,0.20551339692220646
1721578421231,0.20551339692220646
1721578422194,0.20464989525446609
1721578423212,0.20464989525446609
1721578424205,0.20378639358672573
1721578425199,0.20378639358672573
1721578426208,0.20292289191898535
1721578427216,0.20292289191898535
1721578428224,0.20292289191898535
1721578429229,0.20292289191898535
1721578430205,0.20292289191898535
1721578431202,0.202059390251245
1721578432199,0.202059390251245
1721578433205,0.20033238691576427
1721578434198,0.20033238691576427
1721578435216,0.19946888524802392
1721578436207,0.19946888524802392
1721578437197,0.19860538358028354
1721578438246,0.19946888524802392
1721578439256,0.19860538358028354
1721578440197,0.19860538358028354
1721578441247,0.19860538358028354
1721578442204,0.19860538358028354
1721578443195,0.1977418819125432
1721578444233,0.1968783802448028
1721578445214,0.1968783802448028
1721578446225,0.1968783802448028
1721578447259,0.19601487857706246
1721578448205,0.19601487857706246
1721578449230,0.19601487857706246
1721578450203,0.19601487857706246
1721578451208,0.1947196260754519
1721578452213,0.1947196260754519
1721578453232,0.1947196260754519
1721578454229,0.1947196260754519
1721578455236,0.19385612440771155
1721578456218,0.19385612440771155
1721578457207,0.19385612440771155
1721578458232,0.19385612440771155
1721578459241,0.1929926227399712
1721578460226,0.1929926227399712
1721578461222,0.1929926227399712
1721578462198,0.19212912107223082
1721578463204,0.19126561940449047
1721578464224,0.19212912107223082
1721578465242,0.19212912107223082
1721578466203,0.19126561940449047
1721578467208,0.1904021177367501
1721578468199,0.19126561940449047
1721578469203,0.1904021177367501
1721578470242,0.19126561940449047
1721578471198,0.19126561940449047
1721578472235,0.1904021177367501
1721578473213,0.1904021177367501
1721578474308,0.1904021177367501
1721578475222,0.1904021177367501
1721578476210,0.18867511440126936
1721578477202,0.1904021177367501
1721578478210,0.1904021177367501
1721578479213,0.18867511440126936
1721578480208,0.187811612733529
1721578481210,0.18867511440126936
1721578482216,0.187811612733529
1721578483207,0.187811612733529
1721578484208,0.18694811106578865
1721578485216,0.187811612733529
1721578486206,0.187811612733529
1721578487213,0.18694811106578865
1721578488217,0.18694811106578865
1721578489207,0.18608460939804827
1721578490212,0.18694811106578865
1721578491215,0.18608460939804827
1721578492207,0.18608460939804827
1721578493211,0.18608460939804827
1721578494246,0.18522110773030792
1721578495242,0.18608460939804827
1721578496319,0.18608460939804827
1721578497251,0.18608460939804827
1721578498244,0.18522110773030792
1721578499203,0.18522110773030792
1721578500212,0.18522110773030792
1721578501202,0.18522110773030792
1721578502208,0.1834941043948272
1721578503214,0.18522110773030792
1721578504204,0.18522110773030792
1721578505210,0.1834941043948272
1721578506214,0.1834941043948272
1721578507162,0.1834941043948272
1721578508210,0.1834941043948272
1721578509215,0.18306235356095701
1721578510203,0.18306235356095701
1721578511240,0.18306235356095701
1721578512235,0.18306235356095701
1721578513206,0.18306235356095701
1721578514211,0.18306235356095701
1721578515215,0.18306235356095701
1721578516207,0.18219885189321663
1721578517227,0.18219885189321663
1721578518169,0.18219885189321663
1721578519203,0.18219885189321663
1721578520211,0.18219885189321663
1721578521245,0.18219885189321663
1721578522207,0.18219885189321663
1721578523209,0.18219885189321663
1721578524215,0.18306235356095701
1721578525201,0.18219885189321663
1721578526214,0.18133535022547628
1721578527215,0.18219885189321663
1721578528205,0.18133535022547628
1721578529263,0.18133535022547628
1721578530262,0.18133535022547628
1721578531202,0.18219885189321663
1721578532222,0.18133535022547628
1721578533252,0.18133535022547628
1721578534203,0.18133535022547628
1721578535208,0.18133535022547628
1721578536222,0.18133535022547628
1721578537288,0.18133535022547628
1721578538209,0.18047184855773593
1721578539279,0.18047184855773593
1721578540248,0.18047184855773593
1721578541279,0.18047184855773593
1721578542275,0.18133535022547628
1721578543241,0.18047184855773593
1721578544247,0.18047184855773593
1721578545245,0.18047184855773593
1721578546202,0.18047184855773593
1721578547207,0.18047184855773593
1721578548215,0.18047184855773593
1721578549247,0.17960834688999555
1721578550264,0.17960834688999555
1721578551269,0.17960834688999555
1721578552267,0.1760146346751198
1721578553264,0.17517245938959292
1721578554273,0.17517245938959292
1721578555258,0.17517245938959292
1721578556266,0.1760146346751198
1721578557277,0.1760146346751198
1721578558259,0.17517245938959292
1721578559268,0.17517245938959292
1721578560278,0.17517245938959292
1721578561265,0.17517245938959292
1721578562273,0.17517245938959292
1721578563264,0.17517245938959292
1721578564265,0.17348810881853916
1721578565265,0.17517245938959292
1721578566279,0.17348810881853916
1721578567271,0.17348810881853916
1721578568262,0.17517245938959292
1721578569269,0.17517245938959292
1721578570220,0.17517245938959292
1721578571210,0.17517245938959292
1721578572171,0.17348810881853916
1721578573264,0.17517245938959292
1721578574275,0.17348810881853916
1721578575255,0.17348810881853916
1721578576246,0.17264593353301225
1721578577249,0.17517245938959292
1721578578260,0.17517245938959292
1721578579241,0.17348810881853916
1721578580278,0.17348810881853916
1721578581267,0.17348810881853916
1721578582261,0.17348810881853916
1721578583267,0.17517245938959292
1721578584267,0.17348810881853916
1721578585265,0.17348810881853916
1721578586266,0.17348810881853916
1721578587267,0.17348810881853916
1721578588216,0.17517245938959292
1721578589205,0.17348810881853916
1721578590268,0.17348810881853916
1721578591264,0.17348810881853916
1721578592266,0.17348810881853916
1721578593275,0.17348810881853916
1721578594269,0.17348810881853916
1721578595271,0.17348810881853916
1721578596268,0.17348810881853916
1721578597257,0.17348810881853916
1721578598277,0.17348810881853916
1721578599270,0.17348810881853916
1721578600293,0.17348810881853916
1721578601266,0.17348810881853916
1721578602217,0.17348810881853916
1721578603219,0.17348810881853916
1721578604277,0.17348810881853916
1721578605271,0.17348810881853916
1721578606283,0.17348810881853916
1721578607265,0.17348810881853916
1721578608270,0.17348810881853916
1721578609282,0.17348810881853916
1721578610267,0.17517245938959292
1721578611272,0.17517245938959292
1721578612263,0.17348810881853916
1721578613263,0.17517245938959292
1721578614283,0.17517245938959292
1721578615292,0.17517245938959292
1721578616270,0.17517245938959292
1721578617277,0.17517245938959292
1721578618278,0.17348810881853916
1721578619278,0.17348810881853916
1721578620263,0.17517245938959292
1721578621273,0.17517245938959292
1721578622264,0.17517245938959292
1721578623259,0.17517245938959292
1721578624221,0.17517245938959292
1721578625317,0.1760146346751198
1721578626277,0.17517245938959292
1721578627280,0.17517245938959292
1721578628359,0.17517245938959292
1721578629287,0.17517245938959292
1721578630281,0.1760146346751198
1721578631309,0.17517245938959292
1721578632319,0.1760146346751198
1721578633281,0.1760146346751198
1721578634277,0.1760146346751198
1721578635228,0.1760146346751198
1721578636233,0.1760146346751198
1721578637271,0.1760146346751198
1721578638306,0.1760146346751198
1721578639286,0.1760146346751198
1721578640283,0.1760146346751198
1721578641219,0.1760146346751198
1721578642221,0.1760146346751198
1721578643559,0.1760146346751198
1721578644451,0.1760146346751198
1721578645235,0.1760146346751198
1721578646240,0.1760146346751198
1721578647264,0.1760146346751198
1721578648280,0.1768568099606467
1721578649240,0.1768568099606467
1721578650215,0.1768568099606467
1721578651219,0.1768568099606467
1721578652207,0.1768568099606467
1721578653214,0.1768568099606467
1721578654219,0.1768568099606467
1721578655210,0.17769898524617359
1721578656215,0.1760146346751198
1721578657254,0.1768568099606467
1721578658275,0.1768568099606467
1721578659214,0.1768568099606467
1721578660260,0.1768568099606467
1721578661267,0.17769898524617359
1721578662215,0.17769898524617359
1721578663253,0.17769898524617359
1721578664237,0.17769898524617359
1721578665212,0.17769898524617359
1721578666219,0.17769898524617359
1721578667208,0.17769898524617359
1721578668259,0.17854116053170047
1721578669220,0.17854116053170047
1721578670226,0.17854116053170047
1721578671230,0.17769898524617359
1721578672287,0.17769898524617359
1721578673272,0.17769898524617359
1721578674278,0.17854116053170047
1721578675264,0.17769898524617359
1721578676210,0.17854116053170047
1721578677256,0.17854116053170047
1721578678274,0.17854116053170047
1721578679251,0.17854116053170047
1721578680260,0.17854116053170047
1721578681255,0.17854116053170047
1721578682206,0.17896224817446393
1721578683214,0.17854116053170047
1721578684235,0.17854116053170047
1721578685278,0.17854116053170047
1721578686268,0.17896224817446393
1721578687269,0.17896224817446393
1721578688209,0.17896224817446393
1721578689228,0.17896224817446393
1721578690216,0.17896224817446393
1721578691208,0.17896224817446393
1721578692315,0.17896224817446393
1721578693258,0.1806465987455177
1721578694272,0.1806465987455177
1721578695267,0.1806465987455177
1721578696277,0.17896224817446393
1721578697261,0.17896224817446393
1721578698269,0.1806465987455177
1721578699272,0.17896224817446393
1721578700261,0.1806465987455177
1721578701251,0.1806465987455177
1721578702265,0.17896224817446393
1721578703235,0.1806465987455177
1721578704251,0.1806465987455177
1721578705271,0.1806465987455177
1721578706270,0.1806465987455177
1721578707265,0.1806465987455177
1721578708265,0.1806465987455177
1721578709282,0.1806465987455177
1721578710268,0.1806465987455177
1721578711276,0.1806465987455177
1721578712266,0.1814887740310446
1721578713271,0.1814887740310446
1721578714215,0.1814887740310446
1721578715246,0.1806465987455177
1721578716213,0.1814887740310446
1721578717218,0.1814887740310446
1721578718164,0.1806465987455177
1721578719262,0.18233094931657148
1721578720283,0.1814887740310446
1721578721261,0.1814887740310446
1721578722262,0.1814887740310446
1721578723254,0.1814887740310446
1721578724241,0.1806465987455177
1721578725324,0.1814887740310446
1721578727445,0.18233094931657148
1721578727445,0.1814887740310446
1721578728210,0.1814887740310446
1721578729280,0.1814887740310446
1721578730249,0.1814887740310446
1721578731248,0.1814887740310446
1721578732257,0.1814887740310446
1721578733242,0.1814887740310446
1721578734252,0.18233094931657148
1721578735281,0.1814887740310446
1721578736257,0.1814887740310446
1721578737248,0.1814887740310446
1721578738263,0.1814887740310446
1721578739245,0.1814887740310446
1721578740248,0.1814887740310446
1721578741265,0.18233094931657148
1721578742287,0.1814887740310446
1721578743258,0.1814887740310446
1721578744217,0.1814887740310446
1721578745220,0.1814887740310446
1721578746264,0.1814887740310446
1721578747263,0.1814887740310446
1721578748265,0.18233094931657148
1721578749258,0.18233094931657148
1721578750216,0.1814887740310446
1721578751221,0.1814887740310446
1721578752251,0.1814887740310446
1721578753249,0.1814887740310446
1721578754263,0.18233094931657148
1721578755249,0.18233094931657148
1721578756259,0.1814887740310446
1721578757273,0.1814887740310446
1721578758259,0.1814887740310446
1721578759265,0.18233094931657148
1721578760271,0.18233094931657148
1721578761258,0.18233094931657148
1721578762258,0.18233094931657148
1721578763270,0.18233094931657148
1721578764255,0.18233094931657148
1721578765262,0.18233094931657148
1721578766267,0.18233094931657148
1721578767248,0.18233094931657148
1721578768261,0.18233094931657148
1721578769270,0.18233094931657148
1721578770258,0.18233094931657148
1721578771216,0.18233094931657148
1721578772220,0.18233094931657148
1721578773274,0.18233094931657148
1721578774276,0.18233094931657148
1721578775275,0.18233094931657148
1721578776271,0.18233094931657148
1721578777275,0.18233094931657148
1721578778270,0.18233094931657148
1721578779251,0.18233094931657148
1721578780256,0.18233094931657148
1721578781262,0.18233094931657148
1721578782259,0.18233094931657148
1721578783258,0.18233094931657148
1721578784283,0.18233094931657148
1721578785215,0.18233094931657148
1721578786220,0.18233094931657148
1721578787225,0.18233094931657148
1721578788212,0.18233094931657148
1721578789171,0.18233094931657148
1721578790218,0.18233094931657148
1721578791214,0.18317312460209836
1721578792215,0.18317312460209836
1721578793219,0.18317312460209836
1721578794215,0.18317312460209836
1721578795216,0.18317312460209836
1721578796223,0.18317312460209836
1721578797215,0.18317312460209836
1721578798221,0.18233094931657148
1721578799224,0.18317312460209836
1721578800214,0.18233094931657148
1721578801221,0.18233094931657148
1721578802226,0.18317312460209836
1721578803213,0.18317312460209836
1721578804221,0.18233094931657148
1721578805225,0.18233094931657148
1721578806244,0.18317312460209836
1721578807234,0.18317312460209836
1721578808225,0.18317312460209836
1721578809213,0.18317312460209836
1721578810219,0.18401529988762524
1721578811224,0.18317312460209836
1721578812214,0.18233094931657148
1721578813216,0.18317312460209836
1721578814220,0.18401529988762524
1721578815210,0.18401529988762524
1721578816215,0.18317312460209836
1721578817224,0.18401529988762524
1721578818212,0.18401529988762524
1721578819216,0.18401529988762524
1721578820224,0.18401529988762524
1721578821209,0.18317312460209836
1721578822211,0.18317312460209836
1721578823220,0.18401529988762524
1721578824213,0.18401529988762524
1721578825219,0.18401529988762524
1721578826224,0.18401529988762524
1721578827212,0.18401529988762524
1721578828237,0.18401529988762524
1721578829225,0.18401529988762524
1721578830213,0.18401529988762524
1721578831219,0.18401529988762524
1721578832224,0.18401529988762524
1721578833214,0.18401529988762524
1721578834216,0.18401529988762524
1721578835225,0.18401529988762524
1721578836213,0.18401529988762524
1721578837210,0.18401529988762524
1721578838224,0.18401529988762524
1721578839213,0.18401529988762524
1721578840218,0.18401529988762524
1721578841226,0.18401529988762524
1721578842215,0.18401529988762524
1721578843218,0.18401529988762524
1721578844223,0.18401529988762524
1721578845244,0.18401529988762524
1721578846221,0.18401529988762524
1721578847208,0.18401529988762524
1721578848213,0.18401529988762524
1721578849188,0.18401529988762524
1721578850206,0.18401529988762524
1721578851225,0.18401529988762524
1721578852216,0.18317312460209836
1721578853206,0.18401529988762524
1721578854213,0.18569965045867903
1721578855219,0.18401529988762524
1721578856222,0.18569965045867903
1721578857231,0.18569965045867903
1721578858217,0.18401529988762524
1721578859224,0.18401529988762524
1721578860212,0.18401529988762524
1721578861476,0.18401529988762524
1721578862389,0.18401529988762524
1721578863604,0.18401529988762524
1721578864280,0.18401529988762524
1721578865227,0.18401529988762524
1721578866258,0.18401529988762524
1721578868836,0.18401529988762524
1721578868836,0.18401529988762524
1721578869285,0.18401529988762524
1721578870366,0.18401529988762524
1721578871221,0.18401529988762524
1721578872497,0.18401529988762524
1721578873281,0.18401529988762524
1721578874221,0.18401529988762524
1721578875241,0.18569965045867903
1721578876335,0.18569965045867903
1721578877253,0.18569965045867903
1721578878212,0.18569965045867903
1721578879263,0.18569965045867903
1721578880240,0.18401529988762524
1721578881286,0.18569965045867903
1721578882541,0.18401529988762524
1721578883494,0.18401529988762524
1721578884329,0.18569965045867903
1721578885229,0.18569965045867903
1721578886234,0.18401529988762524
1721578887210,0.18401529988762524
1721578888230,0.18401529988762524
1721578889223,0.18401529988762524
1721578890301,0.18401529988762524
1721578891217,0.18401529988762524
1721578892237,0.18401529988762524
1721578893210,0.18569965045867903
1721578894215,0.18569965045867903
1721578895238,0.18569965045867903
1721578896215,0.18569965045867903
1721578897219,0.18569965045867903
1721578898220,0.18401529988762524
1721578899209,0.18569965045867903
1721578900215,0.18569965045867903
1721578901223,0.18401529988762524
1721578902213,0.18401529988762524
1721578903233,0.18401529988762524
1721578904221,0.18401529988762524
1721578905225,0.18569965045867903
1721578906216,0.18569965045867903
1721578907222,0.18569965045867903
1721578908213,0.18401529988762524
1721578909290,0.18401529988762524
1721578910220,0.18401529988762524
1721578911209,0.18401529988762524
1721578912215,0.18401529988762524
1721578913238,0.18401529988762524
1721578914215,0.18401529988762524
1721578915248,0.18569965045867903
1721578916221,0.18401529988762524
1721578917209,0.18401529988762524
1721578918217,0.18401529988762524
1721578919221,0.18401529988762524
1721578920227,0.18401529988762524
1721578921218,0.18401529988762524
1721578922249,0.18317312460209836
1721578923225,0.18317312460209836
1721578924229,0.18401529988762524
1721578925220,0.18401529988762524
1721578926213,0.18401529988762524
1721578927232,0.18401529988762524
1721578928254,0.18401529988762524
1721578929211,0.18401529988762524
1721578930216,0.18401529988762524
1721578931235,0.18317312460209836
1721578932257,0.18317312460209836
1721578933217,0.18317312460209836
1721578934225,0.18401529988762524
1721578935300,0.18401529988762524
1721578936364,0.18317312460209836
1721578937220,0.18317312460209836
1721578938241,0.18317312460209836
1721578939247,0.18317312460209836
1721578940269,0.18233094931657148
1721578941270,0.18233094931657148
1721578942216,0.18317312460209836
1721578943220,0.18317312460209836
1721578944212,0.18317312460209836
1721578945233,0.18233094931657148
1721578946238,0.18233094931657148
1721578947183,0.18233094931657148
1721578948188,0.18317312460209836
1721578949221,0.18233094931657148
1721578950213,0.18233094931657148
1721578951217,0.18233094931657148
1721578952239,0.18233094931657148
1721578953209,0.18233094931657148
1721578954230,0.18233094931657148
1721578955221,0.18233094931657148
1721578956259,0.18233094931657148
1721578957237,0.18233094931657148
1721578958272,0.18233094931657148
1721578959210,0.18233094931657148
1721578960220,0.1814887740310446
1721578961221,0.1814887740310446
1721578962212,0.18233094931657148
1721578963217,0.1814887740310446
1721578964235,0.1814887740310446
1721578965211,0.1814887740310446
1721578966230,0.1814887740310446
1721578967220,0.1806465987455177
1721578968215,0.1806465987455177
1721578969217,0.1806465987455177
1721578970268,0.1814887740310446
1721578973055,0.1814887740310446
1721578973056,0.1814887740310446
1721578973193,0.1814887740310446
1721578974211,0.1806465987455177
1721578975233,0.1814887740310446
1721578976297,0.1814887740310446
1721578977225,0.1806465987455177
1721578978259,0.1806465987455177
1721578979415,0.1806465987455177
1721578980212,0.17896224817446393
1721578981231,0.1806465987455177
1721578982223,0.1806465987455177
1721578983226,0.1806465987455177
1721578984230,0.17896224817446393
1721578985219,0.17896224817446393
1721578986228,0.1806465987455177
1721578987218,0.1806465987455177
1721578988238,0.17896224817446393
1721578989226,0.17896224817446393
1721578990230,0.17896224817446393
1721578991219,0.17854116053170047
1721578992229,0.17854116053170047
1721578993277,0.17896224817446393
1721578994223,0.17896224817446393
1721578995225,0.17854116053170047
1721578996215,0.17854116053170047
1721578997219,0.17854116053170047
1721578998227,0.17854116053170047
1721578999218,0.17896224817446393
1721579000224,0.17854116053170047
1721579001227,0.17854116053170047
1721579002290,0.17854116053170047
1721579003220,0.17769898524617359
1721579004288,0.17769898524617359
1721579005220,0.17854116053170047
1721579006221,0.17769898524617359
1721579007225,0.17769898524617359
1721579008214,0.17769898524617359
1721579009220,0.17769898524617359
1721579010229,0.17854116053170047
1721579011232,0.1768568099606467
1721579012223,0.17769898524617359
1721579013226,0.17769898524617359
1721579014215,0.1768568099606467
1721579015251,0.17769898524617359
1721579016229,0.1768568099606467
1721579017217,0.17769898524617359
1721579018374,0.1768568099606467
1721579019224,0.17769898524617359
1721579020229,0.17769898524617359
1721579021278,0.1768568099606467
1721579022348,0.1768568099606467
1721579023218,0.1768568099606467
1721579024238,0.1760146346751198
1721579025254,0.1760146346751198
1721579026214,0.1768568099606467
1721579027249,0.1768568099606467
1721579028260,0.1768568099606467
1721579029337,0.1768568099606467
1721579030237,0.1760146346751198
1721579031225,0.1760146346751198
1721579032274,0.1760146346751198
1721579033234,0.1768568099606467
1721579034227,0.1760146346751198
1721579035216,0.1760146346751198
1721579036251,0.1760146346751198
1721579037253,0.1760146346751198
1721579038214,0.1760146346751198
1721579039219,0.17517245938959292
1721579040241,0.1760146346751198
1721579041236,0.1760146346751198
1721579042239,0.17517245938959292
1721579043226,0.17517245938959292
1721579044230,0.17517245938959292
1721579045219,0.17517245938959292
1721579046224,0.17517245938959292
1721579047249,0.17517245938959292
1721579048238,0.17517245938959292
1721579049243,0.17517245938959292
1721579050335,0.17517245938959292
1721579051215,0.17517245938959292
1721579053036,0.17348810881853916
1721579053324,0.17517245938959292
1721579054238,0.17517245938959292
1721579055242,0.17517245938959292
1721579056214,0.17517245938959292
1721579057251,0.17348810881853916
1721579058225,0.17348810881853916
1721579059218,0.17348810881853916
1721579060253,0.17348810881853916
1721579061227,0.17264593353301225
1721579062230,0.17348810881853916
1721579063218,0.17264593353301225
1721579064225,0.17348810881853916
1721579065232,0.17264593353301225
1721579066237,0.17348810881853916
1721579067242,0.17264593353301225
1721579068215,0.17264593353301225
1721579069220,0.17348810881853916
1721579070254,0.17348810881853916
1721579071218,0.17264593353301225
1721579072222,0.17264593353301225
1721579073227,0.17264593353301225
1721579074243,0.17348810881853916
1721579075250,0.17264593353301225
1721579076224,0.17264593353301225
1721579077218,0.17264593353301225
1721579078219,0.17180375824748537
1721579079226,0.17180375824748537
1721579080217,0.17180375824748537
1721579081219,0.17180375824748537
1721579082225,0.17264593353301225
1721579083216,0.17264593353301225
1721579084236,0.17180375824748537
1721579085228,0.17180375824748537
1721579086213,0.17180375824748537
1721579087219,0.17180375824748537
1721579088240,0.17096158296195849
1721579089219,0.17264593353301225
1721579090239,0.17180375824748537
1721579091240,0.17180375824748537
1721579092230,0.17180375824748537
1721579093234,0.17096158296195849
1721579094224,0.17096158296195849
1721579095218,0.17096158296195849
1721579096223,0.17180375824748537
1721579097184,0.17096158296195849
1721579098216,0.17096158296195849
1721579099249,0.17096158296195849
1721579100254,0.17096158296195849
1721579101261,0.17096158296195849
1721579102256,0.17011940767643158
1721579103228,0.17096158296195849
1721579104364,0.17096158296195849
1721579105264,0.17096158296195849
1721579106223,0.17011940767643158
1721579107217,0.17011940767643158
1721579108222,0.17011940767643158
1721579109224,0.17096158296195849
1721579110229,0.17011940767643158
1721579111220,0.17011940767643158
1721579112301,0.17011940767643158
1721579113263,0.17011940767643158
1721579114267,0.1692772323909047
1721579115185,0.16369683103627386
1721579116212,0.1645112431309817
1721579117235,0.1645112431309817
1721579118237,0.1645112431309817
1721579119217,0.16369683103627386
1721579120235,0.16369683103627386
1721579121227,0.1645112431309817
1721579122214,0.16369683103627386
1721579123219,0.16369683103627386
1721579124223,0.16369683103627386
1721579125173,0.16369683103627386
1721579126236,0.1620680068468582
1721579127230,0.1620680068468582
1721579128213,0.1620680068468582
1721579129219,0.16369683103627386
1721579130224,0.1620680068468582
1721579131217,0.1620680068468582
1721579132228,0.1620680068468582
1721579133243,0.1620680068468582
1721579134257,0.1620680068468582
1721579135235,0.1616608007995043
1721579136404,0.1620680068468582
1721579137248,0.1620680068468582
1721579138267,0.1616608007995043
1721579139226,0.1616608007995043
1721579140320,0.1616608007995043
1721579141220,0.1616608007995043
1721579142225,0.1616608007995043
1721579143232,0.1616608007995043
1721579144239,0.1616608007995043
1721579145257,0.1616608007995043
1721579146214,0.16084638870479645
1721579147310,0.1616608007995043
1721579148224,0.1616608007995043
1721579149217,0.16084638870479645
1721579150222,0.16084638870479645
1721579151244,0.16084638870479645
1721579152214,0.16003197661008864
1721579153217,0.16003197661008864
1721579154299,0.16084638870479645
1721579155216,0.16084638870479645
1721579156220,0.16084638870479645
1721579157272,0.16084638870479645
1721579158214,0.16003197661008864
1721579159279,0.16003197661008864
1721579160240,0.16003197661008864
1721579162181,0.16003197661008864
1721579162298,0.16003197661008864
1721579163378,0.16003197661008864
1721579164244,0.16003197661008864
1721579165220,0.1592175645153808
1721579166223,0.1592175645153808
1721579167240,0.1592175645153808
1721579168237,0.16003197661008864
1721579169360,0.15840315242067296
1721579170213,0.15840315242067296
1721579171220,0.1592175645153808
1721579172255,0.1592175645153808
1721579173216,0.1592175645153808
1721579174289,0.1592175645153808
1721579175266,0.1592175645153808
1721579176354,0.1592175645153808
1721579177376,0.1592175645153808
1721579178264,0.15840315242067296
1721579179292,0.15840315242067296
1721579180255,0.15840315242067296
1721579181273,0.15840315242067296
1721579182249,0.15840315242067296
1721579183255,0.1567743282312573
1721579184254,0.15840315242067296
1721579185249,0.15840315242067296
1721579186268,0.15840315242067296
1721579187258,0.15840315242067296
1721579188218,0.1567743282312573
1721579189222,0.1567743282312573
1721579190259,0.15595991613654947
1721579191250,0.1567743282312573
1721579192265,0.1567743282312573
1721579193278,0.1567743282312573
1721579194330,0.15595991613654947
1721579195252,0.15595991613654947
1721579196259,0.15595991613654947
1721579197248,0.1567743282312573
1721579198255,0.15595991613654947
1721579199304,0.15595991613654947
1721579200382,0.15595991613654947
1721579201254,0.15514550404184163
1721579202289,0.15514550404184163
1721579203249,0.15514550404184163
1721579204249,0.15595991613654947
1721579205293,0.15514550404184163
1721579206250,0.15514550404184163
1721579207259,0.15514550404184163
1721579208266,0.15433109194713382
1721579209262,0.15514550404184163
1721579210325,0.15433109194713382
1721579211284,0.15514550404184163
1721579212307,0.15514550404184163
1721579213272,0.15433109194713382
1721579214292,0.15433109194713382
1721579215326,0.15433109194713382
1721579216260,0.15433109194713382
1721579217281,0.15351667985242598
1721579218325,0.15433109194713382
1721579219252,0.15433109194713382
1721579220260,0.15433109194713382
1721579221251,0.15351667985242598
1721579222303,0.15351667985242598
1721579223291,0.15351667985242598
1721579226036,0.15351667985242598
1721579226036,0.15351667985242598
1721579226183,0.15270226775771814
1721579227272,0.15351667985242598
1721579228267,0.15351667985242598
1721579230157,0.15270226775771814
1721579230292,0.15270226775771814
1721579231279,0.15270226775771814
1721579232273,0.1514806496156564
1721579233251,0.15270226775771814
1721579234250,0.15270226775771814
1721579235269,0.15270226775771814
1721579236291,0.15270226775771814
1721579237313,0.1514806496156564
1721579238261,0.1514806496156564
1721579239251,0.1514806496156564
1721579240271,0.1514806496156564
1721579241379,0.1514806496156564
1721579242250,0.1514806496156564
1721579243270,0.15066623752094857
1721579244302,0.15066623752094857
1721579245307,0.1514806496156564
1721579246259,0.1514806496156564
1721579247259,0.14985182542624076
1721579248311,0.15066623752094857
1721579249274,0.15066623752094857
1721579250276,0.15066623752094857
1721579251216,0.14985182542624076
1721579252265,0.14985182542624076
1721579253341,0.14985182542624076
1721579254249,0.14903741333153292
1721579255407,0.14985182542624076
1721579256288,0.14985182542624076
1721579257253,0.14985182542624076
1721579258253,0.14985182542624076
1721579259396,0.14903741333153292
1721579260247,0.14903741333153292
1721579261254,0.14985182542624076
1721579262281,0.14903741333153292
1721579263253,0.14903741333153292
1721579264216,0.14903741333153292
1721579265257,0.14903741333153292
1721579266263,0.14822300123682508
1721579267253,0.14903741333153292
1721579268259,0.14822300123682508
1721579269251,0.14822300123682508
1721579270256,0.14822300123682508
1721579271261,0.14822300123682508
1721579272254,0.14740858914211727
1721579273270,0.14740858914211727
1721579274258,0.14822300123682508
1721579275250,0.14822300123682508
1721579276292,0.14822300123682508
1721579277258,0.14740858914211727
1721579278251,0.14740858914211727
1721579279330,0.14740858914211727
1721579280676,0.14740858914211727
1721579281249,0.1457797649527016
1721579282254,0.14740858914211727
1721579283876,0.14740858914211727
1721579284421,0.14740858914211727
1721579285491,0.14740858914211727
1721579286290,0.1457797649527016
1721579287441,0.1457797649527016
1721579288251,0.14740858914211727
1721579289263,0.1457797649527016
1721579290217,0.1457797649527016
1721579291233,0.1457797649527016
1721579292297,0.14496535285799378
1721579293250,0.1457797649527016
1721579294252,0.14496535285799378
1721579295279,0.14496535285799378
1721579296396,0.14496535285799378
1721579297252,0.14496535285799378
1721579298330,0.14496535285799378
1721579299242,0.14496535285799378
1721579300248,0.14496535285799378
1721579301305,0.14415094076328594
1721579302218,0.14415094076328594
1721579303260,0.14415094076328594
1721579304260,0.14415094076328594
1721579305247,0.14496535285799378
1721579306243,0.14415094076328594
1721579307257,0.14415094076328594
1721579308242,0.14415094076328594
1721579309251,0.14415094076328594
1721579310253,0.14415094076328594
1721579311266,0.1433365286685781
1721579312254,0.1433365286685781
1721579313261,0.1433365286685781
1721579314248,0.1433365286685781
1721579315251,0.1433365286685781
1721579316256,0.1433365286685781
1721579317279,0.14415094076328594
1721579318414,0.1433365286685781
1721579319289,0.1433365286685781
1721579320319,0.1433365286685781
1721579321499,0.1433365286685781
1721579322249,0.1425221165738703
1721579323245,0.1433365286685781
1721579324253,0.1433365286685781
1721579325282,0.1433365286685781
1721579326257,0.1433365286685781
1721579327328,0.1425221165738703
1721579328261,0.1425221165738703
1721579329267,0.1425221165738703
1721579330286,0.1408932923844546
1721579332257,0.1408932923844546
1721579332258,0.1408932923844546
1721579333347,0.1425221165738703
1721579334260,0.1425221165738703
1721579335395,0.1408932923844546
1721579336280,0.1408932923844546
1721579337294,0.1408932923844546
1721579338388,0.1408932923844546
1721579339314,0.1408932923844546
1721579340320,0.1404860863371007
1721579341246,0.1408932923844546
1721579342300,0.1404860863371007
1721579343563,0.1404860863371007
1721579344290,0.1408932923844546
1721579345285,0.1404860863371007
1721579347650,0.1404860863371007
1721579347651,0.1404860863371007
1721579348222,0.13967167424239288
1721579349263,0.1404860863371007
1721579350247,0.1404860863371007
1721579351254,0.13967167424239288
1721579352258,0.1404860863371007
1721579353249,0.1404860863371007
1721579354253,0.13967167424239288
1721579355225,0.1404860863371007
1721579356268,0.13967167424239288
1721579357255,0.13967167424239288
1721579358414,0.13967167424239288
1721579359364,0.13967167424239288
1721579360385,0.13967167424239288
1721579364587,0.13967167424239288
1721579364587,0.13967167424239288
1721579366847,0.13967167424239288
1721579366848,0.13967167424239288
1721579367074,0.13967167424239288
1721579367270,0.13967167424239288
1721579367360,0.13967167424239288
1721579368251,0.13885726214768504
1721579369236,0.13885726214768504
1721579370224,0.13885726214768504
1721579371213,0.1380428500529772
1721579372222,0.13885726214768504
1721579373262,0.13885726214768504
1721579374249,0.13885726214768504
1721579375255,0.13885726214768504
1721579376259,0.13885726214768504
1721579377250,0.1380428500529772
1721579378256,0.1380428500529772
1721579379258,0.1380428500529772
1721579380254,0.13885726214768504
1721579381254,0.1380428500529772
1721579382260,0.1380428500529772
1721579383246,0.1380428500529772
1721579384258,0.1380428500529772
1721579385226,0.1380428500529772
1721579386229,0.1380428500529772
1721579387220,0.1380428500529772
1721579388225,0.1372284379582694
1721579389215,0.1372284379582694
1721579390235,0.1372284379582694
1721579391259,0.1372284379582694
1721579392250,0.1372284379582694
1721579393251,0.1372284379582694
1721579394254,0.1372284379582694
1721579395249,0.1372284379582694
1721579396246,0.1380428500529772
1721579397247,0.1372284379582694
1721579398251,0.1372284379582694
1721579399272,0.1372284379582694
1721579400260,0.1372284379582694
1721579401264,0.1355996137688537
1721579402252,0.1372284379582694
1721579403299,0.1372284379582694
1721579404260,0.1372284379582694
1721579405419,0.1372284379582694
1721579406289,0.1372284379582694
1721579407265,0.1372284379582694
1721579408239,0.1355996137688537
1721579409278,0.1372284379582694
1721579410276,0.1372284379582694
1721579411258,0.1355996137688537
1721579412257,0.1372284379582694
1721579413231,0.1372284379582694
1721579414220,0.1355996137688537
1721579415226,0.1355996137688537
1721579416229,0.1355996137688537
1721579417220,0.1355996137688537
1721579418225,0.1355996137688537
1721579419270,0.1355996137688537
1721579420252,0.1355996137688537
1721579421255,0.1355996137688537
1721579422262,0.1355996137688537
1721579423251,0.1347852016741459
1721579424261,0.1372284379582694
1721579425262,0.1347852016741459
1721579426325,0.1355996137688537
1721579427621,0.1347852016741459
1721579428541,0.1355996137688537
1721579429221,0.1355996137688537
1721579430322,0.1372284379582694
1721579431245,0.1355996137688537
1721579432340,0.1355996137688537
1721579433224,0.1355996137688537
1721579434266,0.1355996137688537
1721579435188,0.1355996137688537
1721579436225,0.1355996137688537
1721579437264,0.1355996137688537
1721579438248,0.1355996137688537
1721579439178,0.1355996137688537
1721579440263,0.1355996137688537
1721579441258,0.1355996137688537
1721579442226,0.1347852016741459
1721579443308,0.1347852016741459
1721579444423,0.1347852016741459
1721579445397,0.1347852016741459
1721579446402,0.1347852016741459
1721579447393,0.1347852016741459
1721579448259,0.1355996137688537
1721579449371,0.1355996137688537
1721579450248,0.1355996137688537
1721579451264,0.1355996137688537
1721579452565,0.1355996137688537
1721579453519,0.1355996137688537
1721579454390,0.1355996137688537
1721579455261,0.1355996137688537
1721579456256,0.1355996137688537
1721579457270,0.1355996137688537
1721579458279,0.1355996137688537
1721579459253,0.1347852016741459
1721579460256,0.1355996137688537
1721579461266,0.1347852016741459
1721579462252,0.1347852016741459
1721579463255,0.1347852016741459
1721579464259,0.1347852016741459
1721579465257,0.1347852016741459
1721579466261,0.1347852016741459
1721579467265,0.1347852016741459
1721579468246,0.1347852016741459
1721579469261,0.1347852016741459
1721579470268,0.1347852016741459
1721579471250,0.1347852016741459
1721579472254,0.1355996137688537
1721579473231,0.1347852016741459
1721579474253,0.1347852016741459
1721579475257,0.1347852016741459
1721579476259,0.1347852016741459
1721579477262,0.1355996137688537
1721579478224,0.1347852016741459
1721579479229,0.1355996137688537
1721579480218,0.1355996137688537
1721579481225,0.1347852016741459
1721579482230,0.1347852016741459
1721579483217,0.1355996137688537
1721579484226,0.1347852016741459
1721579485256,0.1347852016741459
1721579486244,0.1347852016741459
1721579487252,0.1347852016741459
1721579488229,0.1347852016741459
1721579489218,0.1347852016741459
1721579490225,0.1347852016741459
1721579491244,0.1347852016741459
1721579492218,0.1347852016741459
1721579493258,0.1347852016741459
1721579494267,0.1347852016741459
1721579495248,0.1347852016741459
1721579496255,0.1347852016741459
1721579497262,0.1347852016741459
1721579498249,0.1347852016741459
1721579499257,0.1347852016741459
1721579500256,0.1347852016741459
1721579501251,0.1347852016741459
1721579502276,0.1347852016741459
1721579503267,0.1347852016741459
1721579504237,0.1347852016741459
1721579505299,0.1347852016741459
1721579506489,0.1347852016741459
1721579507256,0.1355996137688537
1721579508239,0.1347852016741459
1721579509228,0.1347852016741459
1721579510218,0.1347852016741459
1721579511224,0.1347852016741459
1721579512228,0.1347852016741459
1721579513235,0.1355996137688537
1721579514289,0.1355996137688537
1721579515254,0.1347852016741459
1721579516247,0.1355996137688537
1721579517260,0.1347852016741459
1721579518281,0.1347852016741459
1721579519270,0.1355996137688537
1721579520255,0.1355996137688537
1721579521265,0.1347852016741459
1721579522253,0.1355996137688537
1721579523263,0.1355996137688537
1721579524262,0.1355996137688537
1721579525277,0.1355996137688537
1721579526263,0.1355996137688537
1721579527284,0.1355996137688537
1721579528251,0.1355996137688537
1721579529258,0.1355996137688537
1721579530270,0.1355996137688537
1721579531250,0.1347852016741459
1721579532271,0.1355996137688537
1721579533265,0.1347852016741459
1721579534268,0.1347852016741459
1721579535275,0.1347852016741459
1721579536263,0.1347852016741459
1721579537251,0.1355996137688537
1721579538258,0.1347852016741459
1721579539322,0.1347852016741459
1721579540250,0.1347852016741459
1721579541270,0.1347852016741459
1721579542269,0.1347852016741459
1721579543284,0.1355996137688537
1721579544223,0.1347852016741459
1721579545245,0.1347852016741459
1721579546174,0.1355996137688537
1721579547224,0.1355996137688537
1721579548477,0.1347852016741459
1721579549255,0.1355996137688537
1721579550290,0.1347852016741459
1721579551260,0.1347852016741459
1721579552267,0.1347852016741459
1721579553272,0.1347852016741459
1721579554264,0.1347852016741459
1721579555264,0.1347852016741459
1721579556257,0.1347852016741459
1721579557268,0.1347852016741459
1721579558288,0.1347852016741459
1721579559296,0.1347852016741459
1721579560275,0.1347852016741459
1721579561252,0.1347852016741459
1721579562272,0.1355996137688537
1721579563261,0.1347852016741459
1721579564267,0.1347852016741459
1721579565263,0.1347852016741459
1721579566263,0.1355996137688537
1721579567287,0.1347852016741459
1721579568256,0.1355996137688537
1721579569278,0.1355996137688537
1721579570268,0.1355996137688537
1721579571257,0.1347852016741459
1721579572259,0.1347852016741459
1721579573266,0.1355996137688537
1721579574267,0.1355996137688537
1721579575276,0.1355996137688537
1721579576266,0.1347852016741459
1721579577274,0.1347852016741459
1721579578261,0.1355996137688537
1721579579266,0.1347852016741459
1721579580225,0.1347852016741459
1721579581229,0.1347852016741459
1721579582192,0.1347852016741459
1721579583258,0.1347852016741459
1721579584327,0.1347852016741459
1721579585270,0.1347852016741459
1721579586307,0.1347852016741459
1721579587265,0.1347852016741459
1721579588261,0.1347852016741459
1721579589260,0.1347852016741459
1721579590292,0.1347852016741459
1721579591234,0.1347852016741459
1721579593551,0.1347852016741459
1721579593551,0.1347852016741459
1721579594869,0.1347852016741459
1721579595260,0.1355996137688537
1721579596275,0.1347852016741459
1721579598622,0.1347852016741459
1721579598622,0.1347852016741459
1721579599291,0.1347852016741459
1721579600270,0.1347852016741459
1721579601273,0.1347852016741459
1721579602264,0.13397078957943806
1721579603329,0.1355996137688537
1721579604239,0.1355996137688537
1721579605244,0.1355996137688537
1721579606275,0.1347852016741459
1721579607260,0.1347852016741459
1721579608275,0.1347852016741459
1721579609347,0.1355996137688537
1721579610271,0.1355996137688537
1721579611227,0.1355996137688537
1721579612234,0.1355996137688537
1721579613257,0.1355996137688537
1721579614230,0.1355996137688537
1721579615267,0.1347852016741459
1721579616253,0.1355996137688537
1721579617261,0.1355996137688537
1721579618234,0.1347852016741459
1721579619239,0.1347852016741459
1721579620254,0.1347852016741459
1721579621228,0.1347852016741459
1721579622224,0.1347852016741459
1721579623259,0.1347852016741459
1721579624262,0.1347852016741459
1721579625223,0.1347852016741459
1721579626229,0.1347852016741459
1721579627233,0.1347852016741459
1721579628223,0.1347852016741459
1721579629230,0.13397078957943806
1721579630249,0.1347852016741459
1721579631264,0.1347852016741459
1721579632266,0.1347852016741459
1721579633233,0.1347852016741459
1721579634256,0.1355996137688537
1721579635228,0.1347852016741459
1721579636267,0.1355996137688537
1721579637256,0.1347852016741459
1721579638261,0.1347852016741459
1721579639268,0.1347852016741459
1721579640270,0.016288241894156605
1721579641284,0.0012216181420617452
1721579642266,4.072060473539151E-4
1721579643258,0.0028504423314774053
1721579644231,4.072060473539151E-4
1721579645273,0.003664854426185236
1721579646258,4.072060473539151E-4
1721579647265,0.0
1721579649258,4.072060473539151E-4
1721579650267,0.0
1721579651266,0.004479266520893066
1721579652253,0.0
1721579654270,4.072060473539151E-4
1721579655255,4.072060473539151E-4
1721579656259,0.0069225028050165565
1721579657266,0.0
1721579658256,0.017917066083572263
1721579659261,0.009365739089140047
1721579660268,0.010180151183847876
1721579661267,0.011401769325909621
1721579662264,0.004479266520893066
1721579663268,0.010587357231201792
1721579664224,0.006108090710308726
1721579665229,0.005293678615600896
1721579666232,0.0
1721583533339,0.0
1721583541606,0.0
1721583542642,0.0
1721583548471,0.0
1721583600163,0.0
1721583614531,0.0
1721583642114,0.0
1721583646793,0.0
1721583672694,0.0
1721583676881,0.0
1721583697793,0.0
1721583701485,0.0
1721583701793,0.0
1721583705793,0.0
1721583729625,0.0
1721583751400,0.0
1721584048413,0.0
1721584073143,0.0
1721584103185,0.0
1721584120941,0.0
1721584158635,0.0
1721584183254,0.0
1721584188423,0.0
1721584376178,0.0
1721584383528,0.0
1721584788128,0.0
1721584810322,0.0
1721584824102,0.0
1721584846397,0.0
1721585764018,0.0
1721585768352,0.0
1721585772352,0.0
1721585776352,0.0
1721585780352,0.0
1721585784352,0.0
1721585794100,0.0
1721585800352,0.0
1721585804352,0.0
1721585808352,0.0
1721585812352,0.0
1721585816352,0.0
1721585820352,0.0
1721585824166,0.0
1721585824352,0.0
1721585825583,0.0
1721585828352,0.0
1721586617501,0.0
1721586635452,0.0
1721586639452,0.0
1721586643452,0.0
1721586647452,0.0
1721586647590,0.0
1721586651452,0.0
1721586655452,0.0
1721586659452,0.0
1721586865770,0.0
1721586890482,0.0
1721586957404,0.0
1721586989435,0.0
1721587897063,0.0
1721587912927,0.0
1721587913961,0.0
1721587914996,0.0
1721587919406,0.0
1721589002424,0.0
1721589005865,0.0
1721589007549,0.0
1721589010865,0.0
1721589014865,0.0
1721589018865,0.0
1721589023865,0.0
1721589027032,0.0
1721589027865,0.0
1721589031865,0.0
1721589033198,0.0
1721589035865,0.0
1721589039865,0.0
1721589042469,0.0
1721589043865,0.0
1721589047597,0.0
1721589047865,0.0
1721589051865,0.0
1721589053759,0.0
1721589054798,0.0
1721589055865,0.0
1721589059865,0.0
1721589063865,0.0
1721589067865,0.0
1721589069108,0.0
1721589071865,0.0
1721589075865,0.0
1721589079865,0.0
1721589100606,0.0
1721589131590,0.0
1721589162592,0.0
1721589192618,0.0
1721589223592,0.0
1721589254575,0.0
1721589275865,0.0
1721589279865,0.0
1721589283865,0.0
1721589285599,0.0
1721589287865,0.0
1721589291865,0.0
1721589295865,0.0
1721589299865,0.0
1721589302205,0.0
1721589303865,0.0
1721589307865,0.0
1721589311865,0.0
1721589315865,0.0
1721589319865,0.0
1721589319937,0.0
1721589321963,0.0
1721589323865,0.0
1721589327865,0.0
1721589331865,0.0
1721589335865,0.0
1721589401651,0.0
1721589406520,0.0
1721589410520,0.0
1721589413628,0.0
1721589414520,0.0
1721589415698,0.0
1721589417721,0.0
1721589418520,0.0
1721589422520,0.0
1721589426520,0.0
1721589430520,0.0
1721589434520,0.0
1721589438520,0.0
1721589442520,0.0
1721589445488,0.0
1721589446520,0.0
1721589450520,0.0
1721589454520,0.0
1721589458520,0.0
1721589462520,0.0
1721589466520,0.0
1721589470520,0.0
1721589474520,0.0
1721589475276,0.0
1721589478520,0.0
1721589482520,0.0
1721589486520,0.0
1721589490520,0.0
1721589494520,0.0
1721589498520,0.0
1721589502520,0.0
1721589506520,0.0
1721589506599,0.0
1721589510520,0.0
1721589514520,0.0
1721589518520,0.0
1721589522520,0.0
1721589526520,0.0
1721589527607,0.0
1721589530520,0.0
1721589534520,0.0
1721589534959,0.0
1721589536979,0.0
1721589538520,0.0
1721589540086,0.0
1721589542520,0.0
1721589546520,0.0
1721589550520,0.0
1721589554520,0.0
1721589558520,0.0
1721589562520,0.0
1721589566520,0.0
1721589570119,0.0
1721589570520,0.0
1721589575520,0.0
1721589579520,0.0
1721589583520,0.0
1721589587520,0.0
1721589591520,0.0
1721589595520,0.0
1721589599520,0.0
1721589600162,0.0
1721589603520,0.0
1721589607520,0.0
1721589611520,0.0
1721589615520,0.0
1721589619520,0.0
1721589623520,0.0
1721589630213,0.0
1721589657520,0.0
1721590399657,0.0
1721590407541,0.0
1721590411541,0.0
1721590415541,0.0
1721590419541,0.0
1721590423541,0.0
1721590427541,0.0
1721590431541,0.0
1721590431586,0.0
1721590435541,0.0
1721590439541,0.0
1721590443541,0.0
1721590447541,0.0
1721590451541,0.0
1721590455541,0.0
1721590459541,0.0
1721590461623,0.0
1721590491663,0.0
1721590513749,0.0
1721590529541,0.0
1721590533541,0.0
1721590537541,0.0
1721591072745,0.0
1721591074566,0.0
1721591078566,0.0
1721591082566,0.0
1721591086566,0.0
1721591090566,0.0
1721591094566,0.0
1721591098566,0.0
1721591102566,0.0
1721591102827,0.0
1721591106566,0.0
1721591110566,0.0
1721591114566,0.0
1721591118566,0.0
1721591122566,0.0
1721591126566,0.0
1721591130566,0.0
1721591132885,0.0
1721591134566,0.0
1721591138566,0.0
1721591142566,0.0
1721591146566,0.0
1721591150566,0.0
1721591154566,0.0
1721591158566,0.0
1721591162566,0.0
1721591162928,0.0
1721591166566,0.0
1721591170566,0.0
1721591174566,0.0
1721591178566,0.0
1721591182566,0.0
1721591186566,0.0
1721591190566,0.0
1721591192989,0.0
1721591194566,0.0
1721591198566,0.0
1721591202566,0.0
1721591206566,0.0
1721591210566,0.0
1721591214566,0.0
1721591223032,0.0
1721591248566,0.0
1721591252566,0.0
1721591252963,0.0
1721591256566,0.0
1721591260566,0.0
1721591264566,0.0
1721591268566,0.0
1721591272566,0.0
1721592204108,0.0
1721592208578,0.0
1721592212578,0.0
1721592216578,0.0
1721592220578,0.0
1721592224578,0.0
1721592228578,0.0
1721592232578,0.0
1721592234168,0.0
1721592236578,0.0
1721592240578,0.0
1721592244578,0.0
1721592248578,0.0
1721592252578,0.0
1721592256578,0.0
1721592260578,0.0
1721592264213,0.0
1721592264578,0.0
1721592268578,0.0
1721592272578,0.0
1721592276578,0.0
1721592280578,0.0
1721592284578,0.0
1721592288578,0.0
1721592292578,0.0
1721592294271,0.0
1721592296578,0.0
1721592300578,0.0
1721592304578,0.0
1721592308578,0.0
1721592312578,0.0
1721592316578,0.0
1721592320578,0.0
1721592324332,0.0
1721592324578,0.0
1721592328578,0.0
1721592332578,0.0
1721592336578,0.0
1721592340578,0.0
1721592344578,0.0
1721592348578,0.0
1721592352578,0.0
1721592354394,0.0
1721592356578,0.0
1721592360578,0.0
1721592364578,0.0
1721592368578,0.0
1721592372578,0.0
1721592376578,0.0
1721592380578,0.0
1721592384452,0.0
1721592384578,0.0
1721592388578,0.0
1721592392578,0.0
1721592396578,0.0
1721592400578,0.0
1721592404578,0.0
1721592408578,0.0
1721592412578,0.0
1721592415613,0.0
1721592416578,0.0
1721592420578,0.0
1721592424578,0.0
1721592428578,0.0
1721592432578,0.0
1721592436578,0.0
1721592440578,0.0
1721592444578,0.0
1721592446618,0.0
1721592448578,0.0
1721592452578,0.0
1721592456578,0.0
1721592460578,0.0
1721592464578,0.0
1721592468578,0.0
1721592472578,0.0
1721592476578,0.0
1721592477613,0.0
1721592480578,0.0
1721592484578,0.0
1721592488578,0.0
1721592492578,0.0
1721592496578,0.0
1721592500578,0.0
1721592504578,0.0
1721592507692,0.0
1721592508578,0.0
1721592512578,0.0
1721592516578,0.0
1721592520578,0.0
1721592524578,0.0
1721592528578,0.0
1721592532578,0.0
1721592536578,0.0
1721592537784,0.0
1721592540578,0.0
1721592544578,0.0
1721592548578,0.0
1721592552578,0.0
1721592556578,0.0
1721592560578,0.0
1721592564578,0.0
1721592567839,0.0
1721592568578,0.0
1721592572578,0.0
1721592576578,0.0
1721592580578,0.0
1721592584578,0.0
1721592588578,0.0
1721592592578,0.0
1721592596578,0.0
1721592597909,0.0
1721592600578,0.0
1721592604578,0.0
1721592608578,0.0
1721592612578,0.0
1721592616578,0.0
1721592620578,0.0
1721592624578,0.0
1721592627976,0.0
1721592628578,0.0
1721592632578,0.0
1721592636578,0.0
1721592640578,0.0
1721592644578,0.0
1721592648578,0.0
1721592652578,0.0
1721592656578,0.0
1721592658038,0.0
1721592660578,0.0
1721592664578,0.0
1721592668578,0.0
1721592672578,0.0
1721592676578,0.0
1721592680578,0.0
1721592684578,0.0
1721592688103,0.0
1721592688578,0.0
1721592692578,0.0
1721592696578,0.0
1721592700578,0.0
1721592704578,0.0
1721592708578,0.0
1721592712578,0.0
1721592716578,0.0
1721592718160,0.0
1721592720578,0.0
1721592724578,0.0
1721592728578,0.0
1721592732578,0.0
1721592736578,0.0
1721592740578,0.0
1721592744578,0.0
1721592748227,0.0
1721592748578,0.0
1721592752578,0.0
1721592756578,0.0
1721592760578,0.0
1721592764578,0.0
1721592768578,0.0
1721592772578,0.0
1721592776578,0.0
1721592778296,0.0
1721592780578,0.0
1721592784578,0.0
1721592788578,0.0
1721592792578,0.0
1721592796578,0.0
1721592800578,0.0
1721592804578,0.0
1721592808352,0.0
1721592808578,0.0
1721592812578,0.0
1721592816578,0.0
1721592820578,0.0
1721592824578,0.0
1721592828578,0.0
1721592832578,0.0
1721592836578,0.0
1721592838417,0.0
1721592869562,0.0
1721592898578,0.0
1721592901572,0.0
1721592902578,0.0
1721592906578,0.0
1721592910578,0.0
1721592914578,0.0
1721592918578,0.0
1721592919258,0.0
1721592922578,0.0
1721592926578,0.0
